dataset,Condition,Self_role,Other_role,self_weight,other_weight,caseID,Self_utility_label_0,self_utility_label_1,Other_utility_label_0,other_utility_label_1,joint_utility_label_0,joint_utility_label_1,final_decision,self_utility,other utility,joint_utility,oracle_joint_utility,joint_regret,expected_joint_decision,direction_matches_final,selected_model_seed,model_self_utility,model_other_utility,self_v0_model_seed,other_v0_model_seed,self_v0_model_utility,final_model_self_sacrifice,negotiate_alignment,flag,avg_utility,Nash_utility,source_caseID,selection_alignment,selection_model_self_sacrifice,selection_score
acs_coverage,single,community_members,judges,"{""accuracy"":0.1,""tpr"":0.7,""tnr"":0.1,""local_consistency"":0.1}","{""accuracy"":0.7,""tpr"":0.1,""tnr"":0.1,""local_consistency"":0.1}",0,0.17802721088435375,0.8451633986928104,0.17802721088435375,0.8451633986928104,0.17802721088435375,0.8451633986928104,0,0.17802721088435375,0.17802721088435375,0.17802721088435375,0.8451633986928104,0.6671361878084567,,,1,0.4932844256827627,0.6641052964039326,,,,,,,0.17802721088435375,0.03169368781526216,907,self,0.03265134855480856,0.32111024334338995
acs_coverage,self_optimal,community_members,judges,"{""accuracy"":0.1,""tpr"":0.7,""tnr"":0.1,""local_consistency"":0.1}","{""accuracy"":0.7,""tpr"":0.1,""tnr"":0.1,""local_consistency"":0.1}",0,0.17802721088435375,0.8451633986928104,0.17802721088435375,0.8451633986928104,0.17802721088435375,0.8451633986928104,1,0.8451633986928104,0.8451633986928104,0.8451633986928104,0.8451633986928104,0,,,393,0.6818884599157612,0.6433706799224078,,,,,,,0.8451633986928104,0.7143011704899824,907,self,0.03265134855480856,0.32111024334338995
acs_coverage,multi_optimal,community_members,judges,"{""accuracy"":0.1,""tpr"":0.7,""tnr"":0.1,""local_consistency"":0.1}","{""accuracy"":0.7,""tpr"":0.1,""tnr"":0.1,""local_consistency"":0.1}",0,0.17802721088435375,0.8451633986928104,0.17802721088435375,0.8451633986928104,0.17802721088435375,0.8451633986928104,1,0.8451633986928104,0.8451633986928104,0.8451633986928104,0.8451633986928104,0,,,393,0.6818884599157612,0.6433706799224078,,,,,,,0.8451633986928104,0.7143011704899824,907,self,0.03265134855480856,0.32111024334338995
acs_coverage,aggregate,community_members,judges,"{""accuracy"":0.1,""tpr"":0.7,""tnr"":0.1,""local_consistency"":0.1}","{""accuracy"":0.7,""tpr"":0.1,""tnr"":0.1,""local_consistency"":0.1}",0,0.17802721088435375,0.8451633986928104,0.17802721088435375,0.8451633986928104,0.17802721088435375,0.8451633986928104,1,0.8451633986928104,0.8451633986928104,0.8451633986928104,0.8451633986928104,0,,,,,,,,,,,,0.8451633986928104,0.7143011704899824,907,self,0.03265134855480856,0.32111024334338995
acs_coverage,negotiate,community_members,judges,"{""accuracy"":0.1,""tpr"":0.7,""tnr"":0.1,""local_consistency"":0.1}","{""accuracy"":0.7,""tpr"":0.1,""tnr"":0.1,""local_consistency"":0.1}",0,0.17802721088435375,0.8451633986928104,0.17802721088435375,0.8451633986928104,0.17802721088435375,0.8451633986928104,1,0.8451633986928104,0.8451633986928104,0.8451633986928104,0.8451633986928104,0,1,1,385,0.6492371113609526,0.686325845159557,393,69,0.6818884599157612,0.03265134855480856,self,,0.8451633986928104,0.7143011704899824,907,self,0.03265134855480856,0.32111024334338995
acs_coverage,single,community_members,judges,"{""accuracy"":0.1,""tpr"":0.7,""tnr"":0.1,""local_consistency"":0.1}","{""accuracy"":0.7,""tpr"":0.1,""tnr"":0.1,""local_consistency"":0.1}",1,0.18511111111111112,0.8343999999999999,0.18511111111111112,0.8343999999999999,0.18511111111111112,0.8343999999999999,0,0.18511111111111112,0.18511111111111112,0.18511111111111112,0.8343999999999999,0.6492888888888888,,,1,0.5132844256827627,0.6841052964039325,,,,,,,0.18511111111111112,0.03426612345679012,913,self,0.018662334509474077,0.31848036410328756
acs_coverage,self_optimal,community_members,judges,"{""accuracy"":0.1,""tpr"":0.7,""tnr"":0.1,""local_consistency"":0.1}","{""accuracy"":0.7,""tpr"":0.1,""tnr"":0.1,""local_consistency"":0.1}",1,0.18511111111111112,0.8343999999999999,0.18511111111111112,0.8343999999999999,0.18511111111111112,0.8343999999999999,1,0.8343999999999999,0.8343999999999999,0.8343999999999999,0.8343999999999999,0,,,393,0.6585551265824279,0.6200373465890745,,,,,,,0.8343999999999999,0.6962233599999998,913,self,0.018662334509474077,0.31848036410328756
acs_coverage,multi_optimal,community_members,judges,"{""accuracy"":0.1,""tpr"":0.7,""tnr"":0.1,""local_consistency"":0.1}","{""accuracy"":0.7,""tpr"":0.1,""tnr"":0.1,""local_consistency"":0.1}",1,0.18511111111111112,0.8343999999999999,0.18511111111111112,0.8343999999999999,0.18511111111111112,0.8343999999999999,1,0.8343999999999999,0.8343999999999999,0.8343999999999999,0.8343999999999999,0,,,393,0.6585551265824279,0.6200373465890745,,,,,,,0.8343999999999999,0.6962233599999998,913,self,0.018662334509474077,0.31848036410328756
acs_coverage,aggregate,community_members,judges,"{""accuracy"":0.1,""tpr"":0.7,""tnr"":0.1,""local_consistency"":0.1}","{""accuracy"":0.7,""tpr"":0.1,""tnr"":0.1,""local_consistency"":0.1}",1,0.18511111111111112,0.8343999999999999,0.18511111111111112,0.8343999999999999,0.18511111111111112,0.8343999999999999,1,0.8343999999999999,0.8343999999999999,0.8343999999999999,0.8343999999999999,0,,,,,,,,,,,,0.8343999999999999,0.6962233599999998,913,self,0.018662334509474077,0.31848036410328756
acs_coverage,negotiate,community_members,judges,"{""accuracy"":0.1,""tpr"":0.7,""tnr"":0.1,""local_consistency"":0.1}","{""accuracy"":0.7,""tpr"":0.1,""tnr"":0.1,""local_consistency"":0.1}",1,0.18511111111111112,0.8343999999999999,0.18511111111111112,0.8343999999999999,0.18511111111111112,0.8343999999999999,1,0.8343999999999999,0.8343999999999999,0.8343999999999999,0.8343999999999999,0,1,1,534,0.6398927920729538,0.6632560356754796,393,139,0.6585551265824279,0.018662334509474077,self,,0.8343999999999999,0.6962233599999998,913,self,0.018662334509474077,0.31848036410328756
acs_coverage,single,community_members,defendants,"{""accuracy"":0.1,""tpr"":0.7,""tnr"":0.1,""local_consistency"":0.1}","{""accuracy"":0.1,""tpr"":0.1,""tnr"":0.7,""local_consistency"":0.1}",2,0.2955416666666667,0.7171666666666666,0.8955416666666666,0.11716666666666667,0.5955416666666666,0.41716666666666663,1,0.7171666666666666,0.11716666666666667,0.41716666666666663,0.5955416666666666,0.178375,,,1,0.7139583333333335,0.15681547619047623,,,,,,,0.41716666666666663,0.08402802777777778,6,other,0.14763888888888899,0.4159347677951387
acs_coverage,self_optimal,community_members,defendants,"{""accuracy"":0.1,""tpr"":0.7,""tnr"":0.1,""local_consistency"":0.1}","{""accuracy"":0.1,""tpr"":0.1,""tnr"":0.7,""local_consistency"":0.1}",2,0.2955416666666667,0.7171666666666666,0.8955416666666666,0.11716666666666667,0.5955416666666666,0.41716666666666663,1,0.7171666666666666,0.11716666666666667,0.41716666666666663,0.5955416666666666,0.178375,,,1,0.7139583333333335,0.15681547619047623,,,,,,,0.41716666666666663,0.08402802777777778,6,other,0.14763888888888899,0.4159347677951387
acs_coverage,multi_optimal,community_members,defendants,"{""accuracy"":0.1,""tpr"":0.7,""tnr"":0.1,""local_consistency"":0.1}","{""accuracy"":0.1,""tpr"":0.1,""tnr"":0.7,""local_consistency"":0.1}",2,0.2955416666666667,0.7171666666666666,0.8955416666666666,0.11716666666666667,0.5955416666666666,0.41716666666666663,1,0.7171666666666666,0.11716666666666667,0.41716666666666663,0.5955416666666666,0.178375,,,1,0.7139583333333335,0.15681547619047623,,,,,,,0.41716666666666663,0.08402802777777778,6,other,0.14763888888888899,0.4159347677951387
acs_coverage,aggregate,community_members,defendants,"{""accuracy"":0.1,""tpr"":0.7,""tnr"":0.1,""local_consistency"":0.1}","{""accuracy"":0.1,""tpr"":0.1,""tnr"":0.7,""local_consistency"":0.1}",2,0.2955416666666667,0.7171666666666666,0.8955416666666666,0.11716666666666667,0.5955416666666666,0.41716666666666663,1,0.7171666666666666,0.11716666666666667,0.41716666666666663,0.5955416666666666,0.178375,,,,,,,,,,,,0.41716666666666663,0.08402802777777778,6,other,0.14763888888888899,0.4159347677951387
acs_coverage,negotiate,community_members,defendants,"{""accuracy"":0.1,""tpr"":0.7,""tnr"":0.1,""local_consistency"":0.1}","{""accuracy"":0.1,""tpr"":0.1,""tnr"":0.7,""local_consistency"":0.1}",2,0.2955416666666667,0.7171666666666666,0.8955416666666666,0.11716666666666667,0.5955416666666666,0.41716666666666663,0,0.2955416666666667,0.8955416666666666,0.5955416666666666,0.5955416666666666,0,0,1,7,0.5663194444444445,0.875843253968254,1,2,0.7139583333333335,0.14763888888888899,other,,0.5955416666666666,0.2646698767361111,6,other,0.14763888888888899,0.4159347677951387
acs_coverage,single,community_members,judges,"{""accuracy"":0.1,""tpr"":0.7,""tnr"":0.1,""local_consistency"":0.1}","{""accuracy"":0.7,""tpr"":0.1,""tnr"":0.1,""local_consistency"":0.1}",3,0.19757246376811594,0.8204166666666666,0.19757246376811594,0.8204166666666666,0.19757246376811594,0.8204166666666666,0,0.19757246376811594,0.19757246376811594,0.19757246376811594,0.8204166666666666,0.6228442028985506,,,1,0.514910879102738,0.6552161363101998,,,,,,,0.19757246376811594,0.03903487843940348,630,self,0.0,0.31422320785089786
acs_coverage,self_optimal,community_members,judges,"{""accuracy"":0.1,""tpr"":0.7,""tnr"":0.1,""local_consistency"":0.1}","{""accuracy"":0.7,""tpr"":0.1,""tnr"":0.1,""local_consistency"":0.1}",3,0.19757246376811594,0.8204166666666666,0.19757246376811594,0.8204166666666666,0.19757246376811594,0.8204166666666666,1,0.8204166666666666,0.8204166666666666,0.8204166666666666,0.8204166666666666,0,,,173,0.7295485675122688,0.5427198507231226,,,,,,,0.8204166666666666,0.6730835069444443,630,self,0.0,0.31422320785089786
acs_coverage,multi_optimal,community_members,judges,"{""accuracy"":0.1,""tpr"":0.7,""tnr"":0.1,""local_consistency"":0.1}","{""accuracy"":0.7,""tpr"":0.1,""tnr"":0.1,""local_consistency"":0.1}",3,0.19757246376811594,0.8204166666666666,0.19757246376811594,0.8204166666666666,0.19757246376811594,0.8204166666666666,1,0.8204166666666666,0.8204166666666666,0.8204166666666666,0.8204166666666666,0,,,173,0.7295485675122688,0.5427198507231226,,,,,,,0.8204166666666666,0.6730835069444443,630,self,0.0,0.31422320785089786
acs_coverage,aggregate,community_members,judges,"{""accuracy"":0.1,""tpr"":0.7,""tnr"":0.1,""local_consistency"":0.1}","{""accuracy"":0.7,""tpr"":0.1,""tnr"":0.1,""local_consistency"":0.1}",3,0.19757246376811594,0.8204166666666666,0.19757246376811594,0.8204166666666666,0.19757246376811594,0.8204166666666666,1,0.8204166666666666,0.8204166666666666,0.8204166666666666,0.8204166666666666,0,,,,,,,,,,,,0.8204166666666666,0.6730835069444443,630,self,0.0,0.31422320785089786
acs_coverage,negotiate,community_members,judges,"{""accuracy"":0.1,""tpr"":0.7,""tnr"":0.1,""local_consistency"":0.1}","{""accuracy"":0.7,""tpr"":0.1,""tnr"":0.1,""local_consistency"":0.1}",3,0.19757246376811594,0.8204166666666666,0.19757246376811594,0.8204166666666666,0.19757246376811594,0.8204166666666666,1,0.8204166666666666,0.8204166666666666,0.8204166666666666,0.8204166666666666,0,1,1,173,0.7295485675122688,0.5427198507231226,173,15,0.7295485675122688,0,self,,0.8204166666666666,0.6730835069444443,630,self,0.0,0.31422320785089786
acs_coverage,single,community_members,fairness_advocates,"{""accuracy"":0.1,""tpr"":0.7,""tnr"":0.1,""local_consistency"":0.1}","{""accuracy"":0.1,""tpr"":0.1,""tnr"":0.1,""local_consistency"":0.7}",4,0.2991666666666667,0.7040833333333333,0.8941666666666666,0.12858333333333333,0.5966666666666667,0.41633333333333333,0,0.2991666666666667,0.8941666666666666,0.5966666666666667,0.5966666666666667,0,,,1,0.5215775457694046,0.8356759064251422,,,,,,,0.5966666666666667,0.2675048611111111,203,other,0.1099964981965712,0.335168417568381
acs_coverage,self_optimal,community_members,fairness_advocates,"{""accuracy"":0.1,""tpr"":0.7,""tnr"":0.1,""local_consistency"":0.1}","{""accuracy"":0.1,""tpr"":0.1,""tnr"":0.1,""local_consistency"":0.7}",4,0.2991666666666667,0.7040833333333333,0.8941666666666666,0.12858333333333333,0.5966666666666667,0.41633333333333333,1,0.7040833333333333,0.12858333333333333,0.41633333333333333,0.5966666666666667,0.18033333333333335,,,173,0.7295485675122688,0.3682370921024327,,,,,,,0.41633333333333333,0.09053338194444444,203,other,0.1099964981965712,0.335168417568381
acs_coverage,multi_optimal,community_members,fairness_advocates,"{""accuracy"":0.1,""tpr"":0.7,""tnr"":0.1,""local_consistency"":0.1}","{""accuracy"":0.1,""tpr"":0.1,""tnr"":0.1,""local_consistency"":0.7}",4,0.2991666666666667,0.7040833333333333,0.8941666666666666,0.12858333333333333,0.5966666666666667,0.41633333333333333,1,0.7040833333333333,0.12858333333333333,0.41633333333333333,0.5966666666666667,0.18033333333333335,,,173,0.7295485675122688,0.3682370921024327,,,,,,,0.41633333333333333,0.09053338194444444,203,other,0.1099964981965712,0.335168417568381
acs_coverage,aggregate,community_members,fairness_advocates,"{""accuracy"":0.1,""tpr"":0.7,""tnr"":0.1,""local_consistency"":0.1}","{""accuracy"":0.1,""tpr"":0.1,""tnr"":0.1,""local_consistency"":0.7}",4,0.2991666666666667,0.7040833333333333,0.8941666666666666,0.12858333333333333,0.5966666666666667,0.41633333333333333,1,0.7040833333333333,0.12858333333333333,0.41633333333333333,0.5966666666666667,0.18033333333333335,,,,,,,,,,,,0.41633333333333333,0.09053338194444444,203,other,0.1099964981965712,0.335168417568381
acs_coverage,negotiate,community_members,fairness_advocates,"{""accuracy"":0.1,""tpr"":0.7,""tnr"":0.1,""local_consistency"":0.1}","{""accuracy"":0.1,""tpr"":0.1,""tnr"":0.1,""local_consistency"":0.7}",4,0.2991666666666667,0.7040833333333333,0.8941666666666666,0.12858333333333333,0.5966666666666667,0.41633333333333333,0,0.2991666666666667,0.8941666666666666,0.5966666666666667,0.5966666666666667,0,0,1,447,0.6195520693156976,0.8752897742337303,173,116,0.7295485675122688,0.1099964981965712,other,,0.5966666666666667,0.2675048611111111,203,other,0.1099964981965712,0.335168417568381
acs_coverage,single,community_members,defendants,"{""accuracy"":0.1,""tpr"":0.7,""tnr"":0.1,""local_consistency"":0.1}","{""accuracy"":0.1,""tpr"":0.1,""tnr"":0.7,""local_consistency"":0.1}",5,0.27353951890034367,0.7388888888888888,0.8735395189003435,0.1388888888888889,0.5735395189003436,0.4388888888888889,0,0.27353951890034367,0.8735395189003435,0.5735395189003436,0.5735395189003436,0,,,1,0.4138375603864735,0.7297795893719808,,,,,,,0.5735395189003436,0.23894757974043765,221,other,0.08656551932367129,0.35671724033816427
acs_coverage,self_optimal,community_members,defendants,"{""accuracy"":0.1,""tpr"":0.7,""tnr"":0.1,""local_consistency"":0.1}","{""accuracy"":0.1,""tpr"":0.1,""tnr"":0.7,""local_consistency"":0.1}",5,0.27353951890034367,0.7388888888888888,0.8735395189003435,0.1388888888888889,0.5735395189003436,0.4388888888888889,1,0.7388888888888888,0.1388888888888889,0.4388888888888889,0.5735395189003436,0.13465063001145472,,,12,0.683977958937198,0.4651373792270532,,,,,,,0.4388888888888889,0.10262345679012345,221,other,0.08656551932367129,0.35671724033816427
acs_coverage,multi_optimal,community_members,defendants,"{""accuracy"":0.1,""tpr"":0.7,""tnr"":0.1,""local_consistency"":0.1}","{""accuracy"":0.1,""tpr"":0.1,""tnr"":0.7,""local_consistency"":0.1}",5,0.27353951890034367,0.7388888888888888,0.8735395189003435,0.1388888888888889,0.5735395189003436,0.4388888888888889,1,0.7388888888888888,0.1388888888888889,0.4388888888888889,0.5735395189003436,0.13465063001145472,,,12,0.683977958937198,0.4651373792270532,,,,,,,0.4388888888888889,0.10262345679012345,221,other,0.08656551932367129,0.35671724033816427
acs_coverage,aggregate,community_members,defendants,"{""accuracy"":0.1,""tpr"":0.7,""tnr"":0.1,""local_consistency"":0.1}","{""accuracy"":0.1,""tpr"":0.1,""tnr"":0.7,""local_consistency"":0.1}",5,0.27353951890034367,0.7388888888888888,0.8735395189003435,0.1388888888888889,0.5735395189003436,0.4388888888888889,1,0.7388888888888888,0.1388888888888889,0.4388888888888889,0.5735395189003436,0.13465063001145472,,,,,,,,,,,,0.4388888888888889,0.10262345679012345,221,other,0.08656551932367129,0.35671724033816427
acs_coverage,negotiate,community_members,defendants,"{""accuracy"":0.1,""tpr"":0.7,""tnr"":0.1,""local_consistency"":0.1}","{""accuracy"":0.1,""tpr"":0.1,""tnr"":0.7,""local_consistency"":0.1}",5,0.27353951890034367,0.7388888888888888,0.8735395189003435,0.1388888888888889,0.5735395189003436,0.4388888888888889,0,0.27353951890034367,0.8735395189003435,0.5735395189003436,0.5735395189003436,0,0,1,28,0.5974124396135267,0.6814704106280194,12,2,0.683977958937198,0.08656551932367129,other,,0.5735395189003436,0.23894757974043765,221,other,0.08656551932367129,0.35671724033816427
acs_coverage,single,community_members,fairness_advocates,"{""accuracy"":0.1,""tpr"":0.7,""tnr"":0.1,""local_consistency"":0.1}","{""accuracy"":0.1,""tpr"":0.1,""tnr"":0.1,""local_consistency"":0.7}",6,0.295959595959596,0.7166666666666667,0.8717171717171717,0.21666666666666667,0.5838383838383838,0.4666666666666667,0,0.295959595959596,0.8717171717171717,0.5838383838383838,0.5838383838383838,0,,,1,0.5047265844689596,0.8487265844689595,,,,,,,0.5838383838383838,0.25799306193245586,95,other,0.01975773307376172,0.3487069920489777
acs_coverage,self_optimal,community_members,fairness_advocates,"{""accuracy"":0.1,""tpr"":0.7,""tnr"":0.1,""local_consistency"":0.1}","{""accuracy"":0.1,""tpr"":0.1,""tnr"":0.1,""local_consistency"":0.7}",6,0.295959595959596,0.7166666666666667,0.8717171717171717,0.21666666666666667,0.5838383838383838,0.4666666666666667,1,0.7166666666666667,0.21666666666666667,0.4666666666666667,0.5838383838383838,0.11717171717171715,,,12,0.5826582305861996,0.29865823058619945,,,,,,,0.4666666666666667,0.1552777777777778,95,other,0.01975773307376172,0.3487069920489777
acs_coverage,multi_optimal,community_members,fairness_advocates,"{""accuracy"":0.1,""tpr"":0.7,""tnr"":0.1,""local_consistency"":0.1}","{""accuracy"":0.1,""tpr"":0.1,""tnr"":0.1,""local_consistency"":0.7}",6,0.295959595959596,0.7166666666666667,0.8717171717171717,0.21666666666666667,0.5838383838383838,0.4666666666666667,1,0.7166666666666667,0.21666666666666667,0.4666666666666667,0.5838383838383838,0.11717171717171715,,,12,0.5826582305861996,0.29865823058619945,,,,,,,0.4666666666666667,0.1552777777777778,95,other,0.01975773307376172,0.3487069920489777
acs_coverage,aggregate,community_members,fairness_advocates,"{""accuracy"":0.1,""tpr"":0.7,""tnr"":0.1,""local_consistency"":0.1}","{""accuracy"":0.1,""tpr"":0.1,""tnr"":0.1,""local_consistency"":0.7}",6,0.295959595959596,0.7166666666666667,0.8717171717171717,0.21666666666666667,0.5838383838383838,0.4666666666666667,0,0.295959595959596,0.8717171717171717,0.5838383838383838,0.5838383838383838,0,,,,,,,,,,,,0.5838383838383838,0.25799306193245586,95,other,0.01975773307376172,0.3487069920489777
acs_coverage,negotiate,community_members,fairness_advocates,"{""accuracy"":0.1,""tpr"":0.7,""tnr"":0.1,""local_consistency"":0.1}","{""accuracy"":0.1,""tpr"":0.1,""tnr"":0.1,""local_consistency"":0.7}",6,0.295959595959596,0.7166666666666667,0.8717171717171717,0.21666666666666667,0.5838383838383838,0.4666666666666667,0,0.295959595959596,0.8717171717171717,0.5838383838383838,0.5838383838383838,0,0,1,109,0.5629004975124379,0.8589004975124378,12,533,0.5826582305861996,0.01975773307376172,other,,0.5838383838383838,0.25799306193245586,95,other,0.01975773307376172,0.3487069920489777
acs_coverage,single,community_members,judges,"{""accuracy"":0.1,""tpr"":0.7,""tnr"":0.1,""local_consistency"":0.1}","{""accuracy"":0.7,""tpr"":0.1,""tnr"":0.1,""local_consistency"":0.1}",7,0.1970682730923695,0.8076470588235294,0.1970682730923695,0.8076470588235294,0.1970682730923695,0.8076470588235294,0,0.1970682730923695,0.1970682730923695,0.1970682730923695,0.8076470588235294,0.6105787857311599,,,1,0.5215775457694046,0.6618828029768665,,,,,,,0.1970682730923695,0.03883590425960872,644,self,0.0,0.3060091632744622
acs_coverage,self_optimal,community_members,judges,"{""accuracy"":0.1,""tpr"":0.7,""tnr"":0.1,""local_consistency"":0.1}","{""accuracy"":0.7,""tpr"":0.1,""tnr"":0.1,""local_consistency"":0.1}",7,0.1970682730923695,0.8076470588235294,0.1970682730923695,0.8076470588235294,0.1970682730923695,0.8076470588235294,1,0.8076470588235294,0.8076470588235294,0.8076470588235294,0.8076470588235294,0,,,173,0.7128819008456021,0.5260531840564558,,,,,,,0.8076470588235294,0.6522937716262975,644,self,0.0,0.3060091632744622
acs_coverage,multi_optimal,community_members,judges,"{""accuracy"":0.1,""tpr"":0.7,""tnr"":0.1,""local_consistency"":0.1}","{""accuracy"":0.7,""tpr"":0.1,""tnr"":0.1,""local_consistency"":0.1}",7,0.1970682730923695,0.8076470588235294,0.1970682730923695,0.8076470588235294,0.1970682730923695,0.8076470588235294,1,0.8076470588235294,0.8076470588235294,0.8076470588235294,0.8076470588235294,0,,,173,0.7128819008456021,0.5260531840564558,,,,,,,0.8076470588235294,0.6522937716262975,644,self,0.0,0.3060091632744622
acs_coverage,aggregate,community_members,judges,"{""accuracy"":0.1,""tpr"":0.7,""tnr"":0.1,""local_consistency"":0.1}","{""accuracy"":0.7,""tpr"":0.1,""tnr"":0.1,""local_consistency"":0.1}",7,0.1970682730923695,0.8076470588235294,0.1970682730923695,0.8076470588235294,0.1970682730923695,0.8076470588235294,1,0.8076470588235294,0.8076470588235294,0.8076470588235294,0.8076470588235294,0,,,,,,,,,,,,0.8076470588235294,0.6522937716262975,644,self,0.0,0.3060091632744622
acs_coverage,negotiate,community_members,judges,"{""accuracy"":0.1,""tpr"":0.7,""tnr"":0.1,""local_consistency"":0.1}","{""accuracy"":0.7,""tpr"":0.1,""tnr"":0.1,""local_consistency"":0.1}",7,0.1970682730923695,0.8076470588235294,0.1970682730923695,0.8076470588235294,0.1970682730923695,0.8076470588235294,1,0.8076470588235294,0.8076470588235294,0.8076470588235294,0.8076470588235294,0,1,1,173,0.7128819008456021,0.5260531840564558,173,36,0.7128819008456021,0,self,,0.8076470588235294,0.6522937716262975,644,self,0.0,0.3060091632744622
acs_coverage,single,community_members,defendants,"{""accuracy"":0.1,""tpr"":0.7,""tnr"":0.1,""local_consistency"":0.1}","{""accuracy"":0.1,""tpr"":0.1,""tnr"":0.7,""local_consistency"":0.1}",8,0.2893560606060606,0.768611111111111,0.8893560606060605,0.1686111111111111,0.5893560606060606,0.4686111111111111,0,0.2893560606060606,0.8893560606060605,0.5893560606060606,0.5893560606060606,0,,,1,0.5199510923494294,0.7979893180977164,,,,,,,0.5893560606060606,0.2573405661730946,550,other,0.08269544793515449,0.35865227603242267
acs_coverage,self_optimal,community_members,defendants,"{""accuracy"":0.1,""tpr"":0.7,""tnr"":0.1,""local_consistency"":0.1}","{""accuracy"":0.1,""tpr"":0.1,""tnr"":0.7,""local_consistency"":0.1}",8,0.2893560606060606,0.768611111111111,0.8893560606060605,0.1686111111111111,0.5893560606060606,0.4686111111111111,1,0.768611111111111,0.1686111111111111,0.4686111111111111,0.5893560606060606,0.12074494949494952,,,393,0.7018884599157612,0.6391946265223244,,,,,,,0.4686111111111111,0.1295963734567901,550,other,0.08269544793515449,0.35865227603242267
acs_coverage,multi_optimal,community_members,defendants,"{""accuracy"":0.1,""tpr"":0.7,""tnr"":0.1,""local_consistency"":0.1}","{""accuracy"":0.1,""tpr"":0.1,""tnr"":0.7,""local_consistency"":0.1}",8,0.2893560606060606,0.768611111111111,0.8893560606060605,0.1686111111111111,0.5893560606060606,0.4686111111111111,1,0.768611111111111,0.1686111111111111,0.4686111111111111,0.5893560606060606,0.12074494949494952,,,393,0.7018884599157612,0.6391946265223244,,,,,,,0.4686111111111111,0.1295963734567901,550,other,0.08269544793515449,0.35865227603242267
acs_coverage,aggregate,community_members,defendants,"{""accuracy"":0.1,""tpr"":0.7,""tnr"":0.1,""local_consistency"":0.1}","{""accuracy"":0.1,""tpr"":0.1,""tnr"":0.7,""local_consistency"":0.1}",8,0.2893560606060606,0.768611111111111,0.8893560606060605,0.1686111111111111,0.5893560606060606,0.4686111111111111,1,0.768611111111111,0.1686111111111111,0.4686111111111111,0.5893560606060606,0.12074494949494952,,,,,,,,,,,,0.4686111111111111,0.1295963734567901,550,other,0.08269544793515449,0.35865227603242267
acs_coverage,negotiate,community_members,defendants,"{""accuracy"":0.1,""tpr"":0.7,""tnr"":0.1,""local_consistency"":0.1}","{""accuracy"":0.1,""tpr"":0.1,""tnr"":0.7,""local_consistency"":0.1}",8,0.2893560606060606,0.768611111111111,0.8893560606060605,0.1686111111111111,0.5893560606060606,0.4686111111111111,0,0.2893560606060606,0.8893560606060605,0.5893560606060606,0.5893560606060606,0,0,1,260,0.6191930119806067,0.8196618183275234,393,15,0.7018884599157612,0.08269544793515449,other,,0.5893560606060606,0.2573405661730946,550,other,0.08269544793515449,0.35865227603242267
acs_coverage,single,community_members,defendants,"{""accuracy"":0.1,""tpr"":0.7,""tnr"":0.1,""local_consistency"":0.1}","{""accuracy"":0.1,""tpr"":0.1,""tnr"":0.7,""local_consistency"":0.1}",9,0.29434108527131786,0.7152046783625731,0.8943410852713178,0.1152046783625731,0.5943410852713178,0.4152046783625731,1,0.7152046783625731,0.1152046783625731,0.4152046783625731,0.5943410852713178,0.17913640690874472,,,1,0.42554605887939223,0.7412155745489079,,,,,,,0.4152046783625731,0.08239492493416778,840,other,0.06771130104463441,0.456140051381699
acs_coverage,self_optimal,community_members,defendants,"{""accuracy"":0.1,""tpr"":0.7,""tnr"":0.1,""local_consistency"":0.1}","{""accuracy"":0.1,""tpr"":0.1,""tnr"":0.7,""local_consistency"":0.1}",9,0.29434108527131786,0.7152046783625731,0.8943410852713178,0.1152046783625731,0.5943410852713178,0.4152046783625731,1,0.7152046783625731,0.1152046783625731,0.4152046783625731,0.5943410852713178,0.17913640690874472,,,68,0.5810131971051512,0.6893146019582802,,,,,,,0.4152046783625731,0.08239492493416778,840,other,0.06771130104463441,0.456140051381699
acs_coverage,multi_optimal,community_members,defendants,"{""accuracy"":0.1,""tpr"":0.7,""tnr"":0.1,""local_consistency"":0.1}","{""accuracy"":0.1,""tpr"":0.1,""tnr"":0.7,""local_consistency"":0.1}",9,0.29434108527131786,0.7152046783625731,0.8943410852713178,0.1152046783625731,0.5943410852713178,0.4152046783625731,1,0.7152046783625731,0.1152046783625731,0.4152046783625731,0.5943410852713178,0.17913640690874472,,,68,0.5810131971051512,0.6893146019582802,,,,,,,0.4152046783625731,0.08239492493416778,840,other,0.06771130104463441,0.456140051381699
acs_coverage,aggregate,community_members,defendants,"{""accuracy"":0.1,""tpr"":0.7,""tnr"":0.1,""local_consistency"":0.1}","{""accuracy"":0.1,""tpr"":0.1,""tnr"":0.7,""local_consistency"":0.1}",9,0.29434108527131786,0.7152046783625731,0.8943410852713178,0.1152046783625731,0.5943410852713178,0.4152046783625731,1,0.7152046783625731,0.1152046783625731,0.4152046783625731,0.5943410852713178,0.17913640690874472,,,,,,,,,,,,0.4152046783625731,0.08239492493416778,840,other,0.06771130104463441,0.456140051381699
acs_coverage,negotiate,community_members,defendants,"{""accuracy"":0.1,""tpr"":0.7,""tnr"":0.1,""local_consistency"":0.1}","{""accuracy"":0.1,""tpr"":0.1,""tnr"":0.7,""local_consistency"":0.1}",9,0.29434108527131786,0.7152046783625731,0.8943410852713178,0.1152046783625731,0.5943410852713178,0.4152046783625731,0,0.29434108527131786,0.8943410852713178,0.5943410852713178,0.5943410852713178,0,0,1,202,0.5133018960605168,0.8341389134492583,68,7,0.5810131971051512,0.06771130104463441,other,,0.5943410852713178,0.26324132564148794,840,other,0.06771130104463441,0.456140051381699
acs_coverage,single,community_members,judges,"{""accuracy"":0.1,""tpr"":0.7,""tnr"":0.1,""local_consistency"":0.1}","{""accuracy"":0.7,""tpr"":0.1,""tnr"":0.1,""local_consistency"":0.1}",10,0.17134502923976608,0.8511627906976743,0.17134502923976608,0.8511627906976743,0.17134502923976608,0.8511627906976743,0,0.17134502923976608,0.17134502923976608,0.17134502923976608,0.8511627906976743,0.6798177614579082,,,1,0.4799510923494294,0.6507719630705991,,,,,,,0.17134502923976608,0.029359119045176293,906,self,0.029318015221475258,0.32907517705950856
acs_coverage,self_optimal,community_members,judges,"{""accuracy"":0.1,""tpr"":0.7,""tnr"":0.1,""local_consistency"":0.1}","{""accuracy"":0.7,""tpr"":0.1,""tnr"":0.1,""local_consistency"":0.1}",10,0.17134502923976608,0.8511627906976743,0.17134502923976608,0.8511627906976743,0.17134502923976608,0.8511627906976743,1,0.8511627906976743,0.8511627906976743,0.8511627906976743,0.8511627906976743,0,,,393,0.6818884599157612,0.6433706799224078,,,,,,,0.8511627906976743,0.7244780962682529,906,self,0.029318015221475258,0.32907517705950856
acs_coverage,multi_optimal,community_members,judges,"{""accuracy"":0.1,""tpr"":0.7,""tnr"":0.1,""local_consistency"":0.1}","{""accuracy"":0.7,""tpr"":0.1,""tnr"":0.1,""local_consistency"":0.1}",10,0.17134502923976608,0.8511627906976743,0.17134502923976608,0.8511627906976743,0.17134502923976608,0.8511627906976743,1,0.8511627906976743,0.8511627906976743,0.8511627906976743,0.8511627906976743,0,,,393,0.6818884599157612,0.6433706799224078,,,,,,,0.8511627906976743,0.7244780962682529,906,self,0.029318015221475258,0.32907517705950856
acs_coverage,aggregate,community_members,judges,"{""accuracy"":0.1,""tpr"":0.7,""tnr"":0.1,""local_consistency"":0.1}","{""accuracy"":0.7,""tpr"":0.1,""tnr"":0.1,""local_consistency"":0.1}",10,0.17134502923976608,0.8511627906976743,0.17134502923976608,0.8511627906976743,0.17134502923976608,0.8511627906976743,1,0.8511627906976743,0.8511627906976743,0.8511627906976743,0.8511627906976743,0,,,,,,,,,,,,0.8511627906976743,0.7244780962682529,906,self,0.029318015221475258,0.32907517705950856
acs_coverage,negotiate,community_members,judges,"{""accuracy"":0.1,""tpr"":0.7,""tnr"":0.1,""local_consistency"":0.1}","{""accuracy"":0.7,""tpr"":0.1,""tnr"":0.1,""local_consistency"":0.1}",10,0.17134502923976608,0.8511627906976743,0.17134502923976608,0.8511627906976743,0.17134502923976608,0.8511627906976743,1,0.8511627906976743,0.8511627906976743,0.8511627906976743,0.8511627906976743,0,1,1,385,0.6525704446942859,0.6896591784928903,393,69,0.6818884599157612,0.029318015221475258,self,,0.8511627906976743,0.7244780962682529,906,self,0.029318015221475258,0.32907517705950856
acs_coverage,single,community_members,judges,"{""accuracy"":0.1,""tpr"":0.7,""tnr"":0.1,""local_consistency"":0.1}","{""accuracy"":0.7,""tpr"":0.1,""tnr"":0.1,""local_consistency"":0.1}",11,0.15235087719298246,0.8646666666666666,0.15235087719298246,0.8646666666666666,0.15235087719298246,0.8646666666666666,0,0.15235087719298246,0.15235087719298246,0.15235087719298246,0.8646666666666666,0.7123157894736841,,,1,0.3705042270531402,0.5975875603864735,,,,,,,0.15235087719298246,0.023210789781471224,443,self,0.10656551932367142,0.30590560137232864
acs_coverage,self_optimal,community_members,judges,"{""accuracy"":0.1,""tpr"":0.7,""tnr"":0.1,""local_consistency"":0.1}","{""accuracy"":0.7,""tpr"":0.1,""tnr"":0.1,""local_consistency"":0.1}",11,0.15235087719298246,0.8646666666666666,0.15235087719298246,0.8646666666666666,0.15235087719298246,0.8646666666666666,1,0.8646666666666666,0.8646666666666666,0.8646666666666666,0.8646666666666666,0,,,12,0.7006446256038648,0.5433529589371981,,,,,,,0.8646666666666666,0.7476484444444443,443,self,0.10656551932367142,0.30590560137232864
acs_coverage,multi_optimal,community_members,judges,"{""accuracy"":0.1,""tpr"":0.7,""tnr"":0.1,""local_consistency"":0.1}","{""accuracy"":0.7,""tpr"":0.1,""tnr"":0.1,""local_consistency"":0.1}",11,0.15235087719298246,0.8646666666666666,0.15235087719298246,0.8646666666666666,0.15235087719298246,0.8646666666666666,1,0.8646666666666666,0.8646666666666666,0.8646666666666666,0.8646666666666666,0,,,12,0.7006446256038648,0.5433529589371981,,,,,,,0.8646666666666666,0.7476484444444443,443,self,0.10656551932367142,0.30590560137232864
acs_coverage,aggregate,community_members,judges,"{""accuracy"":0.1,""tpr"":0.7,""tnr"":0.1,""local_consistency"":0.1}","{""accuracy"":0.7,""tpr"":0.1,""tnr"":0.1,""local_consistency"":0.1}",11,0.15235087719298246,0.8646666666666666,0.15235087719298246,0.8646666666666666,0.15235087719298246,0.8646666666666666,1,0.8646666666666666,0.8646666666666666,0.8646666666666666,0.8646666666666666,0,,,,,,,,,,,,0.8646666666666666,0.7476484444444443,443,self,0.10656551932367142,0.30590560137232864
acs_coverage,negotiate,community_members,judges,"{""accuracy"":0.1,""tpr"":0.7,""tnr"":0.1,""local_consistency"":0.1}","{""accuracy"":0.7,""tpr"":0.1,""tnr"":0.1,""local_consistency"":0.1}",11,0.15235087719298246,0.8646666666666666,0.15235087719298246,0.8646666666666666,0.15235087719298246,0.8646666666666666,1,0.8646666666666666,0.8646666666666666,0.8646666666666666,0.8646666666666666,0,1,1,28,0.5940791062801933,0.6544957729468599,12,92,0.7006446256038648,0.10656551932367142,self,,0.8646666666666666,0.7476484444444443,443,self,0.10656551932367142,0.30590560137232864
acs_coverage,single,community_members,judges,"{""accuracy"":0.1,""tpr"":0.7,""tnr"":0.1,""local_consistency"":0.1}","{""accuracy"":0.7,""tpr"":0.1,""tnr"":0.1,""local_consistency"":0.1}",12,0.18017730496453904,0.8555555555555555,0.18017730496453904,0.8555555555555555,0.18017730496453904,0.8555555555555555,0,0.18017730496453904,0.18017730496453904,0.18017730496453904,0.8555555555555555,0.6753782505910164,,,1,0.5166177590160961,0.6874386297372659,,,,,,,0.18017730496453904,0.032463861224284504,933,self,0.006245848742189697,0.340599500131082
acs_coverage,self_optimal,community_members,judges,"{""accuracy"":0.1,""tpr"":0.7,""tnr"":0.1,""local_consistency"":0.1}","{""accuracy"":0.7,""tpr"":0.1,""tnr"":0.1,""local_consistency"":0.1}",12,0.18017730496453904,0.8555555555555555,0.18017730496453904,0.8555555555555555,0.18017730496453904,0.8555555555555555,1,0.8555555555555555,0.8555555555555555,0.8555555555555555,0.8555555555555555,0,,,393,0.6752217932490945,0.6367040132557411,,,,,,,0.8555555555555555,0.7319753086419752,933,self,0.006245848742189697,0.340599500131082
acs_coverage,multi_optimal,community_members,judges,"{""accuracy"":0.1,""tpr"":0.7,""tnr"":0.1,""local_consistency"":0.1}","{""accuracy"":0.7,""tpr"":0.1,""tnr"":0.1,""local_consistency"":0.1}",12,0.18017730496453904,0.8555555555555555,0.18017730496453904,0.8555555555555555,0.18017730496453904,0.8555555555555555,1,0.8555555555555555,0.8555555555555555,0.8555555555555555,0.8555555555555555,0,,,393,0.6752217932490945,0.6367040132557411,,,,,,,0.8555555555555555,0.7319753086419752,933,self,0.006245848742189697,0.340599500131082
acs_coverage,aggregate,community_members,judges,"{""accuracy"":0.1,""tpr"":0.7,""tnr"":0.1,""local_consistency"":0.1}","{""accuracy"":0.7,""tpr"":0.1,""tnr"":0.1,""local_consistency"":0.1}",12,0.18017730496453904,0.8555555555555555,0.18017730496453904,0.8555555555555555,0.18017730496453904,0.8555555555555555,1,0.8555555555555555,0.8555555555555555,0.8555555555555555,0.8555555555555555,0,,,,,,,,,,,,0.8555555555555555,0.7319753086419752,933,self,0.006245848742189697,0.340599500131082
acs_coverage,negotiate,community_members,judges,"{""accuracy"":0.1,""tpr"":0.7,""tnr"":0.1,""local_consistency"":0.1}","{""accuracy"":0.7,""tpr"":0.1,""tnr"":0.1,""local_consistency"":0.1}",12,0.18017730496453904,0.8555555555555555,0.18017730496453904,0.8555555555555555,0.18017730496453904,0.8555555555555555,1,0.8555555555555555,0.8555555555555555,0.8555555555555555,0.8555555555555555,0,1,1,537,0.6689759445069048,0.678248127956556,393,260,0.6752217932490945,0.006245848742189697,self,,0.8555555555555555,0.7319753086419752,933,self,0.006245848742189697,0.340599500131082
acs_coverage,single,community_members,judges,"{""accuracy"":0.1,""tpr"":0.7,""tnr"":0.1,""local_consistency"":0.1}","{""accuracy"":0.7,""tpr"":0.1,""tnr"":0.1,""local_consistency"":0.1}",13,0.19162037037037039,0.8404761904761904,0.19162037037037039,0.8404761904761904,0.19162037037037039,0.8404761904761904,0,0.19162037037037039,0.19162037037037039,0.19162037037037039,0.8404761904761904,0.64885582010582,,,1,0.5299510923494294,0.7007719630705992,,,,,,,0.19162037037037039,0.03671836634087792,952,self,0.0,0.3296344201305779
acs_coverage,self_optimal,community_members,judges,"{""accuracy"":0.1,""tpr"":0.7,""tnr"":0.1,""local_consistency"":0.1}","{""accuracy"":0.7,""tpr"":0.1,""tnr"":0.1,""local_consistency"":0.1}",13,0.19162037037037039,0.8404761904761904,0.19162037037037039,0.8404761904761904,0.19162037037037039,0.8404761904761904,1,0.8404761904761904,0.8404761904761904,0.8404761904761904,0.8404761904761904,0,,,393,0.7052217932490945,0.6667040132557411,,,,,,,0.8404761904761904,0.7064002267573695,952,self,0.0,0.3296344201305779
acs_coverage,multi_optimal,community_members,judges,"{""accuracy"":0.1,""tpr"":0.7,""tnr"":0.1,""local_consistency"":0.1}","{""accuracy"":0.7,""tpr"":0.1,""tnr"":0.1,""local_consistency"":0.1}",13,0.19162037037037039,0.8404761904761904,0.19162037037037039,0.8404761904761904,0.19162037037037039,0.8404761904761904,1,0.8404761904761904,0.8404761904761904,0.8404761904761904,0.8404761904761904,0,,,393,0.7052217932490945,0.6667040132557411,,,,,,,0.8404761904761904,0.7064002267573695,952,self,0.0,0.3296344201305779
acs_coverage,aggregate,community_members,judges,"{""accuracy"":0.1,""tpr"":0.7,""tnr"":0.1,""local_consistency"":0.1}","{""accuracy"":0.7,""tpr"":0.1,""tnr"":0.1,""local_consistency"":0.1}",13,0.19162037037037039,0.8404761904761904,0.19162037037037039,0.8404761904761904,0.19162037037037039,0.8404761904761904,1,0.8404761904761904,0.8404761904761904,0.8404761904761904,0.8404761904761904,0,,,,,,,,,,,,0.8404761904761904,0.7064002267573695,952,self,0.0,0.3296344201305779
acs_coverage,negotiate,community_members,judges,"{""accuracy"":0.1,""tpr"":0.7,""tnr"":0.1,""local_consistency"":0.1}","{""accuracy"":0.7,""tpr"":0.1,""tnr"":0.1,""local_consistency"":0.1}",13,0.19162037037037039,0.8404761904761904,0.19162037037037039,0.8404761904761904,0.19162037037037039,0.8404761904761904,1,0.8404761904761904,0.8404761904761904,0.8404761904761904,0.8404761904761904,0,1,1,393,0.7052217932490945,0.6667040132557411,393,275,0.7052217932490945,0,self,,0.8404761904761904,0.7064002267573695,952,self,0.0,0.3296344201305779
acs_coverage,single,community_members,judges,"{""accuracy"":0.1,""tpr"":0.7,""tnr"":0.1,""local_consistency"":0.1}","{""accuracy"":0.7,""tpr"":0.1,""tnr"":0.1,""local_consistency"":0.1}",14,0.1786831275720165,0.8543859649122807,0.1786831275720165,0.8543859649122807,0.1786831275720165,0.8543859649122807,0,0.1786831275720165,0.1786831275720165,0.1786831275720165,0.8543859649122807,0.6757028373402643,,,1,0.5166177590160961,0.6874386297372659,,,,,,,0.1786831275720165,0.03192766007891752,937,self,0.018662334509474077,0.3341064713203719
acs_coverage,self_optimal,community_members,judges,"{""accuracy"":0.1,""tpr"":0.7,""tnr"":0.1,""local_consistency"":0.1}","{""accuracy"":0.7,""tpr"":0.1,""tnr"":0.1,""local_consistency"":0.1}",14,0.1786831275720165,0.8543859649122807,0.1786831275720165,0.8543859649122807,0.1786831275720165,0.8543859649122807,1,0.8543859649122807,0.8543859649122807,0.8543859649122807,0.8543859649122807,0,,,393,0.6818884599157612,0.6433706799224078,,,,,,,0.8543859649122807,0.729975377039089,937,self,0.018662334509474077,0.3341064713203719
acs_coverage,multi_optimal,community_members,judges,"{""accuracy"":0.1,""tpr"":0.7,""tnr"":0.1,""local_consistency"":0.1}","{""accuracy"":0.7,""tpr"":0.1,""tnr"":0.1,""local_consistency"":0.1}",14,0.1786831275720165,0.8543859649122807,0.1786831275720165,0.8543859649122807,0.1786831275720165,0.8543859649122807,1,0.8543859649122807,0.8543859649122807,0.8543859649122807,0.8543859649122807,0,,,393,0.6818884599157612,0.6433706799224078,,,,,,,0.8543859649122807,0.729975377039089,937,self,0.018662334509474077,0.3341064713203719
acs_coverage,aggregate,community_members,judges,"{""accuracy"":0.1,""tpr"":0.7,""tnr"":0.1,""local_consistency"":0.1}","{""accuracy"":0.7,""tpr"":0.1,""tnr"":0.1,""local_consistency"":0.1}",14,0.1786831275720165,0.8543859649122807,0.1786831275720165,0.8543859649122807,0.1786831275720165,0.8543859649122807,1,0.8543859649122807,0.8543859649122807,0.8543859649122807,0.8543859649122807,0,,,,,,,,,,,,0.8543859649122807,0.729975377039089,937,self,0.018662334509474077,0.3341064713203719
acs_coverage,negotiate,community_members,judges,"{""accuracy"":0.1,""tpr"":0.7,""tnr"":0.1,""local_consistency"":0.1}","{""accuracy"":0.7,""tpr"":0.1,""tnr"":0.1,""local_consistency"":0.1}",14,0.1786831275720165,0.8543859649122807,0.1786831275720165,0.8543859649122807,0.1786831275720165,0.8543859649122807,1,0.8543859649122807,0.8543859649122807,0.8543859649122807,0.8543859649122807,0,1,1,534,0.6632261254062871,0.686589369008813,393,260,0.6818884599157612,0.018662334509474077,self,,0.8543859649122807,0.729975377039089,937,self,0.018662334509474077,0.3341064713203719
acs_coverage,single,community_members,judges,"{""accuracy"":0.1,""tpr"":0.7,""tnr"":0.1,""local_consistency"":0.1}","{""accuracy"":0.7,""tpr"":0.1,""tnr"":0.1,""local_consistency"":0.1}",15,0.1793073593073593,0.8330434782608696,0.1793073593073593,0.8330434782608696,0.1793073593073593,0.8330434782608696,0,0.1793073593073593,0.1793073593073593,0.1793073593073593,0.8330434782608696,0.6537361189535102,,,1,0.5099510923494294,0.6807719630705992,,,,,,,0.1793073593073593,0.032151129101778454,892,self,0.0029125154088563976,0.3274303489267467
acs_coverage,self_optimal,community_members,judges,"{""accuracy"":0.1,""tpr"":0.7,""tnr"":0.1,""local_consistency"":0.1}","{""accuracy"":0.7,""tpr"":0.1,""tnr"":0.1,""local_consistency"":0.1}",15,0.1793073593073593,0.8330434782608696,0.1793073593073593,0.8330434782608696,0.1793073593073593,0.8330434782608696,1,0.8330434782608696,0.8330434782608696,0.8330434782608696,0.8330434782608696,0,,,393,0.6685551265824279,0.6300373465890745,,,,,,,0.8330434782608696,0.6939614366729678,892,self,0.0029125154088563976,0.3274303489267467
acs_coverage,multi_optimal,community_members,judges,"{""accuracy"":0.1,""tpr"":0.7,""tnr"":0.1,""local_consistency"":0.1}","{""accuracy"":0.7,""tpr"":0.1,""tnr"":0.1,""local_consistency"":0.1}",15,0.1793073593073593,0.8330434782608696,0.1793073593073593,0.8330434782608696,0.1793073593073593,0.8330434782608696,1,0.8330434782608696,0.8330434782608696,0.8330434782608696,0.8330434782608696,0,,,393,0.6685551265824279,0.6300373465890745,,,,,,,0.8330434782608696,0.6939614366729678,892,self,0.0029125154088563976,0.3274303489267467
acs_coverage,aggregate,community_members,judges,"{""accuracy"":0.1,""tpr"":0.7,""tnr"":0.1,""local_consistency"":0.1}","{""accuracy"":0.7,""tpr"":0.1,""tnr"":0.1,""local_consistency"":0.1}",15,0.1793073593073593,0.8330434782608696,0.1793073593073593,0.8330434782608696,0.1793073593073593,0.8330434782608696,1,0.8330434782608696,0.8330434782608696,0.8330434782608696,0.8330434782608696,0,,,,,,,,,,,,0.8330434782608696,0.6939614366729678,892,self,0.0029125154088563976,0.3274303489267467
acs_coverage,negotiate,community_members,judges,"{""accuracy"":0.1,""tpr"":0.7,""tnr"":0.1,""local_consistency"":0.1}","{""accuracy"":0.7,""tpr"":0.1,""tnr"":0.1,""local_consistency"":0.1}",15,0.1793073593073593,0.8330434782608696,0.1793073593073593,0.8330434782608696,0.1793073593073593,0.8330434782608696,1,0.8330434782608696,0.8330434782608696,0.8330434782608696,0.8330434782608696,0,1,1,537,0.6656426111735715,0.6749147946232226,393,17,0.6685551265824279,0.0029125154088563976,self,,0.8330434782608696,0.6939614366729678,892,self,0.0029125154088563976,0.3274303489267467
acs_coverage,single,community_members,judges,"{""accuracy"":0.1,""tpr"":0.7,""tnr"":0.1,""local_consistency"":0.1}","{""accuracy"":0.7,""tpr"":0.1,""tnr"":0.1,""local_consistency"":0.1}",16,0.1925,0.8179761904761904,0.1925,0.8179761904761904,0.1925,0.8179761904761904,0,0.1925,0.1925,0.1925,0.8179761904761904,0.6254761904761904,,,1,0.546137233042604,0.7357811441187402,,,,,,,0.1925,0.03705625,926,self,0.0,0.31437624716553286
acs_coverage,self_optimal,community_members,judges,"{""accuracy"":0.1,""tpr"":0.7,""tnr"":0.1,""local_consistency"":0.1}","{""accuracy"":0.7,""tpr"":0.1,""tnr"":0.1,""local_consistency"":0.1}",16,0.1925,0.8179761904761904,0.1925,0.8179761904761904,0.1925,0.8179761904761904,1,0.8179761904761904,0.8179761904761904,0.8179761904761904,0.8179761904761904,0,,,68,0.5870892004977903,0.6521531391167161,,,,,,,0.8179761904761904,0.669085048185941,926,self,0.0,0.31437624716553286
acs_coverage,multi_optimal,community_members,judges,"{""accuracy"":0.1,""tpr"":0.7,""tnr"":0.1,""local_consistency"":0.1}","{""accuracy"":0.7,""tpr"":0.1,""tnr"":0.1,""local_consistency"":0.1}",16,0.1925,0.8179761904761904,0.1925,0.8179761904761904,0.1925,0.8179761904761904,1,0.8179761904761904,0.8179761904761904,0.8179761904761904,0.8179761904761904,0,,,68,0.5870892004977903,0.6521531391167161,,,,,,,0.8179761904761904,0.669085048185941,926,self,0.0,0.31437624716553286
acs_coverage,aggregate,community_members,judges,"{""accuracy"":0.1,""tpr"":0.7,""tnr"":0.1,""local_consistency"":0.1}","{""accuracy"":0.7,""tpr"":0.1,""tnr"":0.1,""local_consistency"":0.1}",16,0.1925,0.8179761904761904,0.1925,0.8179761904761904,0.1925,0.8179761904761904,1,0.8179761904761904,0.8179761904761904,0.8179761904761904,0.8179761904761904,0,,,,,,,,,,,,0.8179761904761904,0.669085048185941,926,self,0.0,0.31437624716553286
acs_coverage,negotiate,community_members,judges,"{""accuracy"":0.1,""tpr"":0.7,""tnr"":0.1,""local_consistency"":0.1}","{""accuracy"":0.7,""tpr"":0.1,""tnr"":0.1,""local_consistency"":0.1}",16,0.1925,0.8179761904761904,0.1925,0.8179761904761904,0.1925,0.8179761904761904,1,0.8179761904761904,0.8179761904761904,0.8179761904761904,0.8179761904761904,0,1,1,68,0.5870892004977903,0.6521531391167161,68,33,0.5870892004977903,0,self,,0.8179761904761904,0.669085048185941,926,self,0.0,0.31437624716553286
acs_coverage,single,community_members,judges,"{""accuracy"":0.1,""tpr"":0.7,""tnr"":0.1,""local_consistency"":0.1}","{""accuracy"":0.7,""tpr"":0.1,""tnr"":0.1,""local_consistency"":0.1}",17,0.1977319587628866,0.8122222222222222,0.1977319587628866,0.8122222222222222,0.1977319587628866,0.8122222222222222,0,0.1977319587628866,0.1977319587628866,0.1977319587628866,0.8122222222222222,0.6144902634593356,,,1,0.508059917802293,0.7290164395414235,,,,,,,0.1977319587628866,0.03909792751620789,854,self,0.0,0.30877431855368315
acs_coverage,self_optimal,community_members,judges,"{""accuracy"":0.1,""tpr"":0.7,""tnr"":0.1,""local_consistency"":0.1}","{""accuracy"":0.7,""tpr"":0.1,""tnr"":0.1,""local_consistency"":0.1}",17,0.1977319587628866,0.8122222222222222,0.1977319587628866,0.8122222222222222,0.1977319587628866,0.8122222222222222,1,0.8122222222222222,0.8122222222222222,0.8122222222222222,0.8122222222222222,0,,,12,0.5893248972528662,0.5640205494267791,,,,,,,0.8122222222222222,0.6597049382716048,854,self,0.0,0.30877431855368315
acs_coverage,multi_optimal,community_members,judges,"{""accuracy"":0.1,""tpr"":0.7,""tnr"":0.1,""local_consistency"":0.1}","{""accuracy"":0.7,""tpr"":0.1,""tnr"":0.1,""local_consistency"":0.1}",17,0.1977319587628866,0.8122222222222222,0.1977319587628866,0.8122222222222222,0.1977319587628866,0.8122222222222222,1,0.8122222222222222,0.8122222222222222,0.8122222222222222,0.8122222222222222,0,,,12,0.5893248972528662,0.5640205494267791,,,,,,,0.8122222222222222,0.6597049382716048,854,self,0.0,0.30877431855368315
acs_coverage,aggregate,community_members,judges,"{""accuracy"":0.1,""tpr"":0.7,""tnr"":0.1,""local_consistency"":0.1}","{""accuracy"":0.7,""tpr"":0.1,""tnr"":0.1,""local_consistency"":0.1}",17,0.1977319587628866,0.8122222222222222,0.1977319587628866,0.8122222222222222,0.1977319587628866,0.8122222222222222,1,0.8122222222222222,0.8122222222222222,0.8122222222222222,0.8122222222222222,0,,,,,,,,,,,,0.8122222222222222,0.6597049382716048,854,self,0.0,0.30877431855368315
acs_coverage,negotiate,community_members,judges,"{""accuracy"":0.1,""tpr"":0.7,""tnr"":0.1,""local_consistency"":0.1}","{""accuracy"":0.7,""tpr"":0.1,""tnr"":0.1,""local_consistency"":0.1}",17,0.1977319587628866,0.8122222222222222,0.1977319587628866,0.8122222222222222,0.1977319587628866,0.8122222222222222,1,0.8122222222222222,0.8122222222222222,0.8122222222222222,0.8122222222222222,0,1,1,12,0.5893248972528662,0.5640205494267791,12,430,0.5893248972528662,0,self,,0.8122222222222222,0.6597049382716048,854,self,0.0,0.30877431855368315
acs_coverage,single,community_members,defendants,"{""accuracy"":0.1,""tpr"":0.7,""tnr"":0.1,""local_consistency"":0.1}","{""accuracy"":0.1,""tpr"":0.1,""tnr"":0.7,""local_consistency"":0.1}",18,0.2951360544217687,0.7233333333333333,0.8951360544217687,0.12333333333333334,0.5951360544217688,0.4233333333333333,0,0.2951360544217687,0.8951360544217687,0.5951360544217688,0.5951360544217688,0,,,1,0.4980599178022929,0.8014629028769198,,,,,,,0.5951360544217688,0.2641869232727104,482,other,0.12836707765520228,0.33581646117239883
acs_coverage,self_optimal,community_members,defendants,"{""accuracy"":0.1,""tpr"":0.7,""tnr"":0.1,""local_consistency"":0.1}","{""accuracy"":0.1,""tpr"":0.1,""tnr"":0.7,""local_consistency"":0.1}",18,0.2951360544217687,0.7233333333333333,0.8951360544217687,0.12333333333333334,0.5951360544217688,0.4233333333333333,1,0.7233333333333333,0.12333333333333334,0.4233333333333333,0.5951360544217688,0.17180272108843547,,,12,0.5893248972528662,0.5545786285961497,,,,,,,0.4233333333333333,0.0892111111111111,482,other,0.12836707765520228,0.33581646117239883
acs_coverage,multi_optimal,community_members,defendants,"{""accuracy"":0.1,""tpr"":0.7,""tnr"":0.1,""local_consistency"":0.1}","{""accuracy"":0.1,""tpr"":0.1,""tnr"":0.7,""local_consistency"":0.1}",18,0.2951360544217687,0.7233333333333333,0.8951360544217687,0.12333333333333334,0.5951360544217688,0.4233333333333333,1,0.7233333333333333,0.12333333333333334,0.4233333333333333,0.5951360544217688,0.17180272108843547,,,12,0.5893248972528662,0.5545786285961497,,,,,,,0.4233333333333333,0.0892111111111111,482,other,0.12836707765520228,0.33581646117239883
acs_coverage,aggregate,community_members,defendants,"{""accuracy"":0.1,""tpr"":0.7,""tnr"":0.1,""local_consistency"":0.1}","{""accuracy"":0.1,""tpr"":0.1,""tnr"":0.7,""local_consistency"":0.1}",18,0.2951360544217687,0.7233333333333333,0.8951360544217687,0.12333333333333334,0.5951360544217688,0.4233333333333333,0,0.2951360544217687,0.8951360544217687,0.5951360544217688,0.5951360544217688,0,,,,,,,,,,,,0.5951360544217688,0.2641869232727104,482,other,0.12836707765520228,0.33581646117239883
acs_coverage,negotiate,community_members,defendants,"{""accuracy"":0.1,""tpr"":0.7,""tnr"":0.1,""local_consistency"":0.1}","{""accuracy"":0.1,""tpr"":0.1,""tnr"":0.7,""local_consistency"":0.1}",18,0.2951360544217687,0.7233333333333333,0.8951360544217687,0.12333333333333334,0.5951360544217688,0.4233333333333333,0,0.2951360544217687,0.8951360544217687,0.5951360544217688,0.5951360544217688,0,0,1,216,0.4609578195976639,0.8392264763140819,12,533,0.5893248972528662,0.12836707765520228,other,,0.5951360544217688,0.2641869232727104,482,other,0.12836707765520228,0.33581646117239883
acs_coverage,single,community_members,judges,"{""accuracy"":0.1,""tpr"":0.7,""tnr"":0.1,""local_consistency"":0.1}","{""accuracy"":0.7,""tpr"":0.1,""tnr"":0.1,""local_consistency"":0.1}",19,0.18789855072463768,0.88625,0.18789855072463768,0.88625,0.18789855072463768,0.88625,0,0.18789855072463768,0.18789855072463768,0.18789855072463768,0.88625,0.6983514492753623,,,1,0.48142713964751405,0.6712281071154804,,,,,,,0.18789855072463768,0.03530586536441924,961,self,0.0,0.3621211616027358
acs_coverage,self_optimal,community_members,judges,"{""accuracy"":0.1,""tpr"":0.7,""tnr"":0.1,""local_consistency"":0.1}","{""accuracy"":0.7,""tpr"":0.1,""tnr"":0.1,""local_consistency"":0.1}",19,0.18789855072463768,0.88625,0.18789855072463768,0.88625,0.18789855072463768,0.88625,1,0.88625,0.88625,0.88625,0.88625,0,,,393,0.6761723628693641,0.6333748295434161,,,,,,,0.88625,0.7854390625,961,self,0.0,0.3621211616027358
acs_coverage,multi_optimal,community_members,judges,"{""accuracy"":0.1,""tpr"":0.7,""tnr"":0.1,""local_consistency"":0.1}","{""accuracy"":0.7,""tpr"":0.1,""tnr"":0.1,""local_consistency"":0.1}",19,0.18789855072463768,0.88625,0.18789855072463768,0.88625,0.18789855072463768,0.88625,1,0.88625,0.88625,0.88625,0.88625,0,,,393,0.6761723628693641,0.6333748295434161,,,,,,,0.88625,0.7854390625,961,self,0.0,0.3621211616027358
acs_coverage,aggregate,community_members,judges,"{""accuracy"":0.1,""tpr"":0.7,""tnr"":0.1,""local_consistency"":0.1}","{""accuracy"":0.7,""tpr"":0.1,""tnr"":0.1,""local_consistency"":0.1}",19,0.18789855072463768,0.88625,0.18789855072463768,0.88625,0.18789855072463768,0.88625,1,0.88625,0.88625,0.88625,0.88625,0,,,,,,,,,,,,0.88625,0.7854390625,961,self,0.0,0.3621211616027358
acs_coverage,negotiate,community_members,judges,"{""accuracy"":0.1,""tpr"":0.7,""tnr"":0.1,""local_consistency"":0.1}","{""accuracy"":0.7,""tpr"":0.1,""tnr"":0.1,""local_consistency"":0.1}",19,0.18789855072463768,0.88625,0.18789855072463768,0.88625,0.18789855072463768,0.88625,1,0.88625,0.88625,0.88625,0.88625,0,1,1,393,0.6761723628693641,0.6333748295434161,393,275,0.6761723628693641,0,self,,0.88625,0.7854390625,961,self,0.0,0.3621211616027358
acs_coverage,single,defendants,community_members,"{""accuracy"":0.1,""tpr"":0.1,""tnr"":0.7,""local_consistency"":0.1}","{""accuracy"":0.1,""tpr"":0.7,""tnr"":0.1,""local_consistency"":0.1}",0,0.7883561643835616,0.2214814814814815,0.18835616438356165,0.8214814814814814,0.4883561643835616,0.5214814814814814,1,0.2214814814814815,0.8214814814814814,0.5214814814814814,0.5214814814814814,0,,,1,0.1105820105820106,0.7296296296296296,,,,,,,0.5214814814814814,0.18194293552812071,12,self,0.03527336860670183,-0.03428081163700498
acs_coverage,self_optimal,defendants,community_members,"{""accuracy"":0.1,""tpr"":0.1,""tnr"":0.7,""local_consistency"":0.1}","{""accuracy"":0.1,""tpr"":0.7,""tnr"":0.1,""local_consistency"":0.1}",0,0.7883561643835616,0.2214814814814815,0.18835616438356165,0.8214814814814814,0.4883561643835616,0.5214814814814814,0,0.7883561643835616,0.18835616438356165,0.4883561643835616,0.5214814814814814,0.033125317097919826,,,2,0.9285714285714286,0.5000000000000001,,,,,,,0.4883561643835616,0.14849174329142428,12,self,0.03527336860670183,-0.03428081163700498
acs_coverage,multi_optimal,defendants,community_members,"{""accuracy"":0.1,""tpr"":0.1,""tnr"":0.7,""local_consistency"":0.1}","{""accuracy"":0.1,""tpr"":0.7,""tnr"":0.1,""local_consistency"":0.1}",0,0.7883561643835616,0.2214814814814815,0.18835616438356165,0.8214814814814814,0.4883561643835616,0.5214814814814814,0,0.7883561643835616,0.18835616438356165,0.4883561643835616,0.5214814814814814,0.033125317097919826,,,2,0.9285714285714286,0.5000000000000001,,,,,,,0.4883561643835616,0.14849174329142428,12,self,0.03527336860670183,-0.03428081163700498
acs_coverage,aggregate,defendants,community_members,"{""accuracy"":0.1,""tpr"":0.1,""tnr"":0.7,""local_consistency"":0.1}","{""accuracy"":0.1,""tpr"":0.7,""tnr"":0.1,""local_consistency"":0.1}",0,0.7883561643835616,0.2214814814814815,0.18835616438356165,0.8214814814814814,0.4883561643835616,0.5214814814814814,1,0.2214814814814815,0.8214814814814814,0.5214814814814814,0.5214814814814814,0,,,,,,,,,,,,0.5214814814814814,0.18194293552812071,12,self,0.03527336860670183,-0.03428081163700498
acs_coverage,negotiate,defendants,community_members,"{""accuracy"":0.1,""tpr"":0.1,""tnr"":0.7,""local_consistency"":0.1}","{""accuracy"":0.1,""tpr"":0.7,""tnr"":0.1,""local_consistency"":0.1}",0,0.7883561643835616,0.2214814814814815,0.18835616438356165,0.8214814814814814,0.4883561643835616,0.5214814814814814,0,0.7883561643835616,0.18835616438356165,0.4883561643835616,0.5214814814814814,0.033125317097919826,0,1,7,0.8932980599647268,0.5493827160493827,2,1,0.9285714285714286,0.03527336860670183,self,,0.4883561643835616,0.14849174329142428,12,self,0.03527336860670183,-0.03428081163700498
acs_coverage,single,defendants,community_members,"{""accuracy"":0.1,""tpr"":0.1,""tnr"":0.7,""local_consistency"":0.1}","{""accuracy"":0.1,""tpr"":0.7,""tnr"":0.1,""local_consistency"":0.1}",1,0.7585057471264367,0.2638888888888889,0.15850574712643678,0.8638888888888888,0.45850574712643677,0.5638888888888889,0,0.7585057471264367,0.15850574712643678,0.45850574712643677,0.5638888888888889,0.10538314176245211,,,1,0.8115859449192783,0.4959164292497626,,,,,,,0.45850574712643677,0.12022752014797197,361,other,0.12771719553328753,0.38942297739006265
acs_coverage,self_optimal,defendants,community_members,"{""accuracy"":0.1,""tpr"":0.1,""tnr"":0.7,""local_consistency"":0.1}","{""accuracy"":0.1,""tpr"":0.7,""tnr"":0.1,""local_consistency"":0.1}",1,0.7585057471264367,0.2638888888888889,0.15850574712643678,0.8638888888888888,0.45850574712643677,0.5638888888888889,0,0.7585057471264367,0.15850574712643678,0.45850574712643677,0.5638888888888889,0.10538314176245211,,,93,0.8954645184530243,0.33134230605494974,,,,,,,0.45850574712643677,0.12022752014797197,361,other,0.12771719553328753,0.38942297739006265
acs_coverage,multi_optimal,defendants,community_members,"{""accuracy"":0.1,""tpr"":0.1,""tnr"":0.7,""local_consistency"":0.1}","{""accuracy"":0.1,""tpr"":0.7,""tnr"":0.1,""local_consistency"":0.1}",1,0.7585057471264367,0.2638888888888889,0.15850574712643678,0.8638888888888888,0.45850574712643677,0.5638888888888889,0,0.7585057471264367,0.15850574712643678,0.45850574712643677,0.5638888888888889,0.10538314176245211,,,93,0.8954645184530243,0.33134230605494974,,,,,,,0.45850574712643677,0.12022752014797197,361,other,0.12771719553328753,0.38942297739006265
acs_coverage,aggregate,defendants,community_members,"{""accuracy"":0.1,""tpr"":0.1,""tnr"":0.7,""local_consistency"":0.1}","{""accuracy"":0.1,""tpr"":0.7,""tnr"":0.1,""local_consistency"":0.1}",1,0.7585057471264367,0.2638888888888889,0.15850574712643678,0.8638888888888888,0.45850574712643677,0.5638888888888889,0,0.7585057471264367,0.15850574712643678,0.45850574712643677,0.5638888888888889,0.10538314176245211,,,,,,,,,,,,0.45850574712643677,0.12022752014797197,361,other,0.12771719553328753,0.38942297739006265
acs_coverage,negotiate,defendants,community_members,"{""accuracy"":0.1,""tpr"":0.1,""tnr"":0.7,""local_consistency"":0.1}","{""accuracy"":0.1,""tpr"":0.7,""tnr"":0.1,""local_consistency"":0.1}",1,0.7585057471264367,0.2638888888888889,0.15850574712643678,0.8638888888888888,0.45850574712643677,0.5638888888888889,1,0.2638888888888889,0.8638888888888888,0.5638888888888889,0.5638888888888889,0,1,1,216,0.7677473229197368,0.6056488849592297,93,68,0.8954645184530243,0.12771719553328753,other,,0.5638888888888889,0.22797067901234566,361,other,0.12771719553328753,0.38942297739006265
acs_coverage,single,defendants,fairness_advocates,"{""accuracy"":0.1,""tpr"":0.1,""tnr"":0.7,""local_consistency"":0.1}","{""accuracy"":0.1,""tpr"":0.1,""tnr"":0.1,""local_consistency"":0.7}",2,0.7634848484848484,0.25754901960784315,0.5443939393939393,0.6028431372549019,0.6539393939393938,0.43019607843137253,1,0.25754901960784315,0.6028431372549019,0.43019607843137253,0.6539393939393938,0.2237433155080213,,,1,0.2609507640067912,0.6222410865874363,,,,,,,0.43019607843137253,0.15526165897731642,414,other,0.004868747551260322,-0.06953317080538035
acs_coverage,self_optimal,defendants,fairness_advocates,"{""accuracy"":0.1,""tpr"":0.1,""tnr"":0.7,""local_consistency"":0.1}","{""accuracy"":0.1,""tpr"":0.1,""tnr"":0.1,""local_consistency"":0.7}",2,0.7634848484848484,0.25754901960784315,0.5443939393939393,0.6028431372549019,0.6539393939393938,0.43019607843137253,1,0.25754901960784315,0.6028431372549019,0.43019607843137253,0.6539393939393938,0.2237433155080213,,,67,0.8520556353663316,0.8301201514953638,,,,,,,0.43019607843137253,0.15526165897731642,414,other,0.004868747551260322,-0.06953317080538035
acs_coverage,multi_optimal,defendants,fairness_advocates,"{""accuracy"":0.1,""tpr"":0.1,""tnr"":0.7,""local_consistency"":0.1}","{""accuracy"":0.1,""tpr"":0.1,""tnr"":0.1,""local_consistency"":0.7}",2,0.7634848484848484,0.25754901960784315,0.5443939393939393,0.6028431372549019,0.6539393939393938,0.43019607843137253,1,0.25754901960784315,0.6028431372549019,0.43019607843137253,0.6539393939393938,0.2237433155080213,,,67,0.8520556353663316,0.8301201514953638,,,,,,,0.43019607843137253,0.15526165897731642,414,other,0.004868747551260322,-0.06953317080538035
acs_coverage,aggregate,defendants,fairness_advocates,"{""accuracy"":0.1,""tpr"":0.1,""tnr"":0.7,""local_consistency"":0.1}","{""accuracy"":0.1,""tpr"":0.1,""tnr"":0.1,""local_consistency"":0.7}",2,0.7634848484848484,0.25754901960784315,0.5443939393939393,0.6028431372549019,0.6539393939393938,0.43019607843137253,1,0.25754901960784315,0.6028431372549019,0.43019607843137253,0.6539393939393938,0.2237433155080213,,,,,,,,,,,,0.43019607843137253,0.15526165897731642,414,other,0.004868747551260322,-0.06953317080538035
acs_coverage,negotiate,defendants,fairness_advocates,"{""accuracy"":0.1,""tpr"":0.1,""tnr"":0.7,""local_consistency"":0.1}","{""accuracy"":0.1,""tpr"":0.1,""tnr"":0.1,""local_consistency"":0.7}",2,0.7634848484848484,0.25754901960784315,0.5443939393939393,0.6028431372549019,0.6539393939393938,0.43019607843137253,0,0.7634848484848484,0.5443939393939393,0.6539393939393938,0.6539393939393938,0,0,1,15,0.8471868878150712,0.8658965652344259,67,7,0.8520556353663316,0.004868747551260322,other,,0.6539393939393938,0.4156365243342515,414,other,0.004868747551260322,-0.06953317080538035
acs_coverage,single,defendants,community_members,"{""accuracy"":0.1,""tpr"":0.1,""tnr"":0.7,""local_consistency"":0.1}","{""accuracy"":0.1,""tpr"":0.7,""tnr"":0.1,""local_consistency"":0.1}",3,0.8782010582010582,0.1454954954954955,0.2782010582010582,0.7454954954954954,0.5782010582010582,0.4454954954954955,0,0.8782010582010582,0.2782010582010582,0.5782010582010582,0.5782010582010582,0,,,1,0.7819563152896487,0.466286799620133,,,,,,,0.5782010582010582,0.24431646370482352,366,self,0.08113763631005022,-0.04056881815502511
acs_coverage,self_optimal,defendants,community_members,"{""accuracy"":0.1,""tpr"":0.1,""tnr"":0.7,""local_consistency"":0.1}","{""accuracy"":0.1,""tpr"":0.7,""tnr"":0.1,""local_consistency"":0.1}",3,0.8782010582010582,0.1454954954954955,0.2782010582010582,0.7454954954954954,0.5782010582010582,0.4454954954954955,0,0.8782010582010582,0.2782010582010582,0.5782010582010582,0.5782010582010582,0,,,93,0.8991682221567281,0.3350460097586535,,,,,,,0.5782010582010582,0.24431646370482352,366,self,0.08113763631005022,-0.04056881815502511
acs_coverage,multi_optimal,defendants,community_members,"{""accuracy"":0.1,""tpr"":0.1,""tnr"":0.7,""local_consistency"":0.1}","{""accuracy"":0.1,""tpr"":0.7,""tnr"":0.1,""local_consistency"":0.1}",3,0.8782010582010582,0.1454954954954955,0.2782010582010582,0.7454954954954954,0.5782010582010582,0.4454954954954955,0,0.8782010582010582,0.2782010582010582,0.5782010582010582,0.5782010582010582,0,,,93,0.8991682221567281,0.3350460097586535,,,,,,,0.5782010582010582,0.24431646370482352,366,self,0.08113763631005022,-0.04056881815502511
acs_coverage,aggregate,defendants,community_members,"{""accuracy"":0.1,""tpr"":0.1,""tnr"":0.7,""local_consistency"":0.1}","{""accuracy"":0.1,""tpr"":0.7,""tnr"":0.1,""local_consistency"":0.1}",3,0.8782010582010582,0.1454954954954955,0.2782010582010582,0.7454954954954954,0.5782010582010582,0.4454954954954955,0,0.8782010582010582,0.2782010582010582,0.5782010582010582,0.5782010582010582,0,,,,,,,,,,,,0.5782010582010582,0.24431646370482352,366,self,0.08113763631005022,-0.04056881815502511
acs_coverage,negotiate,defendants,community_members,"{""accuracy"":0.1,""tpr"":0.1,""tnr"":0.7,""local_consistency"":0.1}","{""accuracy"":0.1,""tpr"":0.7,""tnr"":0.1,""local_consistency"":0.1}",3,0.8782010582010582,0.1454954954954955,0.2782010582010582,0.7454954954954954,0.5782010582010582,0.4454954954954955,0,0.8782010582010582,0.2782010582010582,0.5782010582010582,0.5782010582010582,0,0,1,192,0.8180305858466779,0.53566493106723,93,68,0.8991682221567281,0.08113763631005022,self,,0.5782010582010582,0.24431646370482352,366,self,0.08113763631005022,-0.04056881815502511
acs_coverage,single,defendants,fairness_advocates,"{""accuracy"":0.1,""tpr"":0.1,""tnr"":0.7,""local_consistency"":0.1}","{""accuracy"":0.1,""tpr"":0.1,""tnr"":0.1,""local_consistency"":0.7}",4,0.7592307692307692,0.2638697318007663,0.5146153846153846,0.647088122605364,0.6369230769230769,0.45547892720306515,1,0.2638697318007663,0.647088122605364,0.45547892720306515,0.6369230769230769,0.18144414972001177,,,1,0.815289648622982,0.689363722697056,,,,,,,0.45547892720306515,0.17074696936333875,392,self,0.020968006025477326,0.08986825065631122
acs_coverage,self_optimal,defendants,fairness_advocates,"{""accuracy"":0.1,""tpr"":0.1,""tnr"":0.7,""local_consistency"":0.1}","{""accuracy"":0.1,""tpr"":0.1,""tnr"":0.1,""local_consistency"":0.7}",4,0.7592307692307692,0.2638697318007663,0.5146153846153846,0.647088122605364,0.6369230769230769,0.45547892720306515,0,0.7592307692307692,0.5146153846153846,0.6369230769230769,0.6369230769230769,0,,,93,0.8695385925270984,0.6968693715820152,,,,,,,0.6369230769230769,0.39071183431952655,392,self,0.020968006025477326,0.08986825065631122
acs_coverage,multi_optimal,defendants,fairness_advocates,"{""accuracy"":0.1,""tpr"":0.1,""tnr"":0.7,""local_consistency"":0.1}","{""accuracy"":0.1,""tpr"":0.1,""tnr"":0.1,""local_consistency"":0.7}",4,0.7592307692307692,0.2638697318007663,0.5146153846153846,0.647088122605364,0.6369230769230769,0.45547892720306515,0,0.7592307692307692,0.5146153846153846,0.6369230769230769,0.6369230769230769,0,,,93,0.8695385925270984,0.6968693715820152,,,,,,,0.6369230769230769,0.39071183431952655,392,self,0.020968006025477326,0.08986825065631122
acs_coverage,aggregate,defendants,fairness_advocates,"{""accuracy"":0.1,""tpr"":0.1,""tnr"":0.7,""local_consistency"":0.1}","{""accuracy"":0.1,""tpr"":0.1,""tnr"":0.1,""local_consistency"":0.7}",4,0.7592307692307692,0.2638697318007663,0.5146153846153846,0.647088122605364,0.6369230769230769,0.45547892720306515,0,0.7592307692307692,0.5146153846153846,0.6369230769230769,0.6369230769230769,0,,,,,,,,,,,,0.6369230769230769,0.39071183431952655,392,self,0.020968006025477326,0.08986825065631122
acs_coverage,negotiate,defendants,fairness_advocates,"{""accuracy"":0.1,""tpr"":0.1,""tnr"":0.7,""local_consistency"":0.1}","{""accuracy"":0.1,""tpr"":0.1,""tnr"":0.1,""local_consistency"":0.7}",4,0.7592307692307692,0.2638697318007663,0.5146153846153846,0.647088122605364,0.6369230769230769,0.45547892720306515,0,0.7592307692307692,0.5146153846153846,0.6369230769230769,0.6369230769230769,0,0,1,41,0.8485705865016211,0.723666371942234,93,109,0.8695385925270984,0.020968006025477326,self,,0.6369230769230769,0.39071183431952655,392,self,0.020968006025477326,0.08986825065631122
acs_coverage,single,defendants,fairness_advocates,"{""accuracy"":0.1,""tpr"":0.1,""tnr"":0.7,""local_consistency"":0.1}","{""accuracy"":0.1,""tpr"":0.1,""tnr"":0.1,""local_consistency"":0.7}",5,0.8683333333333333,0.1548581560283688,0.6783333333333335,0.4840070921985815,0.7733333333333334,0.31943262411347517,1,0.1548581560283688,0.4840070921985815,0.31943262411347517,0.7733333333333334,0.45390070921985826,,,1,0.7009561424133429,0.5790092397584756,,,,,,,0.31943262411347517,0.07495244580252503,374,self,0.03089537778622664,0.22654423807233112
acs_coverage,self_optimal,defendants,fairness_advocates,"{""accuracy"":0.1,""tpr"":0.1,""tnr"":0.7,""local_consistency"":0.1}","{""accuracy"":0.1,""tpr"":0.1,""tnr"":0.1,""local_consistency"":0.7}",5,0.8683333333333333,0.1548581560283688,0.6783333333333335,0.4840070921985815,0.7733333333333334,0.31943262411347517,0,0.8683333333333333,0.6783333333333335,0.7733333333333334,0.7733333333333334,0,,,93,0.8413547310198086,0.7119742000463571,,,,,,,0.7733333333333334,0.5890194444444445,374,self,0.03089537778622664,0.22654423807233112
acs_coverage,multi_optimal,defendants,fairness_advocates,"{""accuracy"":0.1,""tpr"":0.1,""tnr"":0.7,""local_consistency"":0.1}","{""accuracy"":0.1,""tpr"":0.1,""tnr"":0.1,""local_consistency"":0.7}",5,0.8683333333333333,0.1548581560283688,0.6783333333333335,0.4840070921985815,0.7733333333333334,0.31943262411347517,0,0.8683333333333333,0.6783333333333335,0.7733333333333334,0.7733333333333334,0,,,93,0.8413547310198086,0.7119742000463571,,,,,,,0.7733333333333334,0.5890194444444445,374,self,0.03089537778622664,0.22654423807233112
acs_coverage,aggregate,defendants,fairness_advocates,"{""accuracy"":0.1,""tpr"":0.1,""tnr"":0.7,""local_consistency"":0.1}","{""accuracy"":0.1,""tpr"":0.1,""tnr"":0.1,""local_consistency"":0.7}",5,0.8683333333333333,0.1548581560283688,0.6783333333333335,0.4840070921985815,0.7733333333333334,0.31943262411347517,0,0.8683333333333333,0.6783333333333335,0.7733333333333334,0.7733333333333334,0,,,,,,,,,,,,0.7733333333333334,0.5890194444444445,374,self,0.03089537778622664,0.22654423807233112
acs_coverage,negotiate,defendants,fairness_advocates,"{""accuracy"":0.1,""tpr"":0.1,""tnr"":0.7,""local_consistency"":0.1}","{""accuracy"":0.1,""tpr"":0.1,""tnr"":0.1,""local_consistency"":0.7}",5,0.8683333333333333,0.1548581560283688,0.6783333333333335,0.4840070921985815,0.7733333333333334,0.31943262411347517,0,0.8683333333333333,0.6783333333333335,0.7733333333333334,0.7733333333333334,0,0,1,217,0.810459353233582,0.7435566983663253,93,199,0.8413547310198086,0.03089537778622664,self,,0.7733333333333334,0.5890194444444445,374,self,0.03089537778622664,0.22654423807233112
acs_coverage,single,defendants,community_members,"{""accuracy"":0.1,""tpr"":0.1,""tnr"":0.7,""local_consistency"":0.1}","{""accuracy"":0.1,""tpr"":0.7,""tnr"":0.1,""local_consistency"":0.1}",6,0.8581395348837209,0.16333333333333333,0.25813953488372093,0.7633333333333333,0.5581395348837209,0.4633333333333333,1,0.16333333333333333,0.7633333333333333,0.4633333333333333,0.5581395348837209,0.0948062015503876,,,1,0.22425328554360816,0.8479091995221028,,,,,,,0.4633333333333333,0.12467777777777778,21,self,0.05813803878320012,0.01884302165160648
acs_coverage,self_optimal,defendants,community_members,"{""accuracy"":0.1,""tpr"":0.1,""tnr"":0.7,""local_consistency"":0.1}","{""accuracy"":0.1,""tpr"":0.7,""tnr"":0.1,""local_consistency"":0.1}",6,0.8581395348837209,0.16333333333333333,0.25813953488372093,0.7633333333333333,0.5581395348837209,0.4633333333333333,0,0.8581395348837209,0.25813953488372093,0.5581395348837209,0.5581395348837209,0,,,15,0.872897711607389,0.4543700027570996,,,,,,,0.5581395348837209,0.22151974040021633,21,self,0.05813803878320012,0.01884302165160648
acs_coverage,multi_optimal,defendants,community_members,"{""accuracy"":0.1,""tpr"":0.1,""tnr"":0.7,""local_consistency"":0.1}","{""accuracy"":0.1,""tpr"":0.7,""tnr"":0.1,""local_consistency"":0.1}",6,0.8581395348837209,0.16333333333333333,0.25813953488372093,0.7633333333333333,0.5581395348837209,0.4633333333333333,0,0.8581395348837209,0.25813953488372093,0.5581395348837209,0.5581395348837209,0,,,15,0.872897711607389,0.4543700027570996,,,,,,,0.5581395348837209,0.22151974040021633,21,self,0.05813803878320012,0.01884302165160648
acs_coverage,aggregate,defendants,community_members,"{""accuracy"":0.1,""tpr"":0.1,""tnr"":0.7,""local_consistency"":0.1}","{""accuracy"":0.1,""tpr"":0.7,""tnr"":0.1,""local_consistency"":0.1}",6,0.8581395348837209,0.16333333333333333,0.25813953488372093,0.7633333333333333,0.5581395348837209,0.4633333333333333,0,0.8581395348837209,0.25813953488372093,0.5581395348837209,0.5581395348837209,0,,,,,,,,,,,,0.5581395348837209,0.22151974040021633,21,self,0.05813803878320012,0.01884302165160648
acs_coverage,negotiate,defendants,community_members,"{""accuracy"":0.1,""tpr"":0.1,""tnr"":0.7,""local_consistency"":0.1}","{""accuracy"":0.1,""tpr"":0.7,""tnr"":0.1,""local_consistency"":0.1}",6,0.8581395348837209,0.16333333333333333,0.25813953488372093,0.7633333333333333,0.5581395348837209,0.4633333333333333,0,0.8581395348837209,0.25813953488372093,0.5581395348837209,0.5581395348837209,0,0,1,67,0.8147596728241889,0.597224519805165,15,1,0.872897711607389,0.05813803878320012,self,,0.5581395348837209,0.22151974040021633,21,self,0.05813803878320012,0.01884302165160648
acs_coverage,single,defendants,community_members,"{""accuracy"":0.1,""tpr"":0.1,""tnr"":0.7,""local_consistency"":0.1}","{""accuracy"":0.1,""tpr"":0.7,""tnr"":0.1,""local_consistency"":0.1}",7,0.8843333333333333,0.15155555555555555,0.2843333333333333,0.7515555555555555,0.5843333333333334,0.45155555555555554,1,0.15155555555555555,0.7515555555555555,0.45155555555555554,0.5843333333333334,0.13277777777777783,,,1,0.7922466642625317,0.4833153023199904,,,,,,,0.45155555555555554,0.11390241975308642,341,self,0.08188150285157147,0.02663944919149823
acs_coverage,self_optimal,defendants,community_members,"{""accuracy"":0.1,""tpr"":0.1,""tnr"":0.7,""local_consistency"":0.1}","{""accuracy"":0.1,""tpr"":0.7,""tnr"":0.1,""local_consistency"":0.1}",7,0.8843333333333333,0.15155555555555555,0.2843333333333333,0.7515555555555555,0.5843333333333334,0.45155555555555554,0,0.8843333333333333,0.2843333333333333,0.5843333333333334,0.5843333333333334,0,,,15,0.8866650639099252,0.37686821332692233,,,,,,,0.5843333333333334,0.25144544444444444,341,self,0.08188150285157147,0.02663944919149823
acs_coverage,multi_optimal,defendants,community_members,"{""accuracy"":0.1,""tpr"":0.1,""tnr"":0.7,""local_consistency"":0.1}","{""accuracy"":0.1,""tpr"":0.7,""tnr"":0.1,""local_consistency"":0.1}",7,0.8843333333333333,0.15155555555555555,0.2843333333333333,0.7515555555555555,0.5843333333333334,0.45155555555555554,0,0.8843333333333333,0.2843333333333333,0.5843333333333334,0.5843333333333334,0,,,15,0.8866650639099252,0.37686821332692233,,,,,,,0.5843333333333334,0.25144544444444444,341,self,0.08188150285157147,0.02663944919149823
acs_coverage,aggregate,defendants,community_members,"{""accuracy"":0.1,""tpr"":0.1,""tnr"":0.7,""local_consistency"":0.1}","{""accuracy"":0.1,""tpr"":0.7,""tnr"":0.1,""local_consistency"":0.1}",7,0.8843333333333333,0.15155555555555555,0.2843333333333333,0.7515555555555555,0.5843333333333334,0.45155555555555554,1,0.15155555555555555,0.7515555555555555,0.45155555555555554,0.5843333333333334,0.13277777777777783,,,,,,,,,,,,0.45155555555555554,0.11390241975308642,341,self,0.08188150285157147,0.02663944919149823
acs_coverage,negotiate,defendants,community_members,"{""accuracy"":0.1,""tpr"":0.1,""tnr"":0.7,""local_consistency"":0.1}","{""accuracy"":0.1,""tpr"":0.7,""tnr"":0.1,""local_consistency"":0.1}",7,0.8843333333333333,0.15155555555555555,0.2843333333333333,0.7515555555555555,0.5843333333333334,0.45155555555555554,0,0.8843333333333333,0.2843333333333333,0.5843333333333334,0.5843333333333334,0,0,1,128,0.8047835610583537,0.5304116413564665,15,393,0.8866650639099252,0.08188150285157147,self,,0.5843333333333334,0.25144544444444444,341,self,0.08188150285157147,0.02663944919149823
acs_coverage,single,defendants,community_members,"{""accuracy"":0.1,""tpr"":0.1,""tnr"":0.7,""local_consistency"":0.1}","{""accuracy"":0.1,""tpr"":0.7,""tnr"":0.1,""local_consistency"":0.1}",8,0.854,0.15762962962962965,0.254,0.7576296296296295,0.554,0.4576296296296296,1,0.15762962962962965,0.7576296296296295,0.4576296296296296,0.554,0.09637037037037044,,,1,0.7885429605588279,0.4796115986162867,,,,,,,0.4576296296296296,0.11942487791495199,301,other,0.14105928864313277,0.3294703556784335
acs_coverage,self_optimal,defendants,community_members,"{""accuracy"":0.1,""tpr"":0.1,""tnr"":0.7,""local_consistency"":0.1}","{""accuracy"":0.1,""tpr"":0.7,""tnr"":0.1,""local_consistency"":0.1}",8,0.854,0.15762962962962965,0.254,0.7576296296296295,0.554,0.4576296296296296,0,0.854,0.254,0.554,0.554,0,,,15,0.8866650639099252,0.37686821332692233,,,,,,,0.554,0.216916,301,other,0.14105928864313277,0.3294703556784335
acs_coverage,multi_optimal,defendants,community_members,"{""accuracy"":0.1,""tpr"":0.1,""tnr"":0.7,""local_consistency"":0.1}","{""accuracy"":0.1,""tpr"":0.7,""tnr"":0.1,""local_consistency"":0.1}",8,0.854,0.15762962962962965,0.254,0.7576296296296295,0.554,0.4576296296296296,0,0.854,0.254,0.554,0.554,0,,,15,0.8866650639099252,0.37686821332692233,,,,,,,0.554,0.216916,301,other,0.14105928864313277,0.3294703556784335
acs_coverage,aggregate,defendants,community_members,"{""accuracy"":0.1,""tpr"":0.1,""tnr"":0.7,""local_consistency"":0.1}","{""accuracy"":0.1,""tpr"":0.7,""tnr"":0.1,""local_consistency"":0.1}",8,0.854,0.15762962962962965,0.254,0.7576296296296295,0.554,0.4576296296296296,0,0.854,0.254,0.554,0.554,0,,,,,,,,,,,,0.554,0.216916,301,other,0.14105928864313277,0.3294703556784335
acs_coverage,negotiate,defendants,community_members,"{""accuracy"":0.1,""tpr"":0.1,""tnr"":0.7,""local_consistency"":0.1}","{""accuracy"":0.1,""tpr"":0.7,""tnr"":0.1,""local_consistency"":0.1}",8,0.854,0.15762962962962965,0.254,0.7576296296296295,0.554,0.4576296296296296,1,0.15762962962962965,0.7576296296296295,0.4576296296296296,0.554,0.09637037037037044,1,1,541,0.7456057752667924,0.66368487131199,15,393,0.8866650639099252,0.14105928864313277,other,,0.4576296296296296,0.11942487791495199,301,other,0.14105928864313277,0.3294703556784335
acs_coverage,single,defendants,judges,"{""accuracy"":0.1,""tpr"":0.1,""tnr"":0.7,""local_consistency"":0.1}","{""accuracy"":0.7,""tpr"":0.1,""tnr"":0.1,""local_consistency"":0.1}",9,0.845268817204301,0.17632850241545894,0.845268817204301,0.17632850241545894,0.845268817204301,0.17632850241545894,1,0.17632850241545894,0.17632850241545894,0.17632850241545894,0.845268817204301,0.6689403147888421,,,1,0.8135731304785013,0.7191144774520735,,,,,,,0.17632850241545894,0.031091740764078512,417,self,0.0,0.3380819868406804
acs_coverage,self_optimal,defendants,judges,"{""accuracy"":0.1,""tpr"":0.1,""tnr"":0.7,""local_consistency"":0.1}","{""accuracy"":0.7,""tpr"":0.1,""tnr"":0.1,""local_consistency"":0.1}",9,0.845268817204301,0.17632850241545894,0.845268817204301,0.17632850241545894,0.845268817204301,0.17632850241545894,0,0.845268817204301,0.845268817204301,0.845268817204301,0.845268817204301,0,,,7,0.8428127414422504,0.6931816746227191,,,,,,,0.845268817204301,0.7144793733379581,417,self,0.0,0.3380819868406804
acs_coverage,multi_optimal,defendants,judges,"{""accuracy"":0.1,""tpr"":0.1,""tnr"":0.7,""local_consistency"":0.1}","{""accuracy"":0.7,""tpr"":0.1,""tnr"":0.1,""local_consistency"":0.1}",9,0.845268817204301,0.17632850241545894,0.845268817204301,0.17632850241545894,0.845268817204301,0.17632850241545894,0,0.845268817204301,0.845268817204301,0.845268817204301,0.845268817204301,0,,,7,0.8428127414422504,0.6931816746227191,,,,,,,0.845268817204301,0.7144793733379581,417,self,0.0,0.3380819868406804
acs_coverage,aggregate,defendants,judges,"{""accuracy"":0.1,""tpr"":0.1,""tnr"":0.7,""local_consistency"":0.1}","{""accuracy"":0.7,""tpr"":0.1,""tnr"":0.1,""local_consistency"":0.1}",9,0.845268817204301,0.17632850241545894,0.845268817204301,0.17632850241545894,0.845268817204301,0.17632850241545894,0,0.845268817204301,0.845268817204301,0.845268817204301,0.845268817204301,0,,,,,,,,,,,,0.845268817204301,0.7144793733379581,417,self,0.0,0.3380819868406804
acs_coverage,negotiate,defendants,judges,"{""accuracy"":0.1,""tpr"":0.1,""tnr"":0.7,""local_consistency"":0.1}","{""accuracy"":0.7,""tpr"":0.1,""tnr"":0.1,""local_consistency"":0.1}",9,0.845268817204301,0.17632850241545894,0.845268817204301,0.17632850241545894,0.845268817204301,0.17632850241545894,0,0.845268817204301,0.845268817204301,0.845268817204301,0.845268817204301,0,0,1,7,0.8428127414422504,0.6931816746227191,7,147,0.8428127414422504,0,self,,0.845268817204301,0.7144793733379581,417,self,0.0,0.3380819868406804
acs_coverage,single,defendants,community_members,"{""accuracy"":0.1,""tpr"":0.1,""tnr"":0.7,""local_consistency"":0.1}","{""accuracy"":0.1,""tpr"":0.7,""tnr"":0.1,""local_consistency"":0.1}",10,0.8304678362573099,0.18038759689922482,0.23046783625730996,0.7803875968992248,0.53046783625731,0.4803875968992248,1,0.18038759689922482,0.7803875968992248,0.4803875968992248,0.53046783625731,0.0500802393580852,,,1,0.7264462560386475,0.41050422705314016,,,,,,,0.4803875968992248,0.1407722432546121,33,other,0.14040458937198075,0.3297977053140096
acs_coverage,self_optimal,defendants,community_members,"{""accuracy"":0.1,""tpr"":0.1,""tnr"":0.7,""local_consistency"":0.1}","{""accuracy"":0.1,""tpr"":0.7,""tnr"":0.1,""local_consistency"":0.1}",10,0.8304678362573099,0.18038759689922482,0.23046783625730996,0.7803875968992248,0.53046783625731,0.4803875968992248,0,0.8304678362573099,0.23046783625730996,0.53046783625731,0.53046783625731,0,,,217,0.8318750000000001,0.23187500000000005,,,,,,,0.53046783625731,0.1913961253035122,33,other,0.14040458937198075,0.3297977053140096
acs_coverage,multi_optimal,defendants,community_members,"{""accuracy"":0.1,""tpr"":0.1,""tnr"":0.7,""local_consistency"":0.1}","{""accuracy"":0.1,""tpr"":0.7,""tnr"":0.1,""local_consistency"":0.1}",10,0.8304678362573099,0.18038759689922482,0.23046783625730996,0.7803875968992248,0.53046783625731,0.4803875968992248,0,0.8304678362573099,0.23046783625730996,0.53046783625731,0.53046783625731,0,,,217,0.8318750000000001,0.23187500000000005,,,,,,,0.53046783625731,0.1913961253035122,33,other,0.14040458937198075,0.3297977053140096
acs_coverage,aggregate,defendants,community_members,"{""accuracy"":0.1,""tpr"":0.1,""tnr"":0.7,""local_consistency"":0.1}","{""accuracy"":0.1,""tpr"":0.7,""tnr"":0.1,""local_consistency"":0.1}",10,0.8304678362573099,0.18038759689922482,0.23046783625730996,0.7803875968992248,0.53046783625731,0.4803875968992248,0,0.8304678362573099,0.23046783625730996,0.53046783625731,0.53046783625731,0,,,,,,,,,,,,0.53046783625731,0.1913961253035122,33,other,0.14040458937198075,0.3297977053140096
acs_coverage,negotiate,defendants,community_members,"{""accuracy"":0.1,""tpr"":0.1,""tnr"":0.7,""local_consistency"":0.1}","{""accuracy"":0.1,""tpr"":0.7,""tnr"":0.1,""local_consistency"":0.1}",10,0.8304678362573099,0.18038759689922482,0.23046783625730996,0.7803875968992248,0.53046783625731,0.4803875968992248,1,0.18038759689922482,0.7803875968992248,0.4803875968992248,0.53046783625731,0.0500802393580852,1,1,28,0.6914704106280194,0.6074124396135268,217,12,0.8318750000000001,0.14040458937198075,other,,0.4803875968992248,0.1407722432546121,33,other,0.14040458937198075,0.3297977053140096
acs_coverage,single,defendants,community_members,"{""accuracy"":0.1,""tpr"":0.1,""tnr"":0.7,""local_consistency"":0.1}","{""accuracy"":0.1,""tpr"":0.7,""tnr"":0.1,""local_consistency"":0.1}",11,0.7544444444444444,0.2812280701754386,0.15444444444444447,0.8812280701754385,0.45444444444444443,0.5812280701754385,0,0.7544444444444444,0.15444444444444447,0.45444444444444443,0.5812280701754385,0.1267836257309941,,,1,0.7910779436152571,0.4539635157545605,,,,,,,0.45444444444444443,0.11651975308641976,209,other,0.09954671088999445,0.4147491301061124
acs_coverage,self_optimal,defendants,community_members,"{""accuracy"":0.1,""tpr"":0.1,""tnr"":0.7,""local_consistency"":0.1}","{""accuracy"":0.1,""tpr"":0.7,""tnr"":0.1,""local_consistency"":0.1}",11,0.7544444444444444,0.2812280701754386,0.15444444444444447,0.8812280701754385,0.45444444444444443,0.5812280701754385,0,0.7544444444444444,0.15444444444444447,0.45444444444444443,0.5812280701754385,0.1267836257309941,,,89,0.8977777777777778,0.2844444444444445,,,,,,,0.45444444444444443,0.11651975308641976,209,other,0.09954671088999445,0.4147491301061124
acs_coverage,multi_optimal,defendants,community_members,"{""accuracy"":0.1,""tpr"":0.1,""tnr"":0.7,""local_consistency"":0.1}","{""accuracy"":0.1,""tpr"":0.7,""tnr"":0.1,""local_consistency"":0.1}",11,0.7544444444444444,0.2812280701754386,0.15444444444444447,0.8812280701754385,0.45444444444444443,0.5812280701754385,0,0.7544444444444444,0.15444444444444447,0.45444444444444443,0.5812280701754385,0.1267836257309941,,,89,0.8977777777777778,0.2844444444444445,,,,,,,0.45444444444444443,0.11651975308641976,209,other,0.09954671088999445,0.4147491301061124
acs_coverage,aggregate,defendants,community_members,"{""accuracy"":0.1,""tpr"":0.1,""tnr"":0.7,""local_consistency"":0.1}","{""accuracy"":0.1,""tpr"":0.7,""tnr"":0.1,""local_consistency"":0.1}",11,0.7544444444444444,0.2812280701754386,0.15444444444444447,0.8812280701754385,0.45444444444444443,0.5812280701754385,0,0.7544444444444444,0.15444444444444447,0.45444444444444443,0.5812280701754385,0.1267836257309941,,,,,,,,,,,,0.45444444444444443,0.11651975308641976,209,other,0.09954671088999445,0.4147491301061124
acs_coverage,negotiate,defendants,community_members,"{""accuracy"":0.1,""tpr"":0.1,""tnr"":0.7,""local_consistency"":0.1}","{""accuracy"":0.1,""tpr"":0.7,""tnr"":0.1,""local_consistency"":0.1}",11,0.7544444444444444,0.2812280701754386,0.15444444444444447,0.8812280701754385,0.45444444444444443,0.5812280701754385,1,0.2812280701754386,0.8812280701754385,0.5812280701754385,0.5812280701754385,0,1,1,118,0.7982310668877833,0.5076838032061913,89,12,0.8977777777777778,0.09954671088999445,other,,0.5812280701754385,0.24782606955986455,209,other,0.09954671088999445,0.4147491301061124
acs_coverage,single,defendants,fairness_advocates,"{""accuracy"":0.1,""tpr"":0.1,""tnr"":0.7,""local_consistency"":0.1}","{""accuracy"":0.1,""tpr"":0.1,""tnr"":0.1,""local_consistency"":0.7}",12,0.845268817204301,0.17632850241545894,0.5168817204301075,0.6342995169082125,0.6810752688172043,0.40531400966183573,1,0.17632850241545894,0.6342995169082125,0.40531400966183573,0.6810752688172043,0.27576125915536853,,,1,0.8226970560303895,0.741215574548908,,,,,,,0.40531400966183573,0.1118450838992742,391,self,0.007823296329043328,0.1462933957651222
acs_coverage,self_optimal,defendants,fairness_advocates,"{""accuracy"":0.1,""tpr"":0.1,""tnr"":0.7,""local_consistency"":0.1}","{""accuracy"":0.1,""tpr"":0.1,""tnr"":0.1,""local_consistency"":0.7}",12,0.845268817204301,0.17632850241545894,0.5168817204301075,0.6342995169082125,0.6810752688172043,0.40531400966183573,0,0.845268817204301,0.5168817204301075,0.6810752688172043,0.6810752688172043,0,,,7,0.855185512656777,0.6012902380718472,,,,,,,0.6810752688172043,0.4369040004624812,391,self,0.007823296329043328,0.1462933957651222
acs_coverage,multi_optimal,defendants,fairness_advocates,"{""accuracy"":0.1,""tpr"":0.1,""tnr"":0.7,""local_consistency"":0.1}","{""accuracy"":0.1,""tpr"":0.1,""tnr"":0.1,""local_consistency"":0.7}",12,0.845268817204301,0.17632850241545894,0.5168817204301075,0.6342995169082125,0.6810752688172043,0.40531400966183573,0,0.845268817204301,0.5168817204301075,0.6810752688172043,0.6810752688172043,0,,,7,0.855185512656777,0.6012902380718472,,,,,,,0.6810752688172043,0.4369040004624812,391,self,0.007823296329043328,0.1462933957651222
acs_coverage,aggregate,defendants,fairness_advocates,"{""accuracy"":0.1,""tpr"":0.1,""tnr"":0.7,""local_consistency"":0.1}","{""accuracy"":0.1,""tpr"":0.1,""tnr"":0.1,""local_consistency"":0.7}",12,0.845268817204301,0.17632850241545894,0.5168817204301075,0.6342995169082125,0.6810752688172043,0.40531400966183573,0,0.845268817204301,0.5168817204301075,0.6810752688172043,0.6810752688172043,0,,,,,,,,,,,,0.6810752688172043,0.4369040004624812,391,self,0.007823296329043328,0.1462933957651222
acs_coverage,negotiate,defendants,fairness_advocates,"{""accuracy"":0.1,""tpr"":0.1,""tnr"":0.7,""local_consistency"":0.1}","{""accuracy"":0.1,""tpr"":0.1,""tnr"":0.1,""local_consistency"":0.7}",12,0.845268817204301,0.17632850241545894,0.5168817204301075,0.6342995169082125,0.6810752688172043,0.40531400966183573,0,0.845268817204301,0.5168817204301075,0.6810752688172043,0.6810752688172043,0,0,1,217,0.8473622163277337,0.6182434423813734,7,68,0.855185512656777,0.007823296329043328,self,,0.6810752688172043,0.4369040004624812,391,self,0.007823296329043328,0.1462933957651222
acs_coverage,single,defendants,fairness_advocates,"{""accuracy"":0.1,""tpr"":0.1,""tnr"":0.7,""local_consistency"":0.1}","{""accuracy"":0.1,""tpr"":0.1,""tnr"":0.1,""local_consistency"":0.7}",13,0.7516666666666666,0.27621527777777777,0.46166666666666656,0.7335069444444444,0.6066666666666666,0.5048611111111111,1,0.27621527777777777,0.7335069444444444,0.5048611111111111,0.6066666666666666,0.10180555555555548,,,1,0.8226970560303895,0.741215574548908,,,,,,,0.5048611111111111,0.20260582441165123,390,self,0.0,0.061554793897087144
acs_coverage,self_optimal,defendants,fairness_advocates,"{""accuracy"":0.1,""tpr"":0.1,""tnr"":0.7,""local_consistency"":0.1}","{""accuracy"":0.1,""tpr"":0.1,""tnr"":0.1,""local_consistency"":0.7}",13,0.7516666666666666,0.27621527777777777,0.46166666666666656,0.7335069444444444,0.6066666666666666,0.5048611111111111,0,0.7516666666666666,0.46166666666666656,0.6066666666666666,0.6066666666666666,0,,,93,0.862131185119691,0.6450175197301634,,,,,,,0.6066666666666666,0.3470194444444443,390,self,0.0,0.061554793897087144
acs_coverage,multi_optimal,defendants,fairness_advocates,"{""accuracy"":0.1,""tpr"":0.1,""tnr"":0.7,""local_consistency"":0.1}","{""accuracy"":0.1,""tpr"":0.1,""tnr"":0.1,""local_consistency"":0.7}",13,0.7516666666666666,0.27621527777777777,0.46166666666666656,0.7335069444444444,0.6066666666666666,0.5048611111111111,0,0.7516666666666666,0.46166666666666656,0.6066666666666666,0.6066666666666666,0,,,93,0.862131185119691,0.6450175197301634,,,,,,,0.6066666666666666,0.3470194444444443,390,self,0.0,0.061554793897087144
acs_coverage,aggregate,defendants,fairness_advocates,"{""accuracy"":0.1,""tpr"":0.1,""tnr"":0.7,""local_consistency"":0.1}","{""accuracy"":0.1,""tpr"":0.1,""tnr"":0.1,""local_consistency"":0.7}",13,0.7516666666666666,0.27621527777777777,0.46166666666666656,0.7335069444444444,0.6066666666666666,0.5048611111111111,1,0.27621527777777777,0.7335069444444444,0.5048611111111111,0.6066666666666666,0.10180555555555548,,,,,,,,,,,,0.5048611111111111,0.20260582441165123,390,self,0.0,0.061554793897087144
acs_coverage,negotiate,defendants,fairness_advocates,"{""accuracy"":0.1,""tpr"":0.1,""tnr"":0.7,""local_consistency"":0.1}","{""accuracy"":0.1,""tpr"":0.1,""tnr"":0.1,""local_consistency"":0.7}",13,0.7516666666666666,0.27621527777777777,0.46166666666666656,0.7335069444444444,0.6066666666666666,0.5048611111111111,0,0.7516666666666666,0.46166666666666656,0.6066666666666666,0.6066666666666666,0,0,1,93,0.862131185119691,0.6450175197301634,93,109,0.862131185119691,0,self,,0.6066666666666666,0.3470194444444443,390,self,0.0,0.061554793897087144
acs_coverage,single,defendants,community_members,"{""accuracy"":0.1,""tpr"":0.1,""tnr"":0.7,""local_consistency"":0.1}","{""accuracy"":0.1,""tpr"":0.7,""tnr"":0.1,""local_consistency"":0.1}",14,0.7649074074074074,0.25895833333333335,0.16490740740740742,0.8589583333333333,0.4649074074074074,0.5589583333333333,1,0.25895833333333335,0.8589583333333333,0.5589583333333333,0.5589583333333333,0,,,1,0.2609507640067912,0.8222410865874364,,,,,,,0.5589583333333333,0.22243441840277778,13,other,0.08793696399808448,0.35603151800095767
acs_coverage,self_optimal,defendants,community_members,"{""accuracy"":0.1,""tpr"":0.1,""tnr"":0.7,""local_consistency"":0.1}","{""accuracy"":0.1,""tpr"":0.7,""tnr"":0.1,""local_consistency"":0.1}",14,0.7649074074074074,0.25895833333333335,0.16490740740740742,0.8589583333333333,0.4649074074074074,0.5589583333333333,0,0.7649074074074074,0.16490740740740742,0.4649074074074074,0.5589583333333333,0.09405092592592595,,,15,0.8471868878150712,0.4705119498498107,,,,,,,0.4649074074074074,0.1261388974622771,13,other,0.08793696399808448,0.35603151800095767
acs_coverage,multi_optimal,defendants,community_members,"{""accuracy"":0.1,""tpr"":0.1,""tnr"":0.7,""local_consistency"":0.1}","{""accuracy"":0.1,""tpr"":0.7,""tnr"":0.1,""local_consistency"":0.1}",14,0.7649074074074074,0.25895833333333335,0.16490740740740742,0.8589583333333333,0.4649074074074074,0.5589583333333333,0,0.7649074074074074,0.16490740740740742,0.4649074074074074,0.5589583333333333,0.09405092592592595,,,15,0.8471868878150712,0.4705119498498107,,,,,,,0.4649074074074074,0.1261388974622771,13,other,0.08793696399808448,0.35603151800095767
acs_coverage,aggregate,defendants,community_members,"{""accuracy"":0.1,""tpr"":0.1,""tnr"":0.7,""local_consistency"":0.1}","{""accuracy"":0.1,""tpr"":0.7,""tnr"":0.1,""local_consistency"":0.1}",14,0.7649074074074074,0.25895833333333335,0.16490740740740742,0.8589583333333333,0.4649074074074074,0.5589583333333333,0,0.7649074074074074,0.16490740740740742,0.4649074074074074,0.5589583333333333,0.09405092592592595,,,,,,,,,,,,0.4649074074074074,0.1261388974622771,13,other,0.08793696399808448,0.35603151800095767
acs_coverage,negotiate,defendants,community_members,"{""accuracy"":0.1,""tpr"":0.1,""tnr"":0.7,""local_consistency"":0.1}","{""accuracy"":0.1,""tpr"":0.7,""tnr"":0.1,""local_consistency"":0.1}",14,0.7649074074074074,0.25895833333333335,0.16490740740740742,0.8589583333333333,0.4649074074074074,0.5589583333333333,1,0.25895833333333335,0.8589583333333333,0.5589583333333333,0.5589583333333333,0,1,1,82,0.7592499238169867,0.6870414870924209,15,1,0.8471868878150712,0.08793696399808448,other,,0.5589583333333333,0.22243441840277778,13,other,0.08793696399808448,0.35603151800095767
acs_coverage,single,defendants,community_members,"{""accuracy"":0.1,""tpr"":0.1,""tnr"":0.7,""local_consistency"":0.1}","{""accuracy"":0.1,""tpr"":0.7,""tnr"":0.1,""local_consistency"":0.1}",15,0.8894871794871795,0.1417624521072797,0.2894871794871795,0.7417624521072796,0.5894871794871794,0.44176245210727966,1,0.1417624521072797,0.7417624521072796,0.44176245210727966,0.5894871794871794,0.14772472737989978,,,1,0.789363722697056,0.4736942070275404,,,,,,,0.44176245210727966,0.10515406409183659,370,self,0.06318891836133234,0.04342199033628717
acs_coverage,self_optimal,defendants,community_members,"{""accuracy"":0.1,""tpr"":0.1,""tnr"":0.7,""local_consistency"":0.1}","{""accuracy"":0.1,""tpr"":0.7,""tnr"":0.1,""local_consistency"":0.1}",15,0.8894871794871795,0.1417624521072797,0.2894871794871795,0.7417624521072796,0.5894871794871794,0.44176245210727966,0,0.8894871794871795,0.2894871794871795,0.5894871794871794,0.5894871794871794,0,,,93,0.8991682221567281,0.3350460097586535,,,,,,,0.5894871794871794,0.25749513477975017,370,self,0.06318891836133234,0.04342199033628717
acs_coverage,multi_optimal,defendants,community_members,"{""accuracy"":0.1,""tpr"":0.1,""tnr"":0.7,""local_consistency"":0.1}","{""accuracy"":0.1,""tpr"":0.7,""tnr"":0.1,""local_consistency"":0.1}",15,0.8894871794871795,0.1417624521072797,0.2894871794871795,0.7417624521072796,0.5894871794871794,0.44176245210727966,0,0.8894871794871795,0.2894871794871795,0.5894871794871794,0.5894871794871794,0,,,93,0.8991682221567281,0.3350460097586535,,,,,,,0.5894871794871794,0.25749513477975017,370,self,0.06318891836133234,0.04342199033628717
acs_coverage,aggregate,defendants,community_members,"{""accuracy"":0.1,""tpr"":0.1,""tnr"":0.7,""local_consistency"":0.1}","{""accuracy"":0.1,""tpr"":0.7,""tnr"":0.1,""local_consistency"":0.1}",15,0.8894871794871795,0.1417624521072797,0.2894871794871795,0.7417624521072796,0.5894871794871794,0.44176245210727966,0,0.8894871794871795,0.2894871794871795,0.5894871794871794,0.5894871794871794,0,,,,,,,,,,,,0.5894871794871794,0.25749513477975017,370,self,0.06318891836133234,0.04342199033628717
acs_coverage,negotiate,defendants,community_members,"{""accuracy"":0.1,""tpr"":0.1,""tnr"":0.7,""local_consistency"":0.1}","{""accuracy"":0.1,""tpr"":0.7,""tnr"":0.1,""local_consistency"":0.1}",15,0.8894871794871795,0.1417624521072797,0.2894871794871795,0.7417624521072796,0.5894871794871794,0.44176245210727966,0,0.8894871794871795,0.2894871794871795,0.5894871794871794,0.5894871794871794,0,0,1,88,0.8359793037953958,0.5279726233749222,93,68,0.8991682221567281,0.06318891836133234,self,,0.5894871794871794,0.25749513477975017,370,self,0.06318891836133234,0.04342199033628717
acs_coverage,single,defendants,judges,"{""accuracy"":0.1,""tpr"":0.1,""tnr"":0.7,""local_consistency"":0.1}","{""accuracy"":0.7,""tpr"":0.1,""tnr"":0.1,""local_consistency"":0.1}",16,0.7944444444444444,0.2388235294117647,0.19444444444444448,0.8388235294117646,0.49444444444444446,0.5388235294117647,0,0.7944444444444444,0.19444444444444448,0.49444444444444446,0.5388235294117647,0.04437908496732024,,,1,0.7885663082437276,0.6152022529441885,,,,,,,0.49444444444444446,0.1544753086419753,402,self,0.03010752688172036,-0.01505376344086018
acs_coverage,self_optimal,defendants,judges,"{""accuracy"":0.1,""tpr"":0.1,""tnr"":0.7,""local_consistency"":0.1}","{""accuracy"":0.7,""tpr"":0.1,""tnr"":0.1,""local_consistency"":0.1}",16,0.7944444444444444,0.2388235294117647,0.19444444444444448,0.8388235294117646,0.49444444444444446,0.5388235294117647,0,0.7944444444444444,0.19444444444444448,0.49444444444444446,0.5388235294117647,0.04437908496732024,,,92,0.85610513739546,0.6409899300221882,,,,,,,0.49444444444444446,0.1544753086419753,402,self,0.03010752688172036,-0.01505376344086018
acs_coverage,multi_optimal,defendants,judges,"{""accuracy"":0.1,""tpr"":0.1,""tnr"":0.7,""local_consistency"":0.1}","{""accuracy"":0.7,""tpr"":0.1,""tnr"":0.1,""local_consistency"":0.1}",16,0.7944444444444444,0.2388235294117647,0.19444444444444448,0.8388235294117646,0.49444444444444446,0.5388235294117647,0,0.7944444444444444,0.19444444444444448,0.49444444444444446,0.5388235294117647,0.04437908496732024,,,92,0.85610513739546,0.6409899300221882,,,,,,,0.49444444444444446,0.1544753086419753,402,self,0.03010752688172036,-0.01505376344086018
acs_coverage,aggregate,defendants,judges,"{""accuracy"":0.1,""tpr"":0.1,""tnr"":0.7,""local_consistency"":0.1}","{""accuracy"":0.7,""tpr"":0.1,""tnr"":0.1,""local_consistency"":0.1}",16,0.7944444444444444,0.2388235294117647,0.19444444444444448,0.8388235294117646,0.49444444444444446,0.5388235294117647,0,0.7944444444444444,0.19444444444444448,0.49444444444444446,0.5388235294117647,0.04437908496732024,,,,,,,,,,,,0.49444444444444446,0.1544753086419753,402,self,0.03010752688172036,-0.01505376344086018
acs_coverage,negotiate,defendants,judges,"{""accuracy"":0.1,""tpr"":0.1,""tnr"":0.7,""local_consistency"":0.1}","{""accuracy"":0.7,""tpr"":0.1,""tnr"":0.1,""local_consistency"":0.1}",16,0.7944444444444444,0.2388235294117647,0.19444444444444448,0.8388235294117646,0.49444444444444446,0.5388235294117647,0,0.7944444444444444,0.19444444444444448,0.49444444444444446,0.5388235294117647,0.04437908496732024,0,1,183,0.8259976105137397,0.673094384707288,92,202,0.85610513739546,0.03010752688172036,self,,0.49444444444444446,0.1544753086419753,402,self,0.03010752688172036,-0.01505376344086018
acs_coverage,single,defendants,fairness_advocates,"{""accuracy"":0.1,""tpr"":0.1,""tnr"":0.7,""local_consistency"":0.1}","{""accuracy"":0.1,""tpr"":0.1,""tnr"":0.1,""local_consistency"":0.7}",17,0.8154954954954954,0.19615384615384618,0.3084684684684685,0.773076923076923,0.5619819819819819,0.48461538461538456,0,0.8154954954954954,0.3084684684684685,0.5619819819819819,0.5619819819819819,0,,,1,0.678690284487386,0.2757917337627483,,,,,,,0.5619819819819819,0.2515546465384303,328,other,0.00026838432635534204,-0.36145089347987897
acs_coverage,self_optimal,defendants,fairness_advocates,"{""accuracy"":0.1,""tpr"":0.1,""tnr"":0.7,""local_consistency"":0.1}","{""accuracy"":0.1,""tpr"":0.1,""tnr"":0.1,""local_consistency"":0.7}",17,0.8154954954954954,0.19615384615384618,0.3084684684684685,0.773076923076923,0.5619819819819819,0.48461538461538456,1,0.19615384615384618,0.773076923076923,0.48461538461538456,0.5619819819819819,0.07736659736659734,,,91,0.8336017176596887,0.8915727321524424,,,,,,,0.48461538461538456,0.15164201183431952,328,other,0.00026838432635534204,-0.36145089347987897
acs_coverage,multi_optimal,defendants,fairness_advocates,"{""accuracy"":0.1,""tpr"":0.1,""tnr"":0.7,""local_consistency"":0.1}","{""accuracy"":0.1,""tpr"":0.1,""tnr"":0.1,""local_consistency"":0.7}",17,0.8154954954954954,0.19615384615384618,0.3084684684684685,0.773076923076923,0.5619819819819819,0.48461538461538456,1,0.19615384615384618,0.773076923076923,0.48461538461538456,0.5619819819819819,0.07736659736659734,,,91,0.8336017176596887,0.8915727321524424,,,,,,,0.48461538461538456,0.15164201183431952,328,other,0.00026838432635534204,-0.36145089347987897
acs_coverage,aggregate,defendants,fairness_advocates,"{""accuracy"":0.1,""tpr"":0.1,""tnr"":0.7,""local_consistency"":0.1}","{""accuracy"":0.1,""tpr"":0.1,""tnr"":0.1,""local_consistency"":0.7}",17,0.8154954954954954,0.19615384615384618,0.3084684684684685,0.773076923076923,0.5619819819819819,0.48461538461538456,1,0.19615384615384618,0.773076923076923,0.48461538461538456,0.5619819819819819,0.07736659736659734,,,,,,,,,,,,0.48461538461538456,0.15164201183431952,328,other,0.00026838432635534204,-0.36145089347987897
acs_coverage,negotiate,defendants,fairness_advocates,"{""accuracy"":0.1,""tpr"":0.1,""tnr"":0.7,""local_consistency"":0.1}","{""accuracy"":0.1,""tpr"":0.1,""tnr"":0.1,""local_consistency"":0.7}",17,0.8154954954954954,0.19615384615384618,0.3084684684684685,0.773076923076923,0.5619819819819819,0.48461538461538456,0,0.8154954954954954,0.3084684684684685,0.5619819819819819,0.5619819819819819,0,0,1,217,0.8333333333333334,0.5,91,28,0.8336017176596887,0.00026838432635534204,other,,0.5619819819819819,0.2515546465384303,328,other,0.00026838432635534204,-0.36145089347987897
acs_coverage,single,defendants,fairness_advocates,"{""accuracy"":0.1,""tpr"":0.1,""tnr"":0.7,""local_consistency"":0.1}","{""accuracy"":0.1,""tpr"":0.1,""tnr"":0.1,""local_consistency"":0.7}",18,0.8304678362573099,0.18038759689922482,0.4132748538011696,0.6627131782945737,0.6218713450292397,0.4215503875968992,1,0.18038759689922482,0.6627131782945737,0.4215503875968992,0.6218713450292397,0.20032095743234046,,,1,0.7264462560386475,0.6638375603864733,,,,,,,0.4215503875968992,0.11954523766600565,372,self,0.0,0.10599679834553705
acs_coverage,self_optimal,defendants,fairness_advocates,"{""accuracy"":0.1,""tpr"":0.1,""tnr"":0.7,""local_consistency"":0.1}","{""accuracy"":0.1,""tpr"":0.1,""tnr"":0.1,""local_consistency"":0.7}",18,0.8304678362573099,0.18038759689922482,0.4132748538011696,0.6627131782945737,0.6218713450292397,0.4215503875968992,0,0.8304678362573099,0.4132748538011696,0.6218713450292397,0.6218713450292397,0,,,217,0.8318750000000001,0.5918749999999999,,,,,,,0.6218713450292397,0.3432114736158134,372,self,0.0,0.10599679834553705
acs_coverage,multi_optimal,defendants,fairness_advocates,"{""accuracy"":0.1,""tpr"":0.1,""tnr"":0.7,""local_consistency"":0.1}","{""accuracy"":0.1,""tpr"":0.1,""tnr"":0.1,""local_consistency"":0.7}",18,0.8304678362573099,0.18038759689922482,0.4132748538011696,0.6627131782945737,0.6218713450292397,0.4215503875968992,0,0.8304678362573099,0.4132748538011696,0.6218713450292397,0.6218713450292397,0,,,217,0.8318750000000001,0.5918749999999999,,,,,,,0.6218713450292397,0.3432114736158134,372,self,0.0,0.10599679834553705
acs_coverage,aggregate,defendants,fairness_advocates,"{""accuracy"":0.1,""tpr"":0.1,""tnr"":0.7,""local_consistency"":0.1}","{""accuracy"":0.1,""tpr"":0.1,""tnr"":0.1,""local_consistency"":0.7}",18,0.8304678362573099,0.18038759689922482,0.4132748538011696,0.6627131782945737,0.6218713450292397,0.4215503875968992,0,0.8304678362573099,0.4132748538011696,0.6218713450292397,0.6218713450292397,0,,,,,,,,,,,,0.6218713450292397,0.3432114736158134,372,self,0.0,0.10599679834553705
acs_coverage,negotiate,defendants,fairness_advocates,"{""accuracy"":0.1,""tpr"":0.1,""tnr"":0.7,""local_consistency"":0.1}","{""accuracy"":0.1,""tpr"":0.1,""tnr"":0.1,""local_consistency"":0.7}",18,0.8304678362573099,0.18038759689922482,0.4132748538011696,0.6627131782945737,0.6218713450292397,0.4215503875968992,0,0.8304678362573099,0.4132748538011696,0.6218713450292397,0.6218713450292397,0,0,1,217,0.8318750000000001,0.5918749999999999,217,109,0.8318750000000001,0,self,,0.6218713450292397,0.3432114736158134,372,self,0.0,0.10599679834553705
acs_coverage,single,defendants,community_members,"{""accuracy"":0.1,""tpr"":0.1,""tnr"":0.7,""local_consistency"":0.1}","{""accuracy"":0.1,""tpr"":0.7,""tnr"":0.1,""local_consistency"":0.1}",19,0.8786831275720164,0.1543859649122807,0.27868312757201646,0.7543859649122806,0.5786831275720165,0.45438596491228067,0,0.8786831275720164,0.27868312757201646,0.5786831275720165,0.5786831275720165,0,,,1,0.8070614790773465,0.49813011713480526,,,,,,,0.5786831275720165,0.24487416213653065,288,self,0.13016054280028322,-0.06508027140014161
acs_coverage,self_optimal,defendants,community_members,"{""accuracy"":0.1,""tpr"":0.1,""tnr"":0.7,""local_consistency"":0.1}","{""accuracy"":0.1,""tpr"":0.7,""tnr"":0.1,""local_consistency"":0.1}",19,0.8786831275720164,0.1543859649122807,0.27868312757201646,0.7543859649122806,0.5786831275720165,0.45438596491228067,0,0.8786831275720164,0.27868312757201646,0.5786831275720165,0.5786831275720165,0,,,15,0.8866650639099252,0.37686821332692233,,,,,,,0.5786831275720165,0.24487416213653065,288,self,0.13016054280028322,-0.06508027140014161
acs_coverage,multi_optimal,defendants,community_members,"{""accuracy"":0.1,""tpr"":0.1,""tnr"":0.7,""local_consistency"":0.1}","{""accuracy"":0.1,""tpr"":0.7,""tnr"":0.1,""local_consistency"":0.1}",19,0.8786831275720164,0.1543859649122807,0.27868312757201646,0.7543859649122806,0.5786831275720165,0.45438596491228067,0,0.8786831275720164,0.27868312757201646,0.5786831275720165,0.5786831275720165,0,,,15,0.8866650639099252,0.37686821332692233,,,,,,,0.5786831275720165,0.24487416213653065,288,self,0.13016054280028322,-0.06508027140014161
acs_coverage,aggregate,defendants,community_members,"{""accuracy"":0.1,""tpr"":0.1,""tnr"":0.7,""local_consistency"":0.1}","{""accuracy"":0.1,""tpr"":0.7,""tnr"":0.1,""local_consistency"":0.1}",19,0.8786831275720164,0.1543859649122807,0.27868312757201646,0.7543859649122806,0.5786831275720165,0.45438596491228067,0,0.8786831275720164,0.27868312757201646,0.5786831275720165,0.5786831275720165,0,,,,,,,,,,,,0.5786831275720165,0.24487416213653065,288,self,0.13016054280028322,-0.06508027140014161
acs_coverage,negotiate,defendants,community_members,"{""accuracy"":0.1,""tpr"":0.1,""tnr"":0.7,""local_consistency"":0.1}","{""accuracy"":0.1,""tpr"":0.7,""tnr"":0.1,""local_consistency"":0.1}",19,0.8786831275720164,0.1543859649122807,0.27868312757201646,0.7543859649122806,0.5786831275720165,0.45438596491228067,0,0.8786831275720164,0.27868312757201646,0.5786831275720165,0.5786831275720165,0,0,1,62,0.756504521109642,0.6265009149069733,15,393,0.8866650639099252,0.13016054280028322,self,,0.5786831275720165,0.24487416213653065,288,self,0.13016054280028322,-0.06508027140014161
acs_coverage,single,fairness_advocates,community_members,"{""accuracy"":0.1,""tpr"":0.1,""tnr"":0.1,""local_consistency"":0.7}","{""accuracy"":0.1,""tpr"":0.7,""tnr"":0.1,""local_consistency"":0.1}",0,0.8908943089430894,0.14271186440677966,0.2986991869918699,0.7061016949152542,0.5947967479674796,0.4244067796610169,1,0.14271186440677966,0.7061016949152542,0.4244067796610169,0.5947967479674796,0.1703899683064627,,,1,0.392342573091809,0.45824421243607133,,,,,,,0.4244067796610169,0.10076908934214306,50,self,0.006101975850896446,0.08088158325987783
acs_coverage,self_optimal,fairness_advocates,community_members,"{""accuracy"":0.1,""tpr"":0.1,""tnr"":0.1,""local_consistency"":0.7}","{""accuracy"":0.1,""tpr"":0.7,""tnr"":0.1,""local_consistency"":0.1}",0,0.8908943089430894,0.14271186440677966,0.2986991869918699,0.7061016949152542,0.5947967479674796,0.4244067796610169,0,0.8908943089430894,0.2986991869918699,0.5947967479674796,0.5947967479674796,0,,,116,0.8880830294268214,0.49464040647600194,,,,,,,0.5947967479674796,0.2661094057769846,50,self,0.006101975850896446,0.08088158325987783
acs_coverage,multi_optimal,fairness_advocates,community_members,"{""accuracy"":0.1,""tpr"":0.1,""tnr"":0.1,""local_consistency"":0.7}","{""accuracy"":0.1,""tpr"":0.7,""tnr"":0.1,""local_consistency"":0.1}",0,0.8908943089430894,0.14271186440677966,0.2986991869918699,0.7061016949152542,0.5947967479674796,0.4244067796610169,0,0.8908943089430894,0.2986991869918699,0.5947967479674796,0.5947967479674796,0,,,116,0.8880830294268214,0.49464040647600194,,,,,,,0.5947967479674796,0.2661094057769846,50,self,0.006101975850896446,0.08088158325987783
acs_coverage,aggregate,fairness_advocates,community_members,"{""accuracy"":0.1,""tpr"":0.1,""tnr"":0.1,""local_consistency"":0.7}","{""accuracy"":0.1,""tpr"":0.7,""tnr"":0.1,""local_consistency"":0.1}",0,0.8908943089430894,0.14271186440677966,0.2986991869918699,0.7061016949152542,0.5947967479674796,0.4244067796610169,0,0.8908943089430894,0.2986991869918699,0.5947967479674796,0.5947967479674796,0,,,,,,,,,,,,0.5947967479674796,0.2661094057769846,50,self,0.006101975850896446,0.08088158325987783
acs_coverage,negotiate,fairness_advocates,community_members,"{""accuracy"":0.1,""tpr"":0.1,""tnr"":0.1,""local_consistency"":0.7}","{""accuracy"":0.1,""tpr"":0.7,""tnr"":0.1,""local_consistency"":0.1}",0,0.8908943089430894,0.14271186440677966,0.2986991869918699,0.7061016949152542,0.5947967479674796,0.4244067796610169,0,0.8908943089430894,0.2986991869918699,0.5947967479674796,0.5947967479674796,0,0,1,184,0.8819810535759249,0.6754236765267446,116,173,0.8880830294268214,0.006101975850896446,self,,0.5947967479674796,0.2661094057769846,50,self,0.006101975850896446,0.08088158325987783
acs_coverage,single,fairness_advocates,judges,"{""accuracy"":0.1,""tpr"":0.1,""tnr"":0.1,""local_consistency"":0.7}","{""accuracy"":0.7,""tpr"":0.1,""tnr"":0.1,""local_consistency"":0.1}",1,0.5239622641509434,0.6557446808510639,0.16056603773584907,0.8651063829787233,0.34226415094339624,0.7604255319148936,0,0.5239622641509434,0.16056603773584907,0.34226415094339624,0.7604255319148936,0.41816138097149735,,,1,0.4043013748353049,0.6341052964039325,,,,,,,0.34226415094339624,0.08413054467782129,401,other,0.05010513377126302,0.3911966789541891
acs_coverage,self_optimal,fairness_advocates,judges,"{""accuracy"":0.1,""tpr"":0.1,""tnr"":0.1,""local_consistency"":0.7}","{""accuracy"":0.7,""tpr"":0.1,""tnr"":0.1,""local_consistency"":0.1}",1,0.5239622641509434,0.6557446808510639,0.16056603773584907,0.8651063829787233,0.34226415094339624,0.7604255319148936,0,0.5239622641509434,0.16056603773584907,0.34226415094339624,0.7604255319148936,0.41816138097149735,,,15,0.8611344217937205,0.6850559904211716,,,,,,,0.34226415094339624,0.08413054467782129,401,other,0.05010513377126302,0.3911966789541891
acs_coverage,multi_optimal,fairness_advocates,judges,"{""accuracy"":0.1,""tpr"":0.1,""tnr"":0.1,""local_consistency"":0.7}","{""accuracy"":0.7,""tpr"":0.1,""tnr"":0.1,""local_consistency"":0.1}",1,0.5239622641509434,0.6557446808510639,0.16056603773584907,0.8651063829787233,0.34226415094339624,0.7604255319148936,0,0.5239622641509434,0.16056603773584907,0.34226415094339624,0.7604255319148936,0.41816138097149735,,,15,0.8611344217937205,0.6850559904211716,,,,,,,0.34226415094339624,0.08413054467782129,401,other,0.05010513377126302,0.3911966789541891
acs_coverage,aggregate,fairness_advocates,judges,"{""accuracy"":0.1,""tpr"":0.1,""tnr"":0.1,""local_consistency"":0.7}","{""accuracy"":0.7,""tpr"":0.1,""tnr"":0.1,""local_consistency"":0.1}",1,0.5239622641509434,0.6557446808510639,0.16056603773584907,0.8651063829787233,0.34226415094339624,0.7604255319148936,0,0.5239622641509434,0.16056603773584907,0.34226415094339624,0.7604255319148936,0.41816138097149735,,,,,,,,,,,,0.34226415094339624,0.08413054467782129,401,other,0.05010513377126302,0.3911966789541891
acs_coverage,negotiate,fairness_advocates,judges,"{""accuracy"":0.1,""tpr"":0.1,""tnr"":0.1,""local_consistency"":0.7}","{""accuracy"":0.7,""tpr"":0.1,""tnr"":0.1,""local_consistency"":0.1}",1,0.5239622641509434,0.6557446808510639,0.16056603773584907,0.8651063829787233,0.34226415094339624,0.7604255319148936,1,0.6557446808510639,0.8651063829787233,0.7604255319148936,0.7604255319148936,0,1,1,62,0.8110292880224574,0.7086763468459869,15,385,0.8611344217937205,0.05010513377126302,other,,0.7604255319148936,0.5672889090086012,401,other,0.05010513377126302,0.3911966789541891
acs_coverage,single,fairness_advocates,community_members,"{""accuracy"":0.1,""tpr"":0.1,""tnr"":0.1,""local_consistency"":0.7}","{""accuracy"":0.1,""tpr"":0.7,""tnr"":0.1,""local_consistency"":0.1}",2,0.7375586854460093,0.5290804597701149,0.19107981220657277,0.8470114942528735,0.46431924882629105,0.6880459770114942,0,0.7375586854460093,0.19107981220657277,0.46431924882629105,0.6880459770114942,0.22372672818520312,,,1,0.8231040564373898,0.3712522045855379,,,,,,,0.46431924882629105,0.14093257510635016,219,other,0.027924750146972266,0.4069071068060961
acs_coverage,self_optimal,fairness_advocates,community_members,"{""accuracy"":0.1,""tpr"":0.1,""tnr"":0.1,""local_consistency"":0.7}","{""accuracy"":0.1,""tpr"":0.7,""tnr"":0.1,""local_consistency"":0.1}",2,0.7375586854460093,0.5290804597701149,0.19107981220657277,0.8470114942528735,0.46431924882629105,0.6880459770114942,0,0.7375586854460093,0.19107981220657277,0.46431924882629105,0.6880459770114942,0.22372672818520312,,,183,0.9127572016460905,0.4559670781893005,,,,,,,0.46431924882629105,0.14093257510635016,219,other,0.027924750146972266,0.4069071068060961
acs_coverage,multi_optimal,fairness_advocates,community_members,"{""accuracy"":0.1,""tpr"":0.1,""tnr"":0.1,""local_consistency"":0.7}","{""accuracy"":0.1,""tpr"":0.7,""tnr"":0.1,""local_consistency"":0.1}",2,0.7375586854460093,0.5290804597701149,0.19107981220657277,0.8470114942528735,0.46431924882629105,0.6880459770114942,0,0.7375586854460093,0.19107981220657277,0.46431924882629105,0.6880459770114942,0.22372672818520312,,,183,0.9127572016460905,0.4559670781893005,,,,,,,0.46431924882629105,0.14093257510635016,219,other,0.027924750146972266,0.4069071068060961
acs_coverage,aggregate,fairness_advocates,community_members,"{""accuracy"":0.1,""tpr"":0.1,""tnr"":0.1,""local_consistency"":0.7}","{""accuracy"":0.1,""tpr"":0.7,""tnr"":0.1,""local_consistency"":0.1}",2,0.7375586854460093,0.5290804597701149,0.19107981220657277,0.8470114942528735,0.46431924882629105,0.6880459770114942,0,0.7375586854460093,0.19107981220657277,0.46431924882629105,0.6880459770114942,0.22372672818520312,,,,,,,,,,,,0.46431924882629105,0.14093257510635016,219,other,0.027924750146972266,0.4069071068060961
acs_coverage,negotiate,fairness_advocates,community_members,"{""accuracy"":0.1,""tpr"":0.1,""tnr"":0.1,""local_consistency"":0.7}","{""accuracy"":0.1,""tpr"":0.7,""tnr"":0.1,""local_consistency"":0.1}",2,0.7375586854460093,0.5290804597701149,0.19107981220657277,0.8470114942528735,0.46431924882629105,0.6880459770114942,1,0.5290804597701149,0.8470114942528735,0.6880459770114942,0.6880459770114942,0,1,1,393,0.8848324514991183,0.6477954144620812,183,12,0.9127572016460905,0.027924750146972266,other,,0.6880459770114942,0.4481372308098823,219,other,0.027924750146972266,0.4069071068060961
acs_coverage,single,fairness_advocates,community_members,"{""accuracy"":0.1,""tpr"":0.1,""tnr"":0.1,""local_consistency"":0.7}","{""accuracy"":0.1,""tpr"":0.7,""tnr"":0.1,""local_consistency"":0.1}",3,0.7424806201550388,0.4963742690058479,0.19178294573643412,0.8423391812865496,0.46713178294573643,0.6693567251461987,0,0.7424806201550388,0.19178294573643412,0.46713178294573643,0.6693567251461987,0.20222494220046228,,,1,0.7656759064251424,0.5115775457694046,,,,,,,0.46713178294573643,0.14239512048554775,49,other,0.13575833220775346,0.3504946920661446
acs_coverage,self_optimal,fairness_advocates,community_members,"{""accuracy"":0.1,""tpr"":0.1,""tnr"":0.1,""local_consistency"":0.7}","{""accuracy"":0.1,""tpr"":0.7,""tnr"":0.1,""local_consistency"":0.1}",3,0.7424806201550388,0.4963742690058479,0.19178294573643412,0.8423391812865496,0.46713178294573643,0.6693567251461987,0,0.7424806201550388,0.19178294573643412,0.46713178294573643,0.6693567251461987,0.20222494220046228,,,116,0.8880830294268214,0.49464040647600194,,,,,,,0.46713178294573643,0.14239512048554775,49,other,0.13575833220775346,0.3504946920661446
acs_coverage,multi_optimal,fairness_advocates,community_members,"{""accuracy"":0.1,""tpr"":0.1,""tnr"":0.1,""local_consistency"":0.7}","{""accuracy"":0.1,""tpr"":0.7,""tnr"":0.1,""local_consistency"":0.1}",3,0.7424806201550388,0.4963742690058479,0.19178294573643412,0.8423391812865496,0.46713178294573643,0.6693567251461987,0,0.7424806201550388,0.19178294573643412,0.46713178294573643,0.6693567251461987,0.20222494220046228,,,116,0.8880830294268214,0.49464040647600194,,,,,,,0.46713178294573643,0.14239512048554775,49,other,0.13575833220775346,0.3504946920661446
acs_coverage,aggregate,fairness_advocates,community_members,"{""accuracy"":0.1,""tpr"":0.1,""tnr"":0.1,""local_consistency"":0.7}","{""accuracy"":0.1,""tpr"":0.7,""tnr"":0.1,""local_consistency"":0.1}",3,0.7424806201550388,0.4963742690058479,0.19178294573643412,0.8423391812865496,0.46713178294573643,0.6693567251461987,0,0.7424806201550388,0.19178294573643412,0.46713178294573643,0.6693567251461987,0.20222494220046228,,,,,,,,,,,,0.46713178294573643,0.14239512048554775,49,other,0.13575833220775346,0.3504946920661446
acs_coverage,negotiate,fairness_advocates,community_members,"{""accuracy"":0.1,""tpr"":0.1,""tnr"":0.1,""local_consistency"":0.7}","{""accuracy"":0.1,""tpr"":0.7,""tnr"":0.1,""local_consistency"":0.1}",3,0.7424806201550388,0.4963742690058479,0.19178294573643412,0.8423391812865496,0.46713178294573643,0.6693567251461987,1,0.4963742690058479,0.8423391812865496,0.6693567251461987,0.6693567251461987,0,1,1,68,0.7523246972190679,0.7047837136125106,116,173,0.8880830294268214,0.13575833220775346,other,,0.6693567251461987,0.4181154953660955,49,other,0.13575833220775346,0.3504946920661446
acs_coverage,single,fairness_advocates,community_members,"{""accuracy"":0.1,""tpr"":0.1,""tnr"":0.1,""local_consistency"":0.7}","{""accuracy"":0.1,""tpr"":0.7,""tnr"":0.1,""local_consistency"":0.1}",4,0.7628019323671497,0.48451612903225805,0.19468599033816425,0.8406451612903225,0.47874396135265695,0.6625806451612903,0,0.7628019323671497,0.19468599033816425,0.47874396135265695,0.6625806451612903,0.18383668380863338,,,1,0.7971781305114639,0.3675485008818342,,,,,,,0.47874396135265695,0.1485068496347639,168,other,0.131628453850676,0.35292642457333395
acs_coverage,self_optimal,fairness_advocates,community_members,"{""accuracy"":0.1,""tpr"":0.1,""tnr"":0.1,""local_consistency"":0.7}","{""accuracy"":0.1,""tpr"":0.7,""tnr"":0.1,""local_consistency"":0.1}",4,0.7628019323671497,0.48451612903225805,0.19468599033816425,0.8406451612903225,0.47874396135265695,0.6625806451612903,0,0.7628019323671497,0.19468599033816425,0.47874396135265695,0.6625806451612903,0.18383668380863338,,,540,0.9127572016460905,0.4559670781893005,,,,,,,0.47874396135265695,0.1485068496347639,168,other,0.131628453850676,0.35292642457333395
acs_coverage,multi_optimal,fairness_advocates,community_members,"{""accuracy"":0.1,""tpr"":0.1,""tnr"":0.1,""local_consistency"":0.7}","{""accuracy"":0.1,""tpr"":0.7,""tnr"":0.1,""local_consistency"":0.1}",4,0.7628019323671497,0.48451612903225805,0.19468599033816425,0.8406451612903225,0.47874396135265695,0.6625806451612903,0,0.7628019323671497,0.19468599033816425,0.47874396135265695,0.6625806451612903,0.18383668380863338,,,540,0.9127572016460905,0.4559670781893005,,,,,,,0.47874396135265695,0.1485068496347639,168,other,0.131628453850676,0.35292642457333395
acs_coverage,aggregate,fairness_advocates,community_members,"{""accuracy"":0.1,""tpr"":0.1,""tnr"":0.1,""local_consistency"":0.7}","{""accuracy"":0.1,""tpr"":0.7,""tnr"":0.1,""local_consistency"":0.1}",4,0.7628019323671497,0.48451612903225805,0.19468599033816425,0.8406451612903225,0.47874396135265695,0.6625806451612903,0,0.7628019323671497,0.19468599033816425,0.47874396135265695,0.6625806451612903,0.18383668380863338,,,,,,,,,,,,0.47874396135265695,0.1485068496347639,168,other,0.131628453850676,0.35292642457333395
acs_coverage,negotiate,fairness_advocates,community_members,"{""accuracy"":0.1,""tpr"":0.1,""tnr"":0.1,""local_consistency"":0.7}","{""accuracy"":0.1,""tpr"":0.7,""tnr"":0.1,""local_consistency"":0.1}",4,0.7628019323671497,0.48451612903225805,0.19468599033816425,0.8406451612903225,0.47874396135265695,0.6625806451612903,1,0.48451612903225805,0.8406451612903225,0.6625806451612903,0.6625806451612903,0,1,1,393,0.7811287477954145,0.6329805996472664,540,12,0.9127572016460905,0.131628453850676,other,,0.6625806451612903,0.4073061394380853,168,other,0.131628453850676,0.35292642457333395
acs_coverage,single,fairness_advocates,community_members,"{""accuracy"":0.1,""tpr"":0.1,""tnr"":0.1,""local_consistency"":0.7}","{""accuracy"":0.1,""tpr"":0.7,""tnr"":0.1,""local_consistency"":0.1}",5,0.878080808080808,0.2866666666666666,0.2968686868686869,0.7266666666666666,0.5874747474747475,0.5066666666666666,0,0.878080808080808,0.2968686868686869,0.5874747474747475,0.5874747474747475,0,,,1,0.8253932511356262,0.5013932511356263,,,,,,,0.5874747474747475,0.26067469645954494,145,self,0.14043218689162884,-0.07021609344581442
acs_coverage,self_optimal,fairness_advocates,community_members,"{""accuracy"":0.1,""tpr"":0.1,""tnr"":0.1,""local_consistency"":0.7}","{""accuracy"":0.1,""tpr"":0.7,""tnr"":0.1,""local_consistency"":0.1}",5,0.878080808080808,0.2866666666666666,0.2968686868686869,0.7266666666666666,0.5874747474747475,0.5066666666666666,0,0.878080808080808,0.2968686868686869,0.5874747474747475,0.5874747474747475,0,,,430,0.8981888384166126,0.44218883841661266,,,,,,,0.5874747474747475,0.26067469645954494,145,self,0.14043218689162884,-0.07021609344581442
acs_coverage,multi_optimal,fairness_advocates,community_members,"{""accuracy"":0.1,""tpr"":0.1,""tnr"":0.1,""local_consistency"":0.7}","{""accuracy"":0.1,""tpr"":0.7,""tnr"":0.1,""local_consistency"":0.1}",5,0.878080808080808,0.2866666666666666,0.2968686868686869,0.7266666666666666,0.5874747474747475,0.5066666666666666,0,0.878080808080808,0.2968686868686869,0.5874747474747475,0.5874747474747475,0,,,430,0.8981888384166126,0.44218883841661266,,,,,,,0.5874747474747475,0.26067469645954494,145,self,0.14043218689162884,-0.07021609344581442
acs_coverage,aggregate,fairness_advocates,community_members,"{""accuracy"":0.1,""tpr"":0.1,""tnr"":0.1,""local_consistency"":0.7}","{""accuracy"":0.1,""tpr"":0.7,""tnr"":0.1,""local_consistency"":0.1}",5,0.878080808080808,0.2866666666666666,0.2968686868686869,0.7266666666666666,0.5874747474747475,0.5066666666666666,0,0.878080808080808,0.2968686868686869,0.5874747474747475,0.5874747474747475,0,,,,,,,,,,,,0.5874747474747475,0.26067469645954494,145,self,0.14043218689162884,-0.07021609344581442
acs_coverage,negotiate,fairness_advocates,community_members,"{""accuracy"":0.1,""tpr"":0.1,""tnr"":0.1,""local_consistency"":0.7}","{""accuracy"":0.1,""tpr"":0.7,""tnr"":0.1,""local_consistency"":0.1}",5,0.878080808080808,0.2866666666666666,0.2968686868686869,0.7266666666666666,0.5874747474747475,0.5066666666666666,0,0.878080808080808,0.2968686868686869,0.5874747474747475,0.5874747474747475,0,0,1,8,0.7577566515249837,0.5657566515249839,430,12,0.8981888384166126,0.14043218689162884,self,,0.5874747474747475,0.26067469645954494,145,self,0.14043218689162884,-0.07021609344581442
acs_coverage,single,fairness_advocates,community_members,"{""accuracy"":0.1,""tpr"":0.1,""tnr"":0.1,""local_consistency"":0.7}","{""accuracy"":0.1,""tpr"":0.7,""tnr"":0.1,""local_consistency"":0.1}",6,0.7152898550724637,0.80375,0.18789855072463768,0.88625,0.4515942028985507,0.845,0,0.7152898550724637,0.18789855072463768,0.4515942028985507,0.845,0.3934057971014493,,,1,0.8709680415019716,0.5299510923494294,,,,,,,0.4515942028985507,0.13440192711615206,411,other,0.04373047524094387,0.4242636907001277
acs_coverage,self_optimal,fairness_advocates,community_members,"{""accuracy"":0.1,""tpr"":0.1,""tnr"":0.1,""local_consistency"":0.7}","{""accuracy"":0.1,""tpr"":0.7,""tnr"":0.1,""local_consistency"":0.1}",6,0.7152898550724637,0.80375,0.18789855072463768,0.88625,0.4515942028985507,0.845,0,0.7152898550724637,0.18789855072463768,0.4515942028985507,0.845,0.3934057971014493,,,275,0.9120031159476653,0.6425115905239365,,,,,,,0.4515942028985507,0.13440192711615206,411,other,0.04373047524094387,0.4242636907001277
acs_coverage,multi_optimal,fairness_advocates,community_members,"{""accuracy"":0.1,""tpr"":0.1,""tnr"":0.1,""local_consistency"":0.7}","{""accuracy"":0.1,""tpr"":0.7,""tnr"":0.1,""local_consistency"":0.1}",6,0.7152898550724637,0.80375,0.18789855072463768,0.88625,0.4515942028985507,0.845,0,0.7152898550724637,0.18789855072463768,0.4515942028985507,0.845,0.3934057971014493,,,275,0.9120031159476653,0.6425115905239365,,,,,,,0.4515942028985507,0.13440192711615206,411,other,0.04373047524094387,0.4242636907001277
acs_coverage,aggregate,fairness_advocates,community_members,"{""accuracy"":0.1,""tpr"":0.1,""tnr"":0.1,""local_consistency"":0.7}","{""accuracy"":0.1,""tpr"":0.7,""tnr"":0.1,""local_consistency"":0.1}",6,0.7152898550724637,0.80375,0.18789855072463768,0.88625,0.4515942028985507,0.845,0,0.7152898550724637,0.18789855072463768,0.4515942028985507,0.845,0.3934057971014493,,,,,,,,,,,,0.4515942028985507,0.13440192711615206,411,other,0.04373047524094387,0.4242636907001277
acs_coverage,negotiate,fairness_advocates,community_members,"{""accuracy"":0.1,""tpr"":0.1,""tnr"":0.1,""local_consistency"":0.7}","{""accuracy"":0.1,""tpr"":0.7,""tnr"":0.1,""local_consistency"":0.1}",6,0.7152898550724637,0.80375,0.18789855072463768,0.88625,0.4515942028985507,0.845,1,0.80375,0.88625,0.845,0.845,0,1,1,393,0.8682726407067214,0.7052217932490945,275,393,0.9120031159476653,0.04373047524094387,other,,0.845,0.7123234374999999,411,other,0.04373047524094387,0.4242636907001277
acs_coverage,single,fairness_advocates,community_members,"{""accuracy"":0.1,""tpr"":0.1,""tnr"":0.1,""local_consistency"":0.7}","{""accuracy"":0.1,""tpr"":0.7,""tnr"":0.1,""local_consistency"":0.1}",7,0.8438461538461539,0.22962962962962963,0.29197802197802203,0.7185185185185184,0.567912087912088,0.47407407407407404,1,0.22962962962962963,0.7185185185185184,0.47407407407407404,0.567912087912088,0.09383801383801399,,,1,0.26717089371980673,0.3538375603864735,,,,,,,0.47407407407407404,0.16499314128943757,0,self,0.1245108695652174,-0.018448083932024163
acs_coverage,self_optimal,fairness_advocates,community_members,"{""accuracy"":0.1,""tpr"":0.1,""tnr"":0.1,""local_consistency"":0.7}","{""accuracy"":0.1,""tpr"":0.7,""tnr"":0.1,""local_consistency"":0.1}",7,0.8438461538461539,0.22962962962962963,0.29197802197802203,0.7185185185185184,0.567912087912088,0.47407407407407404,0,0.8438461538461539,0.29197802197802203,0.567912087912088,0.567912087912088,0,,,202,0.8752566425120772,0.3085899758454107,,,,,,,0.567912087912088,0.2463845308537617,0,self,0.1245108695652174,-0.018448083932024163
acs_coverage,multi_optimal,fairness_advocates,community_members,"{""accuracy"":0.1,""tpr"":0.1,""tnr"":0.1,""local_consistency"":0.7}","{""accuracy"":0.1,""tpr"":0.7,""tnr"":0.1,""local_consistency"":0.1}",7,0.8438461538461539,0.22962962962962963,0.29197802197802203,0.7185185185185184,0.567912087912088,0.47407407407407404,0,0.8438461538461539,0.29197802197802203,0.567912087912088,0.567912087912088,0,,,202,0.8752566425120772,0.3085899758454107,,,,,,,0.567912087912088,0.2463845308537617,0,self,0.1245108695652174,-0.018448083932024163
acs_coverage,aggregate,fairness_advocates,community_members,"{""accuracy"":0.1,""tpr"":0.1,""tnr"":0.1,""local_consistency"":0.7}","{""accuracy"":0.1,""tpr"":0.7,""tnr"":0.1,""local_consistency"":0.1}",7,0.8438461538461539,0.22962962962962963,0.29197802197802203,0.7185185185185184,0.567912087912088,0.47407407407407404,0,0.8438461538461539,0.29197802197802203,0.567912087912088,0.567912087912088,0,,,,,,,,,,,,0.567912087912088,0.2463845308537617,0,self,0.1245108695652174,-0.018448083932024163
acs_coverage,negotiate,fairness_advocates,community_members,"{""accuracy"":0.1,""tpr"":0.1,""tnr"":0.1,""local_consistency"":0.7}","{""accuracy"":0.1,""tpr"":0.7,""tnr"":0.1,""local_consistency"":0.1}",7,0.8438461538461539,0.22962962962962963,0.29197802197802203,0.7185185185185184,0.567912087912088,0.47407407407407404,0,0.8438461538461539,0.29197802197802203,0.567912087912088,0.567912087912088,0,0,1,28,0.7507457729468598,0.6040791062801933,202,12,0.8752566425120772,0.1245108695652174,self,,0.567912087912088,0.2463845308537617,0,self,0.1245108695652174,-0.018448083932024163
acs_coverage,single,fairness_advocates,defendants,"{""accuracy"":0.1,""tpr"":0.1,""tnr"":0.1,""local_consistency"":0.7}","{""accuracy"":0.1,""tpr"":0.1,""tnr"":0.7,""local_consistency"":0.1}",8,0.6783333333333335,0.4840070921985815,0.8683333333333333,0.1548581560283688,0.7733333333333334,0.31943262411347517,1,0.4840070921985815,0.1548581560283688,0.31943262411347517,0.7733333333333334,0.45390070921985826,,,1,0.5790092397584756,0.7009561424133429,,,,,,,0.31943262411347517,0.07495244580252503,361,other,0.08365584942912263,0.373213647640954
acs_coverage,self_optimal,fairness_advocates,defendants,"{""accuracy"":0.1,""tpr"":0.1,""tnr"":0.1,""local_consistency"":0.7}","{""accuracy"":0.1,""tpr"":0.1,""tnr"":0.7,""local_consistency"":0.1}",8,0.6783333333333335,0.4840070921985815,0.8683333333333333,0.1548581560283688,0.7733333333333334,0.31943262411347517,1,0.4840070921985815,0.1548581560283688,0.31943262411347517,0.7733333333333334,0.45390070921985826,,,199,0.827212547795448,0.6017258221317313,,,,,,,0.31943262411347517,0.07495244580252503,361,other,0.08365584942912263,0.373213647640954
acs_coverage,multi_optimal,fairness_advocates,defendants,"{""accuracy"":0.1,""tpr"":0.1,""tnr"":0.1,""local_consistency"":0.7}","{""accuracy"":0.1,""tpr"":0.1,""tnr"":0.7,""local_consistency"":0.1}",8,0.6783333333333335,0.4840070921985815,0.8683333333333333,0.1548581560283688,0.7733333333333334,0.31943262411347517,1,0.4840070921985815,0.1548581560283688,0.31943262411347517,0.7733333333333334,0.45390070921985826,,,199,0.827212547795448,0.6017258221317313,,,,,,,0.31943262411347517,0.07495244580252503,361,other,0.08365584942912263,0.373213647640954
acs_coverage,aggregate,fairness_advocates,defendants,"{""accuracy"":0.1,""tpr"":0.1,""tnr"":0.1,""local_consistency"":0.7}","{""accuracy"":0.1,""tpr"":0.1,""tnr"":0.7,""local_consistency"":0.1}",8,0.6783333333333335,0.4840070921985815,0.8683333333333333,0.1548581560283688,0.7733333333333334,0.31943262411347517,1,0.4840070921985815,0.1548581560283688,0.31943262411347517,0.7733333333333334,0.45390070921985826,,,,,,,,,,,,0.31943262411347517,0.07495244580252503,361,other,0.08365584942912263,0.373213647640954
acs_coverage,negotiate,fairness_advocates,defendants,"{""accuracy"":0.1,""tpr"":0.1,""tnr"":0.1,""local_consistency"":0.7}","{""accuracy"":0.1,""tpr"":0.1,""tnr"":0.7,""local_consistency"":0.1}",8,0.6783333333333335,0.4840070921985815,0.8683333333333333,0.1548581560283688,0.7733333333333334,0.31943262411347517,0,0.6783333333333335,0.8683333333333333,0.7733333333333334,0.7733333333333334,0,0,1,217,0.7435566983663253,0.810459353233582,199,93,0.827212547795448,0.08365584942912263,other,,0.7733333333333334,0.5890194444444445,361,other,0.08365584942912263,0.373213647640954
acs_coverage,single,fairness_advocates,community_members,"{""accuracy"":0.1,""tpr"":0.1,""tnr"":0.1,""local_consistency"":0.7}","{""accuracy"":0.1,""tpr"":0.7,""tnr"":0.1,""local_consistency"":0.1}",9,0.7497979797979797,0.4608457711442786,0.19282828282828285,0.8372636815920398,0.47131313131313124,0.6490547263681592,0,0.7497979797979797,0.19282828282828285,0.47131313131313124,0.6490547263681592,0.17774159505502796,,,1,0.7656759064251424,0.5115775457694046,,,,,,,0.47131313131313124,0.14458225691255994,53,other,0.13575833220775346,0.3480022276528216
acs_coverage,self_optimal,fairness_advocates,community_members,"{""accuracy"":0.1,""tpr"":0.1,""tnr"":0.1,""local_consistency"":0.7}","{""accuracy"":0.1,""tpr"":0.7,""tnr"":0.1,""local_consistency"":0.1}",9,0.7497979797979797,0.4608457711442786,0.19282828282828285,0.8372636815920398,0.47131313131313124,0.6490547263681592,0,0.7497979797979797,0.19282828282828285,0.47131313131313124,0.6490547263681592,0.17774159505502796,,,116,0.8880830294268214,0.49464040647600194,,,,,,,0.47131313131313124,0.14458225691255994,53,other,0.13575833220775346,0.3480022276528216
acs_coverage,multi_optimal,fairness_advocates,community_members,"{""accuracy"":0.1,""tpr"":0.1,""tnr"":0.1,""local_consistency"":0.7}","{""accuracy"":0.1,""tpr"":0.7,""tnr"":0.1,""local_consistency"":0.1}",9,0.7497979797979797,0.4608457711442786,0.19282828282828285,0.8372636815920398,0.47131313131313124,0.6490547263681592,0,0.7497979797979797,0.19282828282828285,0.47131313131313124,0.6490547263681592,0.17774159505502796,,,116,0.8880830294268214,0.49464040647600194,,,,,,,0.47131313131313124,0.14458225691255994,53,other,0.13575833220775346,0.3480022276528216
acs_coverage,aggregate,fairness_advocates,community_members,"{""accuracy"":0.1,""tpr"":0.1,""tnr"":0.1,""local_consistency"":0.7}","{""accuracy"":0.1,""tpr"":0.7,""tnr"":0.1,""local_consistency"":0.1}",9,0.7497979797979797,0.4608457711442786,0.19282828282828285,0.8372636815920398,0.47131313131313124,0.6490547263681592,0,0.7497979797979797,0.19282828282828285,0.47131313131313124,0.6490547263681592,0.17774159505502796,,,,,,,,,,,,0.47131313131313124,0.14458225691255994,53,other,0.13575833220775346,0.3480022276528216
acs_coverage,negotiate,fairness_advocates,community_members,"{""accuracy"":0.1,""tpr"":0.1,""tnr"":0.1,""local_consistency"":0.7}","{""accuracy"":0.1,""tpr"":0.7,""tnr"":0.1,""local_consistency"":0.1}",9,0.7497979797979797,0.4608457711442786,0.19282828282828285,0.8372636815920398,0.47131313131313124,0.6490547263681592,1,0.4608457711442786,0.8372636815920398,0.6490547263681592,0.6490547263681592,0,1,1,68,0.7523246972190679,0.7047837136125106,116,173,0.8880830294268214,0.13575833220775346,other,,0.6490547263681592,0.3858494269943813,53,other,0.13575833220775346,0.3480022276528216
acs_coverage,single,fairness_advocates,judges,"{""accuracy"":0.1,""tpr"":0.1,""tnr"":0.1,""local_consistency"":0.7}","{""accuracy"":0.7,""tpr"":0.1,""tnr"":0.1,""local_consistency"":0.1}",10,0.4132748538011696,0.6627131782945737,0.8304678362573099,0.18038759689922482,0.6218713450292397,0.4215503875968992,1,0.6627131782945737,0.18038759689922482,0.4215503875968992,0.6218713450292397,0.20032095743234046,,,1,0.6638375603864733,0.6375875603864736,,,,,,,0.4215503875968992,0.11954523766600565,269,self,0.007323369565217397,-0.0036616847826086985
acs_coverage,self_optimal,fairness_advocates,judges,"{""accuracy"":0.1,""tpr"":0.1,""tnr"":0.1,""local_consistency"":0.7}","{""accuracy"":0.7,""tpr"":0.1,""tnr"":0.1,""local_consistency"":0.1}",10,0.4132748538011696,0.6627131782945737,0.8304678362573099,0.18038759689922482,0.6218713450292397,0.4215503875968992,1,0.6627131782945737,0.18038759689922482,0.4215503875968992,0.6218713450292397,0.20032095743234046,,,109,0.8118704710144927,0.5987454710144928,,,,,,,0.4215503875968992,0.11954523766600565,269,self,0.007323369565217397,-0.0036616847826086985
acs_coverage,multi_optimal,fairness_advocates,judges,"{""accuracy"":0.1,""tpr"":0.1,""tnr"":0.1,""local_consistency"":0.7}","{""accuracy"":0.7,""tpr"":0.1,""tnr"":0.1,""local_consistency"":0.1}",10,0.4132748538011696,0.6627131782945737,0.8304678362573099,0.18038759689922482,0.6218713450292397,0.4215503875968992,1,0.6627131782945737,0.18038759689922482,0.4215503875968992,0.6218713450292397,0.20032095743234046,,,109,0.8118704710144927,0.5987454710144928,,,,,,,0.4215503875968992,0.11954523766600565,269,self,0.007323369565217397,-0.0036616847826086985
acs_coverage,aggregate,fairness_advocates,judges,"{""accuracy"":0.1,""tpr"":0.1,""tnr"":0.1,""local_consistency"":0.7}","{""accuracy"":0.7,""tpr"":0.1,""tnr"":0.1,""local_consistency"":0.1}",10,0.4132748538011696,0.6627131782945737,0.8304678362573099,0.18038759689922482,0.6218713450292397,0.4215503875968992,1,0.6627131782945737,0.18038759689922482,0.4215503875968992,0.6218713450292397,0.20032095743234046,,,,,,,,,,,,0.4215503875968992,0.11954523766600565,269,self,0.007323369565217397,-0.0036616847826086985
acs_coverage,negotiate,fairness_advocates,judges,"{""accuracy"":0.1,""tpr"":0.1,""tnr"":0.1,""local_consistency"":0.7}","{""accuracy"":0.7,""tpr"":0.1,""tnr"":0.1,""local_consistency"":0.1}",10,0.4132748538011696,0.6627131782945737,0.8304678362573099,0.18038759689922482,0.6218713450292397,0.4215503875968992,1,0.6627131782945737,0.18038759689922482,0.4215503875968992,0.6218713450292397,0.20032095743234046,1,1,58,0.8045471014492753,0.6770471014492754,109,260,0.8118704710144927,0.007323369565217397,self,,0.4215503875968992,0.11954523766600565,269,self,0.007323369565217397,-0.0036616847826086985
acs_coverage,single,fairness_advocates,community_members,"{""accuracy"":0.1,""tpr"":0.1,""tnr"":0.1,""local_consistency"":0.7}","{""accuracy"":0.1,""tpr"":0.7,""tnr"":0.1,""local_consistency"":0.1}",11,0.7418143459915612,0.5677777777777777,0.1916877637130802,0.8525396825396825,0.46675105485232066,0.7101587301587301,0,0.7418143459915612,0.1916877637130802,0.46675105485232066,0.7101587301587301,0.24340767530640944,,,1,0.8918526532302227,0.5129449319496201,,,,,,,0.46675105485232066,0.1421967330734035,405,other,0.037696170747018254,0.4057640841364759
acs_coverage,self_optimal,fairness_advocates,community_members,"{""accuracy"":0.1,""tpr"":0.1,""tnr"":0.1,""local_consistency"":0.7}","{""accuracy"":0.1,""tpr"":0.7,""tnr"":0.1,""local_consistency"":0.1}",11,0.7418143459915612,0.5677777777777777,0.1916877637130802,0.8525396825396825,0.46675105485232066,0.7101587301587301,0,0.7418143459915612,0.1916877637130802,0.46675105485232066,0.7101587301587301,0.24340767530640944,,,275,0.9323636655046681,0.6329286372560805,,,,,,,0.46675105485232066,0.1421967330734035,405,other,0.037696170747018254,0.4057640841364759
acs_coverage,multi_optimal,fairness_advocates,community_members,"{""accuracy"":0.1,""tpr"":0.1,""tnr"":0.1,""local_consistency"":0.7}","{""accuracy"":0.1,""tpr"":0.7,""tnr"":0.1,""local_consistency"":0.1}",11,0.7418143459915612,0.5677777777777777,0.1916877637130802,0.8525396825396825,0.46675105485232066,0.7101587301587301,0,0.7418143459915612,0.1916877637130802,0.46675105485232066,0.7101587301587301,0.24340767530640944,,,275,0.9323636655046681,0.6329286372560805,,,,,,,0.46675105485232066,0.1421967330734035,405,other,0.037696170747018254,0.4057640841364759
acs_coverage,aggregate,fairness_advocates,community_members,"{""accuracy"":0.1,""tpr"":0.1,""tnr"":0.1,""local_consistency"":0.7}","{""accuracy"":0.1,""tpr"":0.7,""tnr"":0.1,""local_consistency"":0.1}",11,0.7418143459915612,0.5677777777777777,0.1916877637130802,0.8525396825396825,0.46675105485232066,0.7101587301587301,1,0.5677777777777777,0.8525396825396825,0.7101587301587301,0.7101587301587301,0,,,,,,,,,,,,0.7101587301587301,0.484053086419753,405,other,0.037696170747018254,0.4057640841364759
acs_coverage,negotiate,fairness_advocates,community_members,"{""accuracy"":0.1,""tpr"":0.1,""tnr"":0.1,""local_consistency"":0.7}","{""accuracy"":0.1,""tpr"":0.7,""tnr"":0.1,""local_consistency"":0.1}",11,0.7418143459915612,0.5677777777777777,0.1916877637130802,0.8525396825396825,0.46675105485232066,0.7101587301587301,1,0.5677777777777777,0.8525396825396825,0.7101587301587301,0.7101587301587301,0,1,1,393,0.8946674947576498,0.7134998864713975,275,393,0.9323636655046681,0.037696170747018254,other,,0.7101587301587301,0.484053086419753,405,other,0.037696170747018254,0.4057640841364759
acs_coverage,single,fairness_advocates,community_members,"{""accuracy"":0.1,""tpr"":0.1,""tnr"":0.1,""local_consistency"":0.7}","{""accuracy"":0.1,""tpr"":0.7,""tnr"":0.1,""local_consistency"":0.1}",12,0.7581196581196581,0.42484848484848486,0.19401709401709402,0.832121212121212,0.47606837606837604,0.6284848484848484,0,0.7581196581196581,0.19401709401709402,0.47606837606837604,0.6284848484848484,0.15241647241647238,,,1,0.7890092397584756,0.514910879102738,,,,,,,0.47606837606837604,0.1470881729856089,225,other,0.13551278908637943,0.34574880315128537
acs_coverage,self_optimal,fairness_advocates,community_members,"{""accuracy"":0.1,""tpr"":0.1,""tnr"":0.1,""local_consistency"":0.7}","{""accuracy"":0.1,""tpr"":0.7,""tnr"":0.1,""local_consistency"":0.1}",12,0.7581196581196581,0.42484848484848486,0.19401709401709402,0.832121212121212,0.47606837606837604,0.6284848484848484,0,0.7581196581196581,0.19401709401709402,0.47606837606837604,0.6284848484848484,0.15241647241647238,,,98,0.8865251437823812,0.4537382585364797,,,,,,,0.47606837606837604,0.1470881729856089,225,other,0.13551278908637943,0.34574880315128537
acs_coverage,multi_optimal,fairness_advocates,community_members,"{""accuracy"":0.1,""tpr"":0.1,""tnr"":0.1,""local_consistency"":0.7}","{""accuracy"":0.1,""tpr"":0.7,""tnr"":0.1,""local_consistency"":0.1}",12,0.7581196581196581,0.42484848484848486,0.19401709401709402,0.832121212121212,0.47606837606837604,0.6284848484848484,0,0.7581196581196581,0.19401709401709402,0.47606837606837604,0.6284848484848484,0.15241647241647238,,,98,0.8865251437823812,0.4537382585364797,,,,,,,0.47606837606837604,0.1470881729856089,225,other,0.13551278908637943,0.34574880315128537
acs_coverage,aggregate,fairness_advocates,community_members,"{""accuracy"":0.1,""tpr"":0.1,""tnr"":0.1,""local_consistency"":0.7}","{""accuracy"":0.1,""tpr"":0.7,""tnr"":0.1,""local_consistency"":0.1}",12,0.7581196581196581,0.42484848484848486,0.19401709401709402,0.832121212121212,0.47606837606837604,0.6284848484848484,0,0.7581196581196581,0.19401709401709402,0.47606837606837604,0.6284848484848484,0.15241647241647238,,,,,,,,,,,,0.47606837606837604,0.1470881729856089,225,other,0.13551278908637943,0.34574880315128537
acs_coverage,negotiate,fairness_advocates,community_members,"{""accuracy"":0.1,""tpr"":0.1,""tnr"":0.1,""local_consistency"":0.7}","{""accuracy"":0.1,""tpr"":0.7,""tnr"":0.1,""local_consistency"":0.1}",12,0.7581196581196581,0.42484848484848486,0.19401709401709402,0.832121212121212,0.47606837606837604,0.6284848484848484,1,0.42484848484848486,0.832121212121212,0.6284848484848484,0.6284848484848484,0,1,1,97,0.7510123546960018,0.7624877645320675,98,173,0.8865251437823812,0.13551278908637943,other,,0.6284848484848484,0.3535254361799816,225,other,0.13551278908637943,0.34574880315128537
acs_coverage,single,fairness_advocates,community_members,"{""accuracy"":0.1,""tpr"":0.1,""tnr"":0.1,""local_consistency"":0.7}","{""accuracy"":0.1,""tpr"":0.7,""tnr"":0.1,""local_consistency"":0.1}",13,0.7077272727272726,0.6062745098039216,0.18681818181818183,0.8580392156862744,0.44727272727272727,0.7321568627450981,0,0.7077272727272726,0.18681818181818183,0.44727272727272727,0.7321568627450981,0.2848841354723708,,,1,0.7930674264007598,0.5144349477682811,,,,,,,0.44727272727272727,0.1322163223140496,380,other,0.12188820119854604,0.3648326111748062
acs_coverage,self_optimal,fairness_advocates,community_members,"{""accuracy"":0.1,""tpr"":0.1,""tnr"":0.1,""local_consistency"":0.7}","{""accuracy"":0.1,""tpr"":0.7,""tnr"":0.1,""local_consistency"":0.1}",13,0.7077272727272726,0.6062745098039216,0.18681818181818183,0.8580392156862744,0.44727272727272727,0.7321568627450981,0,0.7077272727272726,0.18681818181818183,0.44727272727272727,0.7321568627450981,0.2848841354723708,,,88,0.9214199168222157,0.531676327078626,,,,,,,0.44727272727272727,0.1322163223140496,380,other,0.12188820119854604,0.3648326111748062
acs_coverage,multi_optimal,fairness_advocates,community_members,"{""accuracy"":0.1,""tpr"":0.1,""tnr"":0.1,""local_consistency"":0.7}","{""accuracy"":0.1,""tpr"":0.7,""tnr"":0.1,""local_consistency"":0.1}",13,0.7077272727272726,0.6062745098039216,0.18681818181818183,0.8580392156862744,0.44727272727272727,0.7321568627450981,0,0.7077272727272726,0.18681818181818183,0.44727272727272727,0.7321568627450981,0.2848841354723708,,,88,0.9214199168222157,0.531676327078626,,,,,,,0.44727272727272727,0.1322163223140496,380,other,0.12188820119854604,0.3648326111748062
acs_coverage,aggregate,fairness_advocates,community_members,"{""accuracy"":0.1,""tpr"":0.1,""tnr"":0.1,""local_consistency"":0.7}","{""accuracy"":0.1,""tpr"":0.7,""tnr"":0.1,""local_consistency"":0.1}",13,0.7077272727272726,0.6062745098039216,0.18681818181818183,0.8580392156862744,0.44727272727272727,0.7321568627450981,0,0.7077272727272726,0.18681818181818183,0.44727272727272727,0.7321568627450981,0.2848841354723708,,,,,,,,,,,,0.44727272727272727,0.1322163223140496,380,other,0.12188820119854604,0.3648326111748062
acs_coverage,negotiate,fairness_advocates,community_members,"{""accuracy"":0.1,""tpr"":0.1,""tnr"":0.1,""local_consistency"":0.7}","{""accuracy"":0.1,""tpr"":0.7,""tnr"":0.1,""local_consistency"":0.1}",13,0.7077272727272726,0.6062745098039216,0.18681818181818183,0.8580392156862744,0.44727272727272727,0.7321568627450981,1,0.6062745098039216,0.8580392156862744,0.7321568627450981,0.7321568627450981,0,1,1,68,0.7995317156236696,0.6439761600681142,88,68,0.9214199168222157,0.12188820119854604,other,,0.7321568627450981,0.5202073048827374,380,other,0.12188820119854604,0.3648326111748062
acs_coverage,single,fairness_advocates,defendants,"{""accuracy"":0.1,""tpr"":0.1,""tnr"":0.1,""local_consistency"":0.7}","{""accuracy"":0.1,""tpr"":0.1,""tnr"":0.7,""local_consistency"":0.1}",14,0.5443939393939393,0.6028431372549019,0.7634848484848484,0.25754901960784315,0.6539393939393938,0.43019607843137253,1,0.6028431372549019,0.25754901960784315,0.43019607843137253,0.6539393939393938,0.2237433155080213,,,1,0.6222410865874363,0.2609507640067912,,,,,,,0.43019607843137253,0.15526165897731642,416,self,0.0018610421836229296,0.12009902412442763
acs_coverage,self_optimal,fairness_advocates,defendants,"{""accuracy"":0.1,""tpr"":0.1,""tnr"":0.1,""local_consistency"":0.7}","{""accuracy"":0.1,""tpr"":0.1,""tnr"":0.7,""local_consistency"":0.1}",14,0.5443939393939393,0.6028431372549019,0.7634848484848484,0.25754901960784315,0.6539393939393938,0.43019607843137253,0,0.5443939393939393,0.7634848484848484,0.6539393939393938,0.6539393939393938,0,,,7,0.8677576074180489,0.7909834138696619,,,,,,,0.6539393939393938,0.4156365243342515,416,self,0.0018610421836229296,0.12009902412442763
acs_coverage,multi_optimal,fairness_advocates,defendants,"{""accuracy"":0.1,""tpr"":0.1,""tnr"":0.1,""local_consistency"":0.7}","{""accuracy"":0.1,""tpr"":0.1,""tnr"":0.7,""local_consistency"":0.1}",14,0.5443939393939393,0.6028431372549019,0.7634848484848484,0.25754901960784315,0.6539393939393938,0.43019607843137253,0,0.5443939393939393,0.7634848484848484,0.6539393939393938,0.6539393939393938,0,,,7,0.8677576074180489,0.7909834138696619,,,,,,,0.6539393939393938,0.4156365243342515,416,self,0.0018610421836229296,0.12009902412442763
acs_coverage,aggregate,fairness_advocates,defendants,"{""accuracy"":0.1,""tpr"":0.1,""tnr"":0.1,""local_consistency"":0.7}","{""accuracy"":0.1,""tpr"":0.1,""tnr"":0.7,""local_consistency"":0.1}",14,0.5443939393939393,0.6028431372549019,0.7634848484848484,0.25754901960784315,0.6539393939393938,0.43019607843137253,0,0.5443939393939393,0.7634848484848484,0.6539393939393938,0.6539393939393938,0,,,,,,,,,,,,0.6539393939393938,0.4156365243342515,416,self,0.0018610421836229296,0.12009902412442763
acs_coverage,negotiate,fairness_advocates,defendants,"{""accuracy"":0.1,""tpr"":0.1,""tnr"":0.1,""local_consistency"":0.7}","{""accuracy"":0.1,""tpr"":0.1,""tnr"":0.7,""local_consistency"":0.1}",14,0.5443939393939393,0.6028431372549019,0.7634848484848484,0.25754901960784315,0.6539393939393938,0.43019607843137253,0,0.5443939393939393,0.7634848484848484,0.6539393939393938,0.6539393939393938,0,0,1,15,0.8658965652344259,0.8471868878150712,7,67,0.8677576074180489,0.0018610421836229296,self,,0.6539393939393938,0.4156365243342515,416,self,0.0018610421836229296,0.12009902412442763
acs_coverage,single,fairness_advocates,community_members,"{""accuracy"":0.1,""tpr"":0.1,""tnr"":0.1,""local_consistency"":0.7}","{""accuracy"":0.1,""tpr"":0.7,""tnr"":0.1,""local_consistency"":0.1}",15,0.8951162790697675,0.13111111111111112,0.29930232558139536,0.7044444444444444,0.5972093023255814,0.4177777777777778,1,0.13111111111111112,0.7044444444444444,0.4177777777777778,0.5972093023255814,0.17943152454780364,,,1,0.20567590642514227,0.43157754576940466,,,,,,,0.4177777777777778,0.0923604938271605,8,self,0.006101975850896446,0.08569436575254924
acs_coverage,self_optimal,fairness_advocates,community_members,"{""accuracy"":0.1,""tpr"":0.1,""tnr"":0.1,""local_consistency"":0.7}","{""accuracy"":0.1,""tpr"":0.7,""tnr"":0.1,""local_consistency"":0.1}",15,0.8951162790697675,0.13111111111111112,0.29930232558139536,0.7044444444444444,0.5972093023255814,0.4177777777777778,0,0.8951162790697675,0.29930232558139536,0.5972093023255814,0.5972093023255814,0,,,116,0.8880830294268214,0.49464040647600194,,,,,,,0.5972093023255814,0.2679103839913467,8,self,0.006101975850896446,0.08569436575254924
acs_coverage,multi_optimal,fairness_advocates,community_members,"{""accuracy"":0.1,""tpr"":0.1,""tnr"":0.1,""local_consistency"":0.7}","{""accuracy"":0.1,""tpr"":0.7,""tnr"":0.1,""local_consistency"":0.1}",15,0.8951162790697675,0.13111111111111112,0.29930232558139536,0.7044444444444444,0.5972093023255814,0.4177777777777778,0,0.8951162790697675,0.29930232558139536,0.5972093023255814,0.5972093023255814,0,,,116,0.8880830294268214,0.49464040647600194,,,,,,,0.5972093023255814,0.2679103839913467,8,self,0.006101975850896446,0.08569436575254924
acs_coverage,aggregate,fairness_advocates,community_members,"{""accuracy"":0.1,""tpr"":0.1,""tnr"":0.1,""local_consistency"":0.7}","{""accuracy"":0.1,""tpr"":0.7,""tnr"":0.1,""local_consistency"":0.1}",15,0.8951162790697675,0.13111111111111112,0.29930232558139536,0.7044444444444444,0.5972093023255814,0.4177777777777778,0,0.8951162790697675,0.29930232558139536,0.5972093023255814,0.5972093023255814,0,,,,,,,,,,,,0.5972093023255814,0.2679103839913467,8,self,0.006101975850896446,0.08569436575254924
acs_coverage,negotiate,fairness_advocates,community_members,"{""accuracy"":0.1,""tpr"":0.1,""tnr"":0.1,""local_consistency"":0.7}","{""accuracy"":0.1,""tpr"":0.7,""tnr"":0.1,""local_consistency"":0.1}",15,0.8951162790697675,0.13111111111111112,0.29930232558139536,0.7044444444444444,0.5972093023255814,0.4177777777777778,0,0.8951162790697675,0.29930232558139536,0.5972093023255814,0.5972093023255814,0,0,1,184,0.8819810535759249,0.6754236765267446,116,173,0.8880830294268214,0.006101975850896446,self,,0.5972093023255814,0.2679103839913467,8,self,0.006101975850896446,0.08569436575254924
acs_coverage,single,fairness_advocates,community_members,"{""accuracy"":0.1,""tpr"":0.1,""tnr"":0.1,""local_consistency"":0.7}","{""accuracy"":0.1,""tpr"":0.7,""tnr"":0.1,""local_consistency"":0.1}",16,0.7046808510638297,0.7016666666666667,0.18638297872340426,0.8716666666666666,0.445531914893617,0.7866666666666666,0,0.7046808510638297,0.18638297872340426,0.445531914893617,0.7866666666666666,0.34113475177304964,,,1,0.8009680415019717,0.5199510923494294,,,,,,,0.445531914893617,0.13134051607062017,396,other,0.13408421308179475,0.36774393760929625
acs_coverage,self_optimal,fairness_advocates,community_members,"{""accuracy"":0.1,""tpr"":0.1,""tnr"":0.1,""local_consistency"":0.7}","{""accuracy"":0.1,""tpr"":0.7,""tnr"":0.1,""local_consistency"":0.1}",16,0.7046808510638297,0.7016666666666667,0.18638297872340426,0.8716666666666666,0.445531914893617,0.7866666666666666,0,0.7046808510638297,0.18638297872340426,0.445531914893617,0.7866666666666666,0.34113475177304964,,,260,0.9090235204551829,0.6191930119806067,,,,,,,0.445531914893617,0.13134051607062017,396,other,0.13408421308179475,0.36774393760929625
acs_coverage,multi_optimal,fairness_advocates,community_members,"{""accuracy"":0.1,""tpr"":0.1,""tnr"":0.1,""local_consistency"":0.7}","{""accuracy"":0.1,""tpr"":0.7,""tnr"":0.1,""local_consistency"":0.1}",16,0.7046808510638297,0.7016666666666667,0.18638297872340426,0.8716666666666666,0.445531914893617,0.7866666666666666,0,0.7046808510638297,0.18638297872340426,0.445531914893617,0.7866666666666666,0.34113475177304964,,,260,0.9090235204551829,0.6191930119806067,,,,,,,0.445531914893617,0.13134051607062017,396,other,0.13408421308179475,0.36774393760929625
acs_coverage,aggregate,fairness_advocates,community_members,"{""accuracy"":0.1,""tpr"":0.1,""tnr"":0.1,""local_consistency"":0.7}","{""accuracy"":0.1,""tpr"":0.7,""tnr"":0.1,""local_consistency"":0.1}",16,0.7046808510638297,0.7016666666666667,0.18638297872340426,0.8716666666666666,0.445531914893617,0.7866666666666666,0,0.7046808510638297,0.18638297872340426,0.445531914893617,0.7866666666666666,0.34113475177304964,,,,,,,,,,,,0.445531914893617,0.13134051607062017,396,other,0.13408421308179475,0.36774393760929625
acs_coverage,negotiate,fairness_advocates,community_members,"{""accuracy"":0.1,""tpr"":0.1,""tnr"":0.1,""local_consistency"":0.7}","{""accuracy"":0.1,""tpr"":0.7,""tnr"":0.1,""local_consistency"":0.1}",16,0.7046808510638297,0.7016666666666667,0.18638297872340426,0.8716666666666666,0.445531914893617,0.7866666666666666,1,0.7016666666666667,0.8716666666666666,0.7866666666666666,0.7866666666666666,0,1,1,393,0.7749393073733881,0.6918884599157612,260,393,0.9090235204551829,0.13408421308179475,other,,0.7866666666666666,0.6116194444444444,396,other,0.13408421308179475,0.36774393760929625
acs_coverage,single,fairness_advocates,community_members,"{""accuracy"":0.1,""tpr"":0.1,""tnr"":0.1,""local_consistency"":0.7}","{""accuracy"":0.1,""tpr"":0.7,""tnr"":0.1,""local_consistency"":0.1}",17,0.8688888888888888,0.26969696969696966,0.29555555555555557,0.7242424242424242,0.5822222222222222,0.49696969696969695,0,0.8688888888888888,0.29555555555555557,0.5822222222222222,0.5822222222222222,0,,,1,0.812342573091809,0.5182442124360713,,,,,,,0.5822222222222222,0.25680493827160494,11,self,0.1438388103206485,-0.07191940516032425
acs_coverage,self_optimal,fairness_advocates,community_members,"{""accuracy"":0.1,""tpr"":0.1,""tnr"":0.1,""local_consistency"":0.7}","{""accuracy"":0.1,""tpr"":0.7,""tnr"":0.1,""local_consistency"":0.1}",17,0.8688888888888888,0.26969696969696966,0.29555555555555557,0.7242424242424242,0.5822222222222222,0.49696969696969695,0,0.8688888888888888,0.29555555555555557,0.5822222222222222,0.5822222222222222,0,,,98,0.8865251437823812,0.4537382585364797,,,,,,,0.5822222222222222,0.25680493827160494,11,self,0.1438388103206485,-0.07191940516032425
acs_coverage,multi_optimal,fairness_advocates,community_members,"{""accuracy"":0.1,""tpr"":0.1,""tnr"":0.1,""local_consistency"":0.7}","{""accuracy"":0.1,""tpr"":0.7,""tnr"":0.1,""local_consistency"":0.1}",17,0.8688888888888888,0.26969696969696966,0.29555555555555557,0.7242424242424242,0.5822222222222222,0.49696969696969695,0,0.8688888888888888,0.29555555555555557,0.5822222222222222,0.5822222222222222,0,,,98,0.8865251437823812,0.4537382585364797,,,,,,,0.5822222222222222,0.25680493827160494,11,self,0.1438388103206485,-0.07191940516032425
acs_coverage,aggregate,fairness_advocates,community_members,"{""accuracy"":0.1,""tpr"":0.1,""tnr"":0.1,""local_consistency"":0.7}","{""accuracy"":0.1,""tpr"":0.7,""tnr"":0.1,""local_consistency"":0.1}",17,0.8688888888888888,0.26969696969696966,0.29555555555555557,0.7242424242424242,0.5822222222222222,0.49696969696969695,0,0.8688888888888888,0.29555555555555557,0.5822222222222222,0.5822222222222222,0,,,,,,,,,,,,0.5822222222222222,0.25680493827160494,11,self,0.1438388103206485,-0.07191940516032425
acs_coverage,negotiate,fairness_advocates,community_members,"{""accuracy"":0.1,""tpr"":0.1,""tnr"":0.1,""local_consistency"":0.7}","{""accuracy"":0.1,""tpr"":0.7,""tnr"":0.1,""local_consistency"":0.1}",17,0.8688888888888888,0.26969696969696966,0.29555555555555557,0.7242424242424242,0.5822222222222222,0.49696969696969695,0,0.8688888888888888,0.29555555555555557,0.5822222222222222,0.5822222222222222,0,0,1,197,0.7426863334617327,0.6462928908387822,98,173,0.8865251437823812,0.1438388103206485,self,,0.5822222222222222,0.25680493827160494,11,self,0.1438388103206485,-0.07191940516032425
acs_coverage,single,fairness_advocates,community_members,"{""accuracy"":0.1,""tpr"":0.1,""tnr"":0.1,""local_consistency"":0.7}","{""accuracy"":0.1,""tpr"":0.7,""tnr"":0.1,""local_consistency"":0.1}",18,0.6032820512820513,0.6413333333333333,0.1718974358974359,0.863047619047619,0.3875897435897436,0.7521904761904761,0,0.6032820512820513,0.1718974358974359,0.3875897435897436,0.7521904761904761,0.3646007326007325,,,1,0.7671415004748339,0.5107312440645775,,,,,,,0.3875897435897436,0.10370263773833004,364,other,0.11373743327766317,0.36443074236370426
acs_coverage,self_optimal,fairness_advocates,community_members,"{""accuracy"":0.1,""tpr"":0.1,""tnr"":0.1,""local_consistency"":0.7}","{""accuracy"":0.1,""tpr"":0.7,""tnr"":0.1,""local_consistency"":0.1}",18,0.6032820512820513,0.6413333333333333,0.1718974358974359,0.863047619047619,0.3875897435897436,0.7521904761904761,0,0.6032820512820513,0.1718974358974359,0.3875897435897436,0.7521904761904761,0.3646007326007325,,,36,0.9064249926318892,0.3679634541703508,,,,,,,0.3875897435897436,0.10370263773833004,364,other,0.11373743327766317,0.36443074236370426
acs_coverage,multi_optimal,fairness_advocates,community_members,"{""accuracy"":0.1,""tpr"":0.1,""tnr"":0.1,""local_consistency"":0.7}","{""accuracy"":0.1,""tpr"":0.7,""tnr"":0.1,""local_consistency"":0.1}",18,0.6032820512820513,0.6413333333333333,0.1718974358974359,0.863047619047619,0.3875897435897436,0.7521904761904761,0,0.6032820512820513,0.1718974358974359,0.3875897435897436,0.7521904761904761,0.3646007326007325,,,36,0.9064249926318892,0.3679634541703508,,,,,,,0.3875897435897436,0.10370263773833004,364,other,0.11373743327766317,0.36443074236370426
acs_coverage,aggregate,fairness_advocates,community_members,"{""accuracy"":0.1,""tpr"":0.1,""tnr"":0.1,""local_consistency"":0.7}","{""accuracy"":0.1,""tpr"":0.7,""tnr"":0.1,""local_consistency"":0.1}",18,0.6032820512820513,0.6413333333333333,0.1718974358974359,0.863047619047619,0.3875897435897436,0.7521904761904761,0,0.6032820512820513,0.1718974358974359,0.3875897435897436,0.7521904761904761,0.3646007326007325,,,,,,,,,,,,0.3875897435897436,0.10370263773833004,364,other,0.11373743327766317,0.36443074236370426
acs_coverage,negotiate,fairness_advocates,community_members,"{""accuracy"":0.1,""tpr"":0.1,""tnr"":0.1,""local_consistency"":0.7}","{""accuracy"":0.1,""tpr"":0.7,""tnr"":0.1,""local_consistency"":0.1}",18,0.6032820512820513,0.6413333333333333,0.1718974358974359,0.863047619047619,0.3875897435897436,0.7521904761904761,1,0.6413333333333333,0.863047619047619,0.7521904761904761,0.7521904761904761,0,1,1,12,0.7926875593542261,0.5858499525166192,36,118,0.9064249926318892,0.11373743327766317,other,,0.7521904761904761,0.5535012063492063,364,other,0.11373743327766317,0.36443074236370426
acs_coverage,single,fairness_advocates,community_members,"{""accuracy"":0.1,""tpr"":0.1,""tnr"":0.1,""local_consistency"":0.7}","{""accuracy"":0.1,""tpr"":0.7,""tnr"":0.1,""local_consistency"":0.1}",19,0.8628019323671496,0.38451612903225807,0.2946859903381643,0.7406451612903225,0.5787439613526569,0.5625806451612902,0,0.8628019323671496,0.2946859903381643,0.5787439613526569,0.5787439613526569,0,,,1,0.7971781305114639,0.3675485008818342,,,,,,,0.5787439613526569,0.2542556419052953,166,other,0.131628453850676,0.2458601942476366
acs_coverage,self_optimal,fairness_advocates,community_members,"{""accuracy"":0.1,""tpr"":0.1,""tnr"":0.1,""local_consistency"":0.7}","{""accuracy"":0.1,""tpr"":0.7,""tnr"":0.1,""local_consistency"":0.1}",19,0.8628019323671496,0.38451612903225807,0.2946859903381643,0.7406451612903225,0.5787439613526569,0.5625806451612902,0,0.8628019323671496,0.2946859903381643,0.5787439613526569,0.5787439613526569,0,,,540,0.9127572016460905,0.4559670781893005,,,,,,,0.5787439613526569,0.2542556419052953,166,other,0.131628453850676,0.2458601942476366
acs_coverage,multi_optimal,fairness_advocates,community_members,"{""accuracy"":0.1,""tpr"":0.1,""tnr"":0.1,""local_consistency"":0.7}","{""accuracy"":0.1,""tpr"":0.7,""tnr"":0.1,""local_consistency"":0.1}",19,0.8628019323671496,0.38451612903225807,0.2946859903381643,0.7406451612903225,0.5787439613526569,0.5625806451612902,0,0.8628019323671496,0.2946859903381643,0.5787439613526569,0.5787439613526569,0,,,540,0.9127572016460905,0.4559670781893005,,,,,,,0.5787439613526569,0.2542556419052953,166,other,0.131628453850676,0.2458601942476366
acs_coverage,aggregate,fairness_advocates,community_members,"{""accuracy"":0.1,""tpr"":0.1,""tnr"":0.1,""local_consistency"":0.7}","{""accuracy"":0.1,""tpr"":0.7,""tnr"":0.1,""local_consistency"":0.1}",19,0.8628019323671496,0.38451612903225807,0.2946859903381643,0.7406451612903225,0.5787439613526569,0.5625806451612902,0,0.8628019323671496,0.2946859903381643,0.5787439613526569,0.5787439613526569,0,,,,,,,,,,,,0.5787439613526569,0.2542556419052953,166,other,0.131628453850676,0.2458601942476366
acs_coverage,negotiate,fairness_advocates,community_members,"{""accuracy"":0.1,""tpr"":0.1,""tnr"":0.1,""local_consistency"":0.7}","{""accuracy"":0.1,""tpr"":0.7,""tnr"":0.1,""local_consistency"":0.1}",19,0.8628019323671496,0.38451612903225807,0.2946859903381643,0.7406451612903225,0.5787439613526569,0.5625806451612902,1,0.38451612903225807,0.7406451612903225,0.5625806451612902,0.5787439613526569,0.016163316191366683,1,1,393,0.7811287477954145,0.6329805996472664,540,12,0.9127572016460905,0.131628453850676,other,,0.5625806451612902,0.28479001040582724,166,other,0.131628453850676,0.2458601942476366
acs_coverage,single,judges,defendants,"{""accuracy"":0.7,""tpr"":0.1,""tnr"":0.1,""local_consistency"":0.1}","{""accuracy"":0.1,""tpr"":0.1,""tnr"":0.7,""local_consistency"":0.1}",0,0.18153846153846154,0.8378544061302682,0.7815384615384615,0.2378544061302682,0.4815384615384615,0.5378544061302681,0,0.18153846153846154,0.7815384615384615,0.4815384615384615,0.5378544061302681,0.05631594459180661,,,1,0.6574386297372659,0.7646559847643831,,,,,,,0.4815384615384615,0.1418792899408284,229,other,0.003915511149765738,0.3980422444251171
acs_coverage,self_optimal,judges,defendants,"{""accuracy"":0.7,""tpr"":0.1,""tnr"":0.1,""local_consistency"":0.1}","{""accuracy"":0.1,""tpr"":0.1,""tnr"":0.7,""local_consistency"":0.1}",0,0.18153846153846154,0.8378544061302682,0.7815384615384615,0.2378544061302682,0.4815384615384615,0.5378544061302681,1,0.8378544061302682,0.2378544061302682,0.5378544061302681,0.5378544061302681,0,,,109,0.7029721238176723,0.7562053319945601,,,,,,,0.5378544061302681,0.1992873621937435,229,other,0.003915511149765738,0.3980422444251171
acs_coverage,multi_optimal,judges,defendants,"{""accuracy"":0.7,""tpr"":0.1,""tnr"":0.1,""local_consistency"":0.1}","{""accuracy"":0.1,""tpr"":0.1,""tnr"":0.7,""local_consistency"":0.1}",0,0.18153846153846154,0.8378544061302682,0.7815384615384615,0.2378544061302682,0.4815384615384615,0.5378544061302681,1,0.8378544061302682,0.2378544061302682,0.5378544061302681,0.5378544061302681,0,,,109,0.7029721238176723,0.7562053319945601,,,,,,,0.5378544061302681,0.1992873621937435,229,other,0.003915511149765738,0.3980422444251171
acs_coverage,aggregate,judges,defendants,"{""accuracy"":0.7,""tpr"":0.1,""tnr"":0.1,""local_consistency"":0.1}","{""accuracy"":0.1,""tpr"":0.1,""tnr"":0.7,""local_consistency"":0.1}",0,0.18153846153846154,0.8378544061302682,0.7815384615384615,0.2378544061302682,0.4815384615384615,0.5378544061302681,1,0.8378544061302682,0.2378544061302682,0.5378544061302681,0.5378544061302681,0,,,,,,,,,,,,0.5378544061302681,0.1992873621937435,229,other,0.003915511149765738,0.3980422444251171
acs_coverage,negotiate,judges,defendants,"{""accuracy"":0.7,""tpr"":0.1,""tnr"":0.1,""local_consistency"":0.1}","{""accuracy"":0.1,""tpr"":0.1,""tnr"":0.7,""local_consistency"":0.1}",0,0.18153846153846154,0.8378544061302682,0.7815384615384615,0.2378544061302682,0.4815384615384615,0.5378544061302681,0,0.18153846153846154,0.7815384615384615,0.4815384615384615,0.5378544061302681,0.05631594459180661,0,1,37,0.6990566126679065,0.8573377974822578,109,15,0.7029721238176723,0.003915511149765738,other,,0.4815384615384615,0.1418792899408284,229,other,0.003915511149765738,0.3980422444251171
acs_coverage,single,judges,defendants,"{""accuracy"":0.7,""tpr"":0.1,""tnr"":0.1,""local_consistency"":0.1}","{""accuracy"":0.1,""tpr"":0.1,""tnr"":0.7,""local_consistency"":0.1}",1,0.1819607843137255,0.8469477911646586,0.7819607843137255,0.24694779116465865,0.4819607843137255,0.5469477911646586,1,0.8469477911646586,0.24694779116465865,0.5469477911646586,0.5469477911646586,0,,,1,0.6707719630705992,0.7779893180977164,,,,,,,0.5469477911646586,0.20915188625989903,224,other,0.006286400844747075,0.3638936257039937
acs_coverage,self_optimal,judges,defendants,"{""accuracy"":0.7,""tpr"":0.1,""tnr"":0.1,""local_consistency"":0.1}","{""accuracy"":0.1,""tpr"":0.1,""tnr"":0.7,""local_consistency"":0.1}",1,0.1819607843137255,0.8469477911646586,0.7819607843137255,0.24694779116465865,0.4819607843137255,0.5469477911646586,1,0.8469477911646586,0.24694779116465865,0.5469477911646586,0.5469477911646586,0,,,62,0.7020096801793203,0.7471285788025994,,,,,,,0.5469477911646586,0.20915188625989903,224,other,0.006286400844747075,0.3638936257039937
acs_coverage,multi_optimal,judges,defendants,"{""accuracy"":0.7,""tpr"":0.1,""tnr"":0.1,""local_consistency"":0.1}","{""accuracy"":0.1,""tpr"":0.1,""tnr"":0.7,""local_consistency"":0.1}",1,0.1819607843137255,0.8469477911646586,0.7819607843137255,0.24694779116465865,0.4819607843137255,0.5469477911646586,1,0.8469477911646586,0.24694779116465865,0.5469477911646586,0.5469477911646586,0,,,62,0.7020096801793203,0.7471285788025994,,,,,,,0.5469477911646586,0.20915188625989903,224,other,0.006286400844747075,0.3638936257039937
acs_coverage,aggregate,judges,defendants,"{""accuracy"":0.7,""tpr"":0.1,""tnr"":0.1,""local_consistency"":0.1}","{""accuracy"":0.1,""tpr"":0.1,""tnr"":0.7,""local_consistency"":0.1}",1,0.1819607843137255,0.8469477911646586,0.7819607843137255,0.24694779116465865,0.4819607843137255,0.5469477911646586,1,0.8469477911646586,0.24694779116465865,0.5469477911646586,0.5469477911646586,0,,,,,,,,,,,,0.5469477911646586,0.20915188625989903,224,other,0.006286400844747075,0.3638936257039937
acs_coverage,negotiate,judges,defendants,"{""accuracy"":0.7,""tpr"":0.1,""tnr"":0.1,""local_consistency"":0.1}","{""accuracy"":0.1,""tpr"":0.1,""tnr"":0.7,""local_consistency"":0.1}",1,0.1819607843137255,0.8469477911646586,0.7819607843137255,0.24694779116465865,0.4819607843137255,0.5469477911646586,0,0.1819607843137255,0.7819607843137255,0.4819607843137255,0.5469477911646586,0.06498700685093312,0,1,37,0.6957232793345732,0.8540044641489245,62,15,0.7020096801793203,0.006286400844747075,other,,0.4819607843137255,0.14228619761630143,224,other,0.006286400844747075,0.3638936257039937
acs_coverage,single,judges,defendants,"{""accuracy"":0.7,""tpr"":0.1,""tnr"":0.1,""local_consistency"":0.1}","{""accuracy"":0.1,""tpr"":0.1,""tnr"":0.7,""local_consistency"":0.1}",2,0.192,0.8284444444444444,0.7919999999999999,0.22844444444444445,0.492,0.5284444444444445,0,0.192,0.7919999999999999,0.492,0.5284444444444445,0.0364444444444445,,,1,0.6018689196108552,0.7752329749103943,,,,,,,0.492,0.15206399999999998,156,other,0.02839307048984485,0.3858034647550775
acs_coverage,self_optimal,judges,defendants,"{""accuracy"":0.7,""tpr"":0.1,""tnr"":0.1,""local_consistency"":0.1}","{""accuracy"":0.1,""tpr"":0.1,""tnr"":0.7,""local_consistency"":0.1}",2,0.192,0.8284444444444444,0.7919999999999999,0.22844444444444445,0.492,0.5284444444444445,1,0.8284444444444444,0.22844444444444445,0.5284444444444445,0.5284444444444445,0,,,202,0.6698062809353134,0.7031242532855437,,,,,,,0.5284444444444445,0.18925353086419752,156,other,0.02839307048984485,0.3858034647550775
acs_coverage,multi_optimal,judges,defendants,"{""accuracy"":0.7,""tpr"":0.1,""tnr"":0.1,""local_consistency"":0.1}","{""accuracy"":0.1,""tpr"":0.1,""tnr"":0.7,""local_consistency"":0.1}",2,0.192,0.8284444444444444,0.7919999999999999,0.22844444444444445,0.492,0.5284444444444445,1,0.8284444444444444,0.22844444444444445,0.5284444444444445,0.5284444444444445,0,,,202,0.6698062809353134,0.7031242532855437,,,,,,,0.5284444444444445,0.18925353086419752,156,other,0.02839307048984485,0.3858034647550775
acs_coverage,aggregate,judges,defendants,"{""accuracy"":0.7,""tpr"":0.1,""tnr"":0.1,""local_consistency"":0.1}","{""accuracy"":0.1,""tpr"":0.1,""tnr"":0.7,""local_consistency"":0.1}",2,0.192,0.8284444444444444,0.7919999999999999,0.22844444444444445,0.492,0.5284444444444445,1,0.8284444444444444,0.22844444444444445,0.5284444444444445,0.5284444444444445,0,,,,,,,,,,,,0.5284444444444445,0.18925353086419752,156,other,0.02839307048984485,0.3858034647550775
acs_coverage,negotiate,judges,defendants,"{""accuracy"":0.7,""tpr"":0.1,""tnr"":0.1,""local_consistency"":0.1}","{""accuracy"":0.1,""tpr"":0.1,""tnr"":0.7,""local_consistency"":0.1}",2,0.192,0.8284444444444444,0.7919999999999999,0.22844444444444445,0.492,0.5284444444444445,0,0.192,0.7919999999999999,0.492,0.5284444444444445,0.0364444444444445,0,1,98,0.6414132104454685,0.8479569892473119,202,92,0.6698062809353134,0.02839307048984485,other,,0.492,0.15206399999999998,156,other,0.02839307048984485,0.3858034647550775
acs_coverage,single,judges,defendants,"{""accuracy"":0.7,""tpr"":0.1,""tnr"":0.1,""local_consistency"":0.1}","{""accuracy"":0.1,""tpr"":0.1,""tnr"":0.7,""local_consistency"":0.1}",3,0.19107981220657277,0.8470114942528735,0.7910798122065728,0.24701149425287358,0.49107981220657276,0.5470114942528735,0,0.19107981220657277,0.7910798122065728,0.49107981220657276,0.5470114942528735,0.05593168204630078,,,1,0.6185355862775219,0.7918996415770609,,,,,,,0.49107981220657276,0.15115938195684278,166,other,0.032145417306707724,0.38392729134664605
acs_coverage,self_optimal,judges,defendants,"{""accuracy"":0.7,""tpr"":0.1,""tnr"":0.1,""local_consistency"":0.1}","{""accuracy"":0.1,""tpr"":0.1,""tnr"":0.7,""local_consistency"":0.1}",3,0.19107981220657277,0.8470114942528735,0.7910798122065728,0.24701149425287358,0.49107981220657276,0.5470114942528735,1,0.8470114942528735,0.24701149425287358,0.5470114942528735,0.5470114942528735,0,,,202,0.6931396142686467,0.726457586618877,,,,,,,0.5470114942528735,0.20922157484476153,166,other,0.032145417306707724,0.38392729134664605
acs_coverage,multi_optimal,judges,defendants,"{""accuracy"":0.7,""tpr"":0.1,""tnr"":0.1,""local_consistency"":0.1}","{""accuracy"":0.1,""tpr"":0.1,""tnr"":0.7,""local_consistency"":0.1}",3,0.19107981220657277,0.8470114942528735,0.7910798122065728,0.24701149425287358,0.49107981220657276,0.5470114942528735,1,0.8470114942528735,0.24701149425287358,0.5470114942528735,0.5470114942528735,0,,,202,0.6931396142686467,0.726457586618877,,,,,,,0.5470114942528735,0.20922157484476153,166,other,0.032145417306707724,0.38392729134664605
acs_coverage,aggregate,judges,defendants,"{""accuracy"":0.7,""tpr"":0.1,""tnr"":0.1,""local_consistency"":0.1}","{""accuracy"":0.1,""tpr"":0.1,""tnr"":0.7,""local_consistency"":0.1}",3,0.19107981220657277,0.8470114942528735,0.7910798122065728,0.24701149425287358,0.49107981220657276,0.5470114942528735,1,0.8470114942528735,0.24701149425287358,0.5470114942528735,0.5470114942528735,0,,,,,,,,,,,,0.5470114942528735,0.20922157484476153,166,other,0.032145417306707724,0.38392729134664605
acs_coverage,negotiate,judges,defendants,"{""accuracy"":0.7,""tpr"":0.1,""tnr"":0.1,""local_consistency"":0.1}","{""accuracy"":0.1,""tpr"":0.1,""tnr"":0.7,""local_consistency"":0.1}",3,0.19107981220657277,0.8470114942528735,0.7910798122065728,0.24701149425287358,0.49107981220657276,0.5470114942528735,0,0.19107981220657277,0.7910798122065728,0.49107981220657276,0.5470114942528735,0.05593168204630078,0,1,533,0.660994196961939,0.8444504181600956,202,92,0.6931396142686467,0.032145417306707724,other,,0.49107981220657276,0.15115938195684278,166,other,0.032145417306707724,0.38392729134664605
acs_coverage,single,judges,community_members,"{""accuracy"":0.7,""tpr"":0.1,""tnr"":0.1,""local_consistency"":0.1}","{""accuracy"":0.1,""tpr"":0.7,""tnr"":0.1,""local_consistency"":0.1}",4,0.19915824915824917,0.8099999999999999,0.19915824915824917,0.8099999999999999,0.19915824915824917,0.8099999999999999,0,0.19915824915824917,0.19915824915824917,0.19915824915824917,0.8099999999999999,0.6108417508417507,,,1,0.6575875603864736,0.4305042270531402,,,,,,,0.19915824915824917,0.03966400820777926,17,self,0.07144172705314011,-0.03572086352657006
acs_coverage,self_optimal,judges,community_members,"{""accuracy"":0.7,""tpr"":0.1,""tnr"":0.1,""local_consistency"":0.1}","{""accuracy"":0.1,""tpr"":0.7,""tnr"":0.1,""local_consistency"":0.1}",4,0.19915824915824917,0.8099999999999999,0.19915824915824917,0.8099999999999999,0.19915824915824917,0.8099999999999999,0,0.19915824915824917,0.19915824915824917,0.19915824915824917,0.8099999999999999,0.6108417508417507,,,260,0.7526041666666667,0.39322916666666674,,,,,,,0.19915824915824917,0.03966400820777926,17,self,0.07144172705314011,-0.03572086352657006
acs_coverage,multi_optimal,judges,community_members,"{""accuracy"":0.7,""tpr"":0.1,""tnr"":0.1,""local_consistency"":0.1}","{""accuracy"":0.1,""tpr"":0.7,""tnr"":0.1,""local_consistency"":0.1}",4,0.19915824915824917,0.8099999999999999,0.19915824915824917,0.8099999999999999,0.19915824915824917,0.8099999999999999,0,0.19915824915824917,0.19915824915824917,0.19915824915824917,0.8099999999999999,0.6108417508417507,,,260,0.7526041666666667,0.39322916666666674,,,,,,,0.19915824915824917,0.03966400820777926,17,self,0.07144172705314011,-0.03572086352657006
acs_coverage,aggregate,judges,community_members,"{""accuracy"":0.7,""tpr"":0.1,""tnr"":0.1,""local_consistency"":0.1}","{""accuracy"":0.1,""tpr"":0.7,""tnr"":0.1,""local_consistency"":0.1}",4,0.19915824915824917,0.8099999999999999,0.19915824915824917,0.8099999999999999,0.19915824915824917,0.8099999999999999,0,0.19915824915824917,0.19915824915824917,0.19915824915824917,0.8099999999999999,0.6108417508417507,,,,,,,,,,,,0.19915824915824917,0.03966400820777926,17,self,0.07144172705314011,-0.03572086352657006
acs_coverage,negotiate,judges,community_members,"{""accuracy"":0.7,""tpr"":0.1,""tnr"":0.1,""local_consistency"":0.1}","{""accuracy"":0.1,""tpr"":0.7,""tnr"":0.1,""local_consistency"":0.1}",4,0.19915824915824917,0.8099999999999999,0.19915824915824917,0.8099999999999999,0.19915824915824917,0.8099999999999999,0,0.19915824915824917,0.19915824915824917,0.19915824915824917,0.8099999999999999,0.6108417508417507,0,1,28,0.6811624396135266,0.6207457729468601,260,12,0.7526041666666667,0.07144172705314011,self,,0.19915824915824917,0.03966400820777926,17,self,0.07144172705314011,-0.03572086352657006
acs_coverage,single,judges,community_members,"{""accuracy"":0.7,""tpr"":0.1,""tnr"":0.1,""local_consistency"":0.1}","{""accuracy"":0.1,""tpr"":0.7,""tnr"":0.1,""local_consistency"":0.1}",5,0.8959595959595958,0.11666666666666667,0.295959595959596,0.7166666666666667,0.5959595959595959,0.4166666666666667,0,0.8959595959595958,0.295959595959596,0.5959595959595959,0.5959595959595959,0,,,1,0.7256831062080902,0.5047265844689596,,,,,,,0.5959595959595959,0.2651678400163249,85,self,0.0412143629677697,-0.02060718148388485
acs_coverage,self_optimal,judges,community_members,"{""accuracy"":0.7,""tpr"":0.1,""tnr"":0.1,""local_consistency"":0.1}","{""accuracy"":0.1,""tpr"":0.7,""tnr"":0.1,""local_consistency"":0.1}",5,0.8959595959595958,0.11666666666666667,0.295959595959596,0.7166666666666667,0.5959595959595959,0.4166666666666667,0,0.8959595959595958,0.295959595959596,0.5959595959595959,0.5959595959595959,0,,,533,0.7562173913043478,0.38917391304347837,,,,,,,0.5959595959595959,0.2651678400163249,85,self,0.0412143629677697,-0.02060718148388485
acs_coverage,multi_optimal,judges,community_members,"{""accuracy"":0.7,""tpr"":0.1,""tnr"":0.1,""local_consistency"":0.1}","{""accuracy"":0.1,""tpr"":0.7,""tnr"":0.1,""local_consistency"":0.1}",5,0.8959595959595958,0.11666666666666667,0.295959595959596,0.7166666666666667,0.5959595959595959,0.4166666666666667,0,0.8959595959595958,0.295959595959596,0.5959595959595959,0.5959595959595959,0,,,533,0.7562173913043478,0.38917391304347837,,,,,,,0.5959595959595959,0.2651678400163249,85,self,0.0412143629677697,-0.02060718148388485
acs_coverage,aggregate,judges,community_members,"{""accuracy"":0.7,""tpr"":0.1,""tnr"":0.1,""local_consistency"":0.1}","{""accuracy"":0.1,""tpr"":0.7,""tnr"":0.1,""local_consistency"":0.1}",5,0.8959595959595958,0.11666666666666667,0.295959595959596,0.7166666666666667,0.5959595959595959,0.4166666666666667,0,0.8959595959595958,0.295959595959596,0.5959595959595959,0.5959595959595959,0,,,,,,,,,,,,0.5959595959595959,0.2651678400163249,85,self,0.0412143629677697,-0.02060718148388485
acs_coverage,negotiate,judges,community_members,"{""accuracy"":0.7,""tpr"":0.1,""tnr"":0.1,""local_consistency"":0.1}","{""accuracy"":0.1,""tpr"":0.7,""tnr"":0.1,""local_consistency"":0.1}",5,0.8959595959595958,0.11666666666666667,0.295959595959596,0.7166666666666667,0.5959595959595959,0.4166666666666667,0,0.8959595959595958,0.295959595959596,0.5959595959595959,0.5959595959595959,0,0,1,8,0.7150030283365781,0.5790899848583172,533,12,0.7562173913043478,0.0412143629677697,self,,0.5959595959595959,0.2651678400163249,85,self,0.0412143629677697,-0.02060718148388485
acs_coverage,single,judges,fairness_advocates,"{""accuracy"":0.7,""tpr"":0.1,""tnr"":0.1,""local_consistency"":0.1}","{""accuracy"":0.1,""tpr"":0.1,""tnr"":0.1,""local_consistency"":0.7}",6,0.16490740740740742,0.8589583333333333,0.5543518518518519,0.6127083333333334,0.35962962962962963,0.7358333333333333,1,0.8589583333333333,0.6127083333333334,0.7358333333333333,0.7358333333333333,0,,,1,0.5169779286926995,0.6222410865874363,,,,,,,0.7358333333333333,0.5262909288194445,175,self,0.0,0.0
acs_coverage,self_optimal,judges,fairness_advocates,"{""accuracy"":0.7,""tpr"":0.1,""tnr"":0.1,""local_consistency"":0.1}","{""accuracy"":0.1,""tpr"":0.1,""tnr"":0.1,""local_consistency"":0.7}",6,0.16490740740740742,0.8589583333333333,0.5543518518518519,0.6127083333333334,0.35962962962962963,0.7358333333333333,1,0.8589583333333333,0.6127083333333334,0.7358333333333333,0.7358333333333333,0,,,67,0.7560850637760657,0.783453484828697,,,,,,,0.7358333333333333,0.5262909288194445,175,self,0.0,0.0
acs_coverage,multi_optimal,judges,fairness_advocates,"{""accuracy"":0.7,""tpr"":0.1,""tnr"":0.1,""local_consistency"":0.1}","{""accuracy"":0.1,""tpr"":0.1,""tnr"":0.1,""local_consistency"":0.7}",6,0.16490740740740742,0.8589583333333333,0.5543518518518519,0.6127083333333334,0.35962962962962963,0.7358333333333333,1,0.8589583333333333,0.6127083333333334,0.7358333333333333,0.7358333333333333,0,,,67,0.7560850637760657,0.783453484828697,,,,,,,0.7358333333333333,0.5262909288194445,175,self,0.0,0.0
acs_coverage,aggregate,judges,fairness_advocates,"{""accuracy"":0.7,""tpr"":0.1,""tnr"":0.1,""local_consistency"":0.1}","{""accuracy"":0.1,""tpr"":0.1,""tnr"":0.1,""local_consistency"":0.7}",6,0.16490740740740742,0.8589583333333333,0.5543518518518519,0.6127083333333334,0.35962962962962963,0.7358333333333333,0,0.16490740740740742,0.5543518518518519,0.35962962962962963,0.7358333333333333,0.3762037037037037,,,,,,,,,,,,0.35962962962962963,0.0914167266803841,175,self,0.0,0.0
acs_coverage,negotiate,judges,fairness_advocates,"{""accuracy"":0.7,""tpr"":0.1,""tnr"":0.1,""local_consistency"":0.1}","{""accuracy"":0.1,""tpr"":0.1,""tnr"":0.1,""local_consistency"":0.7}",6,0.16490740740740742,0.8589583333333333,0.5543518518518519,0.6127083333333334,0.35962962962962963,0.7358333333333333,1,0.8589583333333333,0.6127083333333334,0.7358333333333333,0.7358333333333333,0,1,1,67,0.7560850637760657,0.783453484828697,67,15,0.7560850637760657,0,self,,0.7358333333333333,0.5262909288194445,175,self,0.0,0.0
acs_coverage,single,judges,defendants,"{""accuracy"":0.7,""tpr"":0.1,""tnr"":0.1,""local_consistency"":0.1}","{""accuracy"":0.1,""tpr"":0.1,""tnr"":0.7,""local_consistency"":0.1}",7,0.17689655172413796,0.8446153846153845,0.776896551724138,0.24461538461538462,0.476896551724138,0.5446153846153846,0,0.17689655172413796,0.776896551724138,0.476896551724138,0.5446153846153846,0.06771883289124664,,,1,0.6152022529441885,0.7885663082437276,,,,,,,0.476896551724138,0.1374303210463734,167,other,0.014648404164533169,0.3926757979177333
acs_coverage,self_optimal,judges,defendants,"{""accuracy"":0.7,""tpr"":0.1,""tnr"":0.1,""local_consistency"":0.1}","{""accuracy"":0.1,""tpr"":0.1,""tnr"":0.7,""local_consistency"":0.1}",7,0.17689655172413796,0.8446153846153845,0.776896551724138,0.24461538461538462,0.476896551724138,0.5446153846153846,1,0.8446153846153845,0.24461538461538462,0.5446153846153846,0.5446153846153846,0,,,202,0.67647294760198,0.7097909199522103,,,,,,,0.5446153846153846,0.2066059171597633,167,other,0.014648404164533169,0.3926757979177333
acs_coverage,multi_optimal,judges,defendants,"{""accuracy"":0.7,""tpr"":0.1,""tnr"":0.1,""local_consistency"":0.1}","{""accuracy"":0.1,""tpr"":0.1,""tnr"":0.7,""local_consistency"":0.1}",7,0.17689655172413796,0.8446153846153845,0.776896551724138,0.24461538461538462,0.476896551724138,0.5446153846153846,1,0.8446153846153845,0.24461538461538462,0.5446153846153846,0.5446153846153846,0,,,202,0.67647294760198,0.7097909199522103,,,,,,,0.5446153846153846,0.2066059171597633,167,other,0.014648404164533169,0.3926757979177333
acs_coverage,aggregate,judges,defendants,"{""accuracy"":0.7,""tpr"":0.1,""tnr"":0.1,""local_consistency"":0.1}","{""accuracy"":0.1,""tpr"":0.1,""tnr"":0.7,""local_consistency"":0.1}",7,0.17689655172413796,0.8446153846153845,0.776896551724138,0.24461538461538462,0.476896551724138,0.5446153846153846,0,0.17689655172413796,0.776896551724138,0.476896551724138,0.5446153846153846,0.06771883289124664,,,,,,,,,,,,0.476896551724138,0.1374303210463734,167,other,0.014648404164533169,0.3926757979177333
acs_coverage,negotiate,judges,defendants,"{""accuracy"":0.7,""tpr"":0.1,""tnr"":0.1,""local_consistency"":0.1}","{""accuracy"":0.1,""tpr"":0.1,""tnr"":0.7,""local_consistency"":0.1}",7,0.17689655172413796,0.8446153846153845,0.776896551724138,0.24461538461538462,0.476896551724138,0.5446153846153846,0,0.17689655172413796,0.776896551724138,0.476896551724138,0.5446153846153846,0.06771883289124664,0,1,590,0.6618245434374468,0.8404420549581841,202,92,0.67647294760198,0.014648404164533169,other,,0.476896551724138,0.1374303210463734,167,other,0.014648404164533169,0.3926757979177333
acs_coverage,single,judges,community_members,"{""accuracy"":0.7,""tpr"":0.1,""tnr"":0.1,""local_consistency"":0.1}","{""accuracy"":0.1,""tpr"":0.7,""tnr"":0.1,""local_consistency"":0.1}",8,0.18472573839662448,0.8373015873015872,0.18472573839662448,0.8373015873015872,0.18472573839662448,0.8373015873015872,0,0.18472573839662448,0.18472573839662448,0.18472573839662448,0.8373015873015872,0.6525758489049627,,,1,0.6841052964039325,0.5132844256827627,,,,,,,0.18472573839662448,0.034123598426178146,147,other,0.06657647624502383,0.29659331152162355
acs_coverage,self_optimal,judges,community_members,"{""accuracy"":0.7,""tpr"":0.1,""tnr"":0.1,""local_consistency"":0.1}","{""accuracy"":0.1,""tpr"":0.7,""tnr"":0.1,""local_consistency"":0.1}",8,0.18472573839662448,0.8373015873015872,0.18472573839662448,0.8373015873015872,0.18472573839662448,0.8373015873015872,0,0.18472573839662448,0.18472573839662448,0.18472573839662448,0.8373015873015872,0.6525758489049627,,,139,0.7248246042015798,0.5750738564448499,,,,,,,0.18472573839662448,0.034123598426178146,147,other,0.06657647624502383,0.29659331152162355
acs_coverage,multi_optimal,judges,community_members,"{""accuracy"":0.7,""tpr"":0.1,""tnr"":0.1,""local_consistency"":0.1}","{""accuracy"":0.1,""tpr"":0.7,""tnr"":0.1,""local_consistency"":0.1}",8,0.18472573839662448,0.8373015873015872,0.18472573839662448,0.8373015873015872,0.18472573839662448,0.8373015873015872,0,0.18472573839662448,0.18472573839662448,0.18472573839662448,0.8373015873015872,0.6525758489049627,,,139,0.7248246042015798,0.5750738564448499,,,,,,,0.18472573839662448,0.034123598426178146,147,other,0.06657647624502383,0.29659331152162355
acs_coverage,aggregate,judges,community_members,"{""accuracy"":0.7,""tpr"":0.1,""tnr"":0.1,""local_consistency"":0.1}","{""accuracy"":0.1,""tpr"":0.7,""tnr"":0.1,""local_consistency"":0.1}",8,0.18472573839662448,0.8373015873015872,0.18472573839662448,0.8373015873015872,0.18472573839662448,0.8373015873015872,1,0.8373015873015872,0.8373015873015872,0.8373015873015872,0.8373015873015872,0,,,,,,,,,,,,0.8373015873015872,0.7010739480977575,147,other,0.06657647624502383,0.29659331152162355
acs_coverage,negotiate,judges,community_members,"{""accuracy"":0.7,""tpr"":0.1,""tnr"":0.1,""local_consistency"":0.1}","{""accuracy"":0.1,""tpr"":0.7,""tnr"":0.1,""local_consistency"":0.1}",8,0.18472573839662448,0.8373015873015872,0.18472573839662448,0.8373015873015872,0.18472573839662448,0.8373015873015872,1,0.8373015873015872,0.8373015873015872,0.8373015873015872,0.8373015873015872,0,1,1,537,0.658248127956556,0.6489759445069049,139,393,0.7248246042015798,0.06657647624502383,other,,0.8373015873015872,0.7010739480977575,147,other,0.06657647624502383,0.29659331152162355
acs_coverage,single,judges,fairness_advocates,"{""accuracy"":0.7,""tpr"":0.1,""tnr"":0.1,""local_consistency"":0.1}","{""accuracy"":0.1,""tpr"":0.1,""tnr"":0.1,""local_consistency"":0.7}",9,0.8733333333333333,0.1597463768115942,0.7133333333333334,0.5182246376811595,0.7933333333333333,0.3389855072463768,1,0.1597463768115942,0.5182246376811595,0.3389855072463768,0.7933333333333333,0.4543478260869565,,,1,0.6707719630705992,0.6609680415019716,,,,,,,0.3389855072463768,0.08278450824406638,230,self,0.009125778692291808,-0.004562889346145904
acs_coverage,self_optimal,judges,fairness_advocates,"{""accuracy"":0.7,""tpr"":0.1,""tnr"":0.1,""local_consistency"":0.1}","{""accuracy"":0.1,""tpr"":0.1,""tnr"":0.1,""local_consistency"":0.7}",9,0.8733333333333333,0.1597463768115942,0.7133333333333334,0.5182246376811595,0.7933333333333333,0.3389855072463768,1,0.1597463768115942,0.5182246376811595,0.3389855072463768,0.7933333333333333,0.4543478260869565,,,541,0.7128752630995902,0.7913066356486098,,,,,,,0.3389855072463768,0.08278450824406638,230,self,0.009125778692291808,-0.004562889346145904
acs_coverage,multi_optimal,judges,fairness_advocates,"{""accuracy"":0.7,""tpr"":0.1,""tnr"":0.1,""local_consistency"":0.1}","{""accuracy"":0.1,""tpr"":0.1,""tnr"":0.1,""local_consistency"":0.7}",9,0.8733333333333333,0.1597463768115942,0.7133333333333334,0.5182246376811595,0.7933333333333333,0.3389855072463768,1,0.1597463768115942,0.5182246376811595,0.3389855072463768,0.7933333333333333,0.4543478260869565,,,541,0.7128752630995902,0.7913066356486098,,,,,,,0.3389855072463768,0.08278450824406638,230,self,0.009125778692291808,-0.004562889346145904
acs_coverage,aggregate,judges,fairness_advocates,"{""accuracy"":0.7,""tpr"":0.1,""tnr"":0.1,""local_consistency"":0.1}","{""accuracy"":0.1,""tpr"":0.1,""tnr"":0.1,""local_consistency"":0.7}",9,0.8733333333333333,0.1597463768115942,0.7133333333333334,0.5182246376811595,0.7933333333333333,0.3389855072463768,1,0.1597463768115942,0.5182246376811595,0.3389855072463768,0.7933333333333333,0.4543478260869565,,,,,,,,,,,,0.3389855072463768,0.08278450824406638,230,self,0.009125778692291808,-0.004562889346145904
acs_coverage,negotiate,judges,fairness_advocates,"{""accuracy"":0.7,""tpr"":0.1,""tnr"":0.1,""local_consistency"":0.1}","{""accuracy"":0.1,""tpr"":0.1,""tnr"":0.1,""local_consistency"":0.7}",9,0.8733333333333333,0.1597463768115942,0.7133333333333334,0.5182246376811595,0.7933333333333333,0.3389855072463768,1,0.1597463768115942,0.5182246376811595,0.3389855072463768,0.7933333333333333,0.4543478260869565,1,1,67,0.7037494844072983,0.8539455628386707,541,15,0.7128752630995902,0.009125778692291808,self,,0.3389855072463768,0.08278450824406638,230,self,0.009125778692291808,-0.004562889346145904
acs_coverage,single,judges,defendants,"{""accuracy"":0.7,""tpr"":0.1,""tnr"":0.1,""local_consistency"":0.1}","{""accuracy"":0.1,""tpr"":0.1,""tnr"":0.7,""local_consistency"":0.1}",10,0.19444444444444448,0.8388235294117646,0.7944444444444444,0.2388235294117647,0.49444444444444446,0.5388235294117647,0,0.19444444444444448,0.7944444444444444,0.49444444444444446,0.5388235294117647,0.04437908496732024,,,1,0.6152022529441885,0.7885663082437276,,,,,,,0.49444444444444446,0.1544753086419753,162,other,0.027981737497866588,0.3860091312510666
acs_coverage,self_optimal,judges,defendants,"{""accuracy"":0.7,""tpr"":0.1,""tnr"":0.1,""local_consistency"":0.1}","{""accuracy"":0.1,""tpr"":0.1,""tnr"":0.7,""local_consistency"":0.1}",10,0.19444444444444448,0.8388235294117646,0.7944444444444444,0.2388235294117647,0.49444444444444446,0.5388235294117647,1,0.8388235294117646,0.2388235294117647,0.5388235294117647,0.5388235294117647,0,,,202,0.69647294760198,0.7297909199522103,,,,,,,0.5388235294117647,0.20033079584775085,162,other,0.027981737497866588,0.3860091312510666
acs_coverage,multi_optimal,judges,defendants,"{""accuracy"":0.7,""tpr"":0.1,""tnr"":0.1,""local_consistency"":0.1}","{""accuracy"":0.1,""tpr"":0.1,""tnr"":0.7,""local_consistency"":0.1}",10,0.19444444444444448,0.8388235294117646,0.7944444444444444,0.2388235294117647,0.49444444444444446,0.5388235294117647,1,0.8388235294117646,0.2388235294117647,0.5388235294117647,0.5388235294117647,0,,,202,0.69647294760198,0.7297909199522103,,,,,,,0.5388235294117647,0.20033079584775085,162,other,0.027981737497866588,0.3860091312510666
acs_coverage,aggregate,judges,defendants,"{""accuracy"":0.7,""tpr"":0.1,""tnr"":0.1,""local_consistency"":0.1}","{""accuracy"":0.1,""tpr"":0.1,""tnr"":0.7,""local_consistency"":0.1}",10,0.19444444444444448,0.8388235294117646,0.7944444444444444,0.2388235294117647,0.49444444444444446,0.5388235294117647,1,0.8388235294117646,0.2388235294117647,0.5388235294117647,0.5388235294117647,0,,,,,,,,,,,,0.5388235294117647,0.20033079584775085,162,other,0.027981737497866588,0.3860091312510666
acs_coverage,negotiate,judges,defendants,"{""accuracy"":0.7,""tpr"":0.1,""tnr"":0.1,""local_consistency"":0.1}","{""accuracy"":0.1,""tpr"":0.1,""tnr"":0.7,""local_consistency"":0.1}",10,0.19444444444444448,0.8388235294117646,0.7944444444444444,0.2388235294117647,0.49444444444444446,0.5388235294117647,0,0.19444444444444448,0.7944444444444444,0.49444444444444446,0.5388235294117647,0.04437908496732024,0,1,590,0.6684912101041134,0.8471087216248507,202,92,0.69647294760198,0.027981737497866588,other,,0.49444444444444446,0.1544753086419753,162,other,0.027981737497866588,0.3860091312510666
acs_coverage,single,judges,community_members,"{""accuracy"":0.7,""tpr"":0.1,""tnr"":0.1,""local_consistency"":0.1}","{""accuracy"":0.1,""tpr"":0.7,""tnr"":0.1,""local_consistency"":0.1}",11,0.8739999999999999,0.13752380952380952,0.274,0.7375238095238095,0.574,0.4375238095238095,1,0.13752380952380952,0.7375238095238095,0.4375238095238095,0.574,0.13647619047619047,,,1,0.6856831062080901,0.4647265844689596,,,,,,,0.4375238095238095,0.10142708390022674,99,other,0.07795392602206364,0.3610230369889681
acs_coverage,self_optimal,judges,community_members,"{""accuracy"":0.7,""tpr"":0.1,""tnr"":0.1,""local_consistency"":0.1}","{""accuracy"":0.1,""tpr"":0.7,""tnr"":0.1,""local_consistency"":0.1}",11,0.8739999999999999,0.13752380952380952,0.274,0.7375238095238095,0.574,0.4375238095238095,0,0.8739999999999999,0.274,0.574,0.574,0,,,26,0.736290287691975,0.39976854856154015,,,,,,,0.574,0.239476,99,other,0.07795392602206364,0.3610230369889681
acs_coverage,multi_optimal,judges,community_members,"{""accuracy"":0.7,""tpr"":0.1,""tnr"":0.1,""local_consistency"":0.1}","{""accuracy"":0.1,""tpr"":0.7,""tnr"":0.1,""local_consistency"":0.1}",11,0.8739999999999999,0.13752380952380952,0.274,0.7375238095238095,0.574,0.4375238095238095,0,0.8739999999999999,0.274,0.574,0.574,0,,,26,0.736290287691975,0.39976854856154015,,,,,,,0.574,0.239476,99,other,0.07795392602206364,0.3610230369889681
acs_coverage,aggregate,judges,community_members,"{""accuracy"":0.7,""tpr"":0.1,""tnr"":0.1,""local_consistency"":0.1}","{""accuracy"":0.1,""tpr"":0.7,""tnr"":0.1,""local_consistency"":0.1}",11,0.8739999999999999,0.13752380952380952,0.274,0.7375238095238095,0.574,0.4375238095238095,0,0.8739999999999999,0.274,0.574,0.574,0,,,,,,,,,,,,0.574,0.239476,99,other,0.07795392602206364,0.3610230369889681
acs_coverage,negotiate,judges,community_members,"{""accuracy"":0.7,""tpr"":0.1,""tnr"":0.1,""local_consistency"":0.1}","{""accuracy"":0.1,""tpr"":0.7,""tnr"":0.1,""local_consistency"":0.1}",11,0.8739999999999999,0.13752380952380952,0.274,0.7375238095238095,0.574,0.4375238095238095,1,0.13752380952380952,0.7375238095238095,0.4375238095238095,0.574,0.13647619047619047,1,1,8,0.6583363616699114,0.5224233181916504,26,12,0.736290287691975,0.07795392602206364,other,,0.4375238095238095,0.10142708390022674,99,other,0.07795392602206364,0.3610230369889681
acs_coverage,single,judges,community_members,"{""accuracy"":0.7,""tpr"":0.1,""tnr"":0.1,""local_consistency"":0.1}","{""accuracy"":0.1,""tpr"":0.7,""tnr"":0.1,""local_consistency"":0.1}",12,0.878157894736842,0.13458333333333333,0.2781578947368421,0.7345833333333333,0.5781578947368421,0.4345833333333333,1,0.13458333333333333,0.7345833333333333,0.4345833333333333,0.5781578947368421,0.14357456140350877,,,1,0.6790164395414234,0.45805991780229294,,,,,,,0.4345833333333333,0.0988626736111111,87,other,0.08211313000216303,0.35894343499891845
acs_coverage,self_optimal,judges,community_members,"{""accuracy"":0.7,""tpr"":0.1,""tnr"":0.1,""local_consistency"":0.1}","{""accuracy"":0.1,""tpr"":0.7,""tnr"":0.1,""local_consistency"":0.1}",12,0.878157894736842,0.13458333333333333,0.2781578947368421,0.7345833333333333,0.5781578947368421,0.4345833333333333,0,0.878157894736842,0.2781578947368421,0.5781578947368421,0.5781578947368421,0,,,93,0.7437828250054078,0.38326108587497304,,,,,,,0.5781578947368421,0.24426655124653737,87,other,0.08211313000216303,0.35894343499891845
acs_coverage,multi_optimal,judges,community_members,"{""accuracy"":0.7,""tpr"":0.1,""tnr"":0.1,""local_consistency"":0.1}","{""accuracy"":0.1,""tpr"":0.7,""tnr"":0.1,""local_consistency"":0.1}",12,0.878157894736842,0.13458333333333333,0.2781578947368421,0.7345833333333333,0.5781578947368421,0.4345833333333333,0,0.878157894736842,0.2781578947368421,0.5781578947368421,0.5781578947368421,0,,,93,0.7437828250054078,0.38326108587497304,,,,,,,0.5781578947368421,0.24426655124653737,87,other,0.08211313000216303,0.35894343499891845
acs_coverage,aggregate,judges,community_members,"{""accuracy"":0.7,""tpr"":0.1,""tnr"":0.1,""local_consistency"":0.1}","{""accuracy"":0.1,""tpr"":0.7,""tnr"":0.1,""local_consistency"":0.1}",12,0.878157894736842,0.13458333333333333,0.2781578947368421,0.7345833333333333,0.5781578947368421,0.4345833333333333,1,0.13458333333333333,0.7345833333333333,0.4345833333333333,0.5781578947368421,0.14357456140350877,,,,,,,,,,,,0.4345833333333333,0.0988626736111111,87,other,0.08211313000216303,0.35894343499891845
acs_coverage,negotiate,judges,community_members,"{""accuracy"":0.7,""tpr"":0.1,""tnr"":0.1,""local_consistency"":0.1}","{""accuracy"":0.1,""tpr"":0.7,""tnr"":0.1,""local_consistency"":0.1}",12,0.878157894736842,0.13458333333333333,0.2781578947368421,0.7345833333333333,0.5781578947368421,0.4345833333333333,1,0.13458333333333333,0.7345833333333333,0.4345833333333333,0.5781578947368421,0.14357456140350877,1,1,8,0.6616696950032448,0.5257566515249839,93,12,0.7437828250054078,0.08211313000216303,other,,0.4345833333333333,0.0988626736111111,87,other,0.08211313000216303,0.35894343499891845
acs_coverage,single,judges,community_members,"{""accuracy"":0.7,""tpr"":0.1,""tnr"":0.1,""local_consistency"":0.1}","{""accuracy"":0.1,""tpr"":0.7,""tnr"":0.1,""local_consistency"":0.1}",13,0.8632163742690058,0.16193798449612404,0.26321637426900585,0.761937984496124,0.5632163742690058,0.46193798449612405,0,0.8632163742690058,0.26321637426900585,0.5632163742690058,0.5632163742690058,0,,,1,0.5872617625305798,0.3375604483131365,,,,,,,0.5632163742690058,0.22721268424472485,154,other,0.09700271187726384,0.30022255093705175
acs_coverage,self_optimal,judges,community_members,"{""accuracy"":0.7,""tpr"":0.1,""tnr"":0.1,""local_consistency"":0.1}","{""accuracy"":0.1,""tpr"":0.7,""tnr"":0.1,""local_consistency"":0.1}",13,0.8632163742690058,0.16193798449612404,0.26321637426900585,0.761937984496124,0.5632163742690058,0.46193798449612405,0,0.8632163742690058,0.26321637426900585,0.5632163742690058,0.5632163742690058,0,,,202,0.6997847565947926,0.6517959075306746,,,,,,,0.5632163742690058,0.22721268424472485,154,other,0.09700271187726384,0.30022255093705175
acs_coverage,multi_optimal,judges,community_members,"{""accuracy"":0.7,""tpr"":0.1,""tnr"":0.1,""local_consistency"":0.1}","{""accuracy"":0.1,""tpr"":0.7,""tnr"":0.1,""local_consistency"":0.1}",13,0.8632163742690058,0.16193798449612404,0.26321637426900585,0.761937984496124,0.5632163742690058,0.46193798449612405,0,0.8632163742690058,0.26321637426900585,0.5632163742690058,0.5632163742690058,0,,,202,0.6997847565947926,0.6517959075306746,,,,,,,0.5632163742690058,0.22721268424472485,154,other,0.09700271187726384,0.30022255093705175
acs_coverage,aggregate,judges,community_members,"{""accuracy"":0.7,""tpr"":0.1,""tnr"":0.1,""local_consistency"":0.1}","{""accuracy"":0.1,""tpr"":0.7,""tnr"":0.1,""local_consistency"":0.1}",13,0.8632163742690058,0.16193798449612404,0.26321637426900585,0.761937984496124,0.5632163742690058,0.46193798449612405,1,0.16193798449612404,0.761937984496124,0.46193798449612405,0.5632163742690058,0.10127838977288178,,,,,,,,,,,,0.46193798449612405,0.12338670152034133,154,other,0.09700271187726384,0.30022255093705175
acs_coverage,negotiate,judges,community_members,"{""accuracy"":0.7,""tpr"":0.1,""tnr"":0.1,""local_consistency"":0.1}","{""accuracy"":0.1,""tpr"":0.7,""tnr"":0.1,""local_consistency"":0.1}",13,0.8632163742690058,0.16193798449612404,0.26321637426900585,0.761937984496124,0.5632163742690058,0.46193798449612405,1,0.16193798449612404,0.761937984496124,0.46193798449612405,0.5632163742690058,0.10127838977288178,1,1,12,0.6027820447175287,0.7604881379074928,202,12,0.6997847565947926,0.09700271187726384,other,,0.46193798449612405,0.12338670152034133,154,other,0.09700271187726384,0.30022255093705175
acs_coverage,single,judges,defendants,"{""accuracy"":0.7,""tpr"":0.1,""tnr"":0.1,""local_consistency"":0.1}","{""accuracy"":0.1,""tpr"":0.1,""tnr"":0.7,""local_consistency"":0.1}",14,0.183921568627451,0.8516867469879518,0.783921568627451,0.2516867469879518,0.483921568627451,0.5516867469879518,1,0.8516867469879518,0.2516867469879518,0.5516867469879518,0.5516867469879518,0,,,1,0.5952022529441885,0.7685663082437276,,,,,,,0.5516867469879518,0.21435826680214834,151,other,0.042556750298685664,0.34423578470570804
acs_coverage,self_optimal,judges,defendants,"{""accuracy"":0.7,""tpr"":0.1,""tnr"":0.1,""local_consistency"":0.1}","{""accuracy"":0.1,""tpr"":0.1,""tnr"":0.7,""local_consistency"":0.1}",14,0.183921568627451,0.8516867469879518,0.783921568627451,0.2516867469879518,0.483921568627451,0.5516867469879518,1,0.8516867469879518,0.2516867469879518,0.5516867469879518,0.5516867469879518,0,,,202,0.66647294760198,0.6997909199522103,,,,,,,0.5516867469879518,0.21435826680214834,151,other,0.042556750298685664,0.34423578470570804
acs_coverage,multi_optimal,judges,defendants,"{""accuracy"":0.7,""tpr"":0.1,""tnr"":0.1,""local_consistency"":0.1}","{""accuracy"":0.1,""tpr"":0.1,""tnr"":0.7,""local_consistency"":0.1}",14,0.183921568627451,0.8516867469879518,0.783921568627451,0.2516867469879518,0.483921568627451,0.5516867469879518,1,0.8516867469879518,0.2516867469879518,0.5516867469879518,0.5516867469879518,0,,,202,0.66647294760198,0.6997909199522103,,,,,,,0.5516867469879518,0.21435826680214834,151,other,0.042556750298685664,0.34423578470570804
acs_coverage,aggregate,judges,defendants,"{""accuracy"":0.7,""tpr"":0.1,""tnr"":0.1,""local_consistency"":0.1}","{""accuracy"":0.1,""tpr"":0.1,""tnr"":0.7,""local_consistency"":0.1}",14,0.183921568627451,0.8516867469879518,0.783921568627451,0.2516867469879518,0.483921568627451,0.5516867469879518,1,0.8516867469879518,0.2516867469879518,0.5516867469879518,0.5516867469879518,0,,,,,,,,,,,,0.5516867469879518,0.21435826680214834,151,other,0.042556750298685664,0.34423578470570804
acs_coverage,negotiate,judges,defendants,"{""accuracy"":0.7,""tpr"":0.1,""tnr"":0.1,""local_consistency"":0.1}","{""accuracy"":0.1,""tpr"":0.1,""tnr"":0.7,""local_consistency"":0.1}",14,0.183921568627451,0.8516867469879518,0.783921568627451,0.2516867469879518,0.483921568627451,0.5516867469879518,0,0.183921568627451,0.783921568627451,0.483921568627451,0.5516867469879518,0.06776517836050083,0,1,217,0.6239161973032943,0.8352986857825568,202,36,0.66647294760198,0.042556750298685664,other,,0.483921568627451,0.14418008458285275,151,other,0.042556750298685664,0.34423578470570804
acs_coverage,single,judges,defendants,"{""accuracy"":0.7,""tpr"":0.1,""tnr"":0.1,""local_consistency"":0.1}","{""accuracy"":0.1,""tpr"":0.1,""tnr"":0.7,""local_consistency"":0.1}",15,0.19107981220657277,0.8470114942528735,0.7910798122065728,0.24701149425287358,0.49107981220657276,0.5470114942528735,0,0.19107981220657277,0.7910798122065728,0.49107981220657276,0.5470114942528735,0.05593168204630078,,,1,0.6185355862775219,0.7918996415770609,,,,,,,0.49107981220657276,0.15115938195684278,165,other,0.032145417306707724,0.38392729134664605
acs_coverage,self_optimal,judges,defendants,"{""accuracy"":0.7,""tpr"":0.1,""tnr"":0.1,""local_consistency"":0.1}","{""accuracy"":0.1,""tpr"":0.1,""tnr"":0.7,""local_consistency"":0.1}",15,0.19107981220657277,0.8470114942528735,0.7910798122065728,0.24701149425287358,0.49107981220657276,0.5470114942528735,1,0.8470114942528735,0.24701149425287358,0.5470114942528735,0.5470114942528735,0,,,202,0.6931396142686467,0.726457586618877,,,,,,,0.5470114942528735,0.20922157484476153,165,other,0.032145417306707724,0.38392729134664605
acs_coverage,multi_optimal,judges,defendants,"{""accuracy"":0.7,""tpr"":0.1,""tnr"":0.1,""local_consistency"":0.1}","{""accuracy"":0.1,""tpr"":0.1,""tnr"":0.7,""local_consistency"":0.1}",15,0.19107981220657277,0.8470114942528735,0.7910798122065728,0.24701149425287358,0.49107981220657276,0.5470114942528735,1,0.8470114942528735,0.24701149425287358,0.5470114942528735,0.5470114942528735,0,,,202,0.6931396142686467,0.726457586618877,,,,,,,0.5470114942528735,0.20922157484476153,165,other,0.032145417306707724,0.38392729134664605
acs_coverage,aggregate,judges,defendants,"{""accuracy"":0.7,""tpr"":0.1,""tnr"":0.1,""local_consistency"":0.1}","{""accuracy"":0.1,""tpr"":0.1,""tnr"":0.7,""local_consistency"":0.1}",15,0.19107981220657277,0.8470114942528735,0.7910798122065728,0.24701149425287358,0.49107981220657276,0.5470114942528735,1,0.8470114942528735,0.24701149425287358,0.5470114942528735,0.5470114942528735,0,,,,,,,,,,,,0.5470114942528735,0.20922157484476153,165,other,0.032145417306707724,0.38392729134664605
acs_coverage,negotiate,judges,defendants,"{""accuracy"":0.7,""tpr"":0.1,""tnr"":0.1,""local_consistency"":0.1}","{""accuracy"":0.1,""tpr"":0.1,""tnr"":0.7,""local_consistency"":0.1}",15,0.19107981220657277,0.8470114942528735,0.7910798122065728,0.24701149425287358,0.49107981220657276,0.5470114942528735,0,0.19107981220657277,0.7910798122065728,0.49107981220657276,0.5470114942528735,0.05593168204630078,0,1,533,0.660994196961939,0.8444504181600956,202,92,0.6931396142686467,0.032145417306707724,other,,0.49107981220657276,0.15115938195684278,165,other,0.032145417306707724,0.38392729134664605
acs_coverage,single,judges,community_members,"{""accuracy"":0.7,""tpr"":0.1,""tnr"":0.1,""local_consistency"":0.1}","{""accuracy"":0.1,""tpr"":0.7,""tnr"":0.1,""local_consistency"":0.1}",16,0.8947569444444444,0.12000000000000001,0.29475694444444445,0.72,0.5947569444444445,0.42,0,0.8947569444444444,0.29475694444444445,0.5947569444444445,0.5947569444444445,0,,,1,0.7223497728747568,0.5013932511356263,,,,,,,0.5947569444444445,0.26373582296489195,106,self,0.059562621674237426,-0.029781310837118713
acs_coverage,self_optimal,judges,community_members,"{""accuracy"":0.7,""tpr"":0.1,""tnr"":0.1,""local_consistency"":0.1}","{""accuracy"":0.1,""tpr"":0.7,""tnr"":0.1,""local_consistency"":0.1}",16,0.8947569444444444,0.12000000000000001,0.29475694444444445,0.72,0.5947569444444445,0.42,0,0.8947569444444444,0.29475694444444445,0.5947569444444445,0.5947569444444445,0,,,430,0.7612323166774823,0.44218883841661266,,,,,,,0.5947569444444445,0.26373582296489195,106,self,0.059562621674237426,-0.029781310837118713
acs_coverage,multi_optimal,judges,community_members,"{""accuracy"":0.7,""tpr"":0.1,""tnr"":0.1,""local_consistency"":0.1}","{""accuracy"":0.1,""tpr"":0.7,""tnr"":0.1,""local_consistency"":0.1}",16,0.8947569444444444,0.12000000000000001,0.29475694444444445,0.72,0.5947569444444445,0.42,0,0.8947569444444444,0.29475694444444445,0.5947569444444445,0.5947569444444445,0,,,430,0.7612323166774823,0.44218883841661266,,,,,,,0.5947569444444445,0.26373582296489195,106,self,0.059562621674237426,-0.029781310837118713
acs_coverage,aggregate,judges,community_members,"{""accuracy"":0.7,""tpr"":0.1,""tnr"":0.1,""local_consistency"":0.1}","{""accuracy"":0.1,""tpr"":0.7,""tnr"":0.1,""local_consistency"":0.1}",16,0.8947569444444444,0.12000000000000001,0.29475694444444445,0.72,0.5947569444444445,0.42,0,0.8947569444444444,0.29475694444444445,0.5947569444444445,0.5947569444444445,0,,,,,,,,,,,,0.5947569444444445,0.26373582296489195,106,self,0.059562621674237426,-0.029781310837118713
acs_coverage,negotiate,judges,community_members,"{""accuracy"":0.7,""tpr"":0.1,""tnr"":0.1,""local_consistency"":0.1}","{""accuracy"":0.1,""tpr"":0.7,""tnr"":0.1,""local_consistency"":0.1}",16,0.8947569444444444,0.12000000000000001,0.29475694444444445,0.72,0.5947569444444445,0.42,0,0.8947569444444444,0.29475694444444445,0.5947569444444445,0.5947569444444445,0,0,1,8,0.7016696950032448,0.5657566515249839,430,12,0.7612323166774823,0.059562621674237426,self,,0.5947569444444445,0.26373582296489195,106,self,0.059562621674237426,-0.029781310837118713
acs_coverage,single,judges,fairness_advocates,"{""accuracy"":0.7,""tpr"":0.1,""tnr"":0.1,""local_consistency"":0.1}","{""accuracy"":0.1,""tpr"":0.1,""tnr"":0.1,""local_consistency"":0.7}",17,0.1654320987654321,0.8637442922374429,0.5580246913580247,0.6462100456621005,0.3617283950617284,0.7549771689497717,1,0.8637442922374429,0.6462100456621005,0.7549771689497717,0.7549771689497717,0,,,1,0.5169779286926995,0.6222410865874363,,,,,,,0.7549771689497717,0.5581602385271366,127,self,0.0,0.0
acs_coverage,self_optimal,judges,fairness_advocates,"{""accuracy"":0.7,""tpr"":0.1,""tnr"":0.1,""local_consistency"":0.1}","{""accuracy"":0.1,""tpr"":0.1,""tnr"":0.1,""local_consistency"":0.7}",17,0.1654320987654321,0.8637442922374429,0.5580246913580247,0.6462100456621005,0.3617283950617284,0.7549771689497717,1,0.8637442922374429,0.6462100456621005,0.7549771689497717,0.7549771689497717,0,,,67,0.749418397109399,0.7367868181620304,,,,,,,0.7549771689497717,0.5581602385271366,127,self,0.0,0.0
acs_coverage,multi_optimal,judges,fairness_advocates,"{""accuracy"":0.7,""tpr"":0.1,""tnr"":0.1,""local_consistency"":0.1}","{""accuracy"":0.1,""tpr"":0.1,""tnr"":0.1,""local_consistency"":0.7}",17,0.1654320987654321,0.8637442922374429,0.5580246913580247,0.6462100456621005,0.3617283950617284,0.7549771689497717,1,0.8637442922374429,0.6462100456621005,0.7549771689497717,0.7549771689497717,0,,,67,0.749418397109399,0.7367868181620304,,,,,,,0.7549771689497717,0.5581602385271366,127,self,0.0,0.0
acs_coverage,aggregate,judges,fairness_advocates,"{""accuracy"":0.7,""tpr"":0.1,""tnr"":0.1,""local_consistency"":0.1}","{""accuracy"":0.1,""tpr"":0.1,""tnr"":0.1,""local_consistency"":0.7}",17,0.1654320987654321,0.8637442922374429,0.5580246913580247,0.6462100456621005,0.3617283950617284,0.7549771689497717,0,0.1654320987654321,0.5580246913580247,0.3617283950617284,0.7549771689497717,0.39324877388804336,,,,,,,,,,,,0.3617283950617284,0.0923151958542905,127,self,0.0,0.0
acs_coverage,negotiate,judges,fairness_advocates,"{""accuracy"":0.7,""tpr"":0.1,""tnr"":0.1,""local_consistency"":0.1}","{""accuracy"":0.1,""tpr"":0.1,""tnr"":0.1,""local_consistency"":0.7}",17,0.1654320987654321,0.8637442922374429,0.5580246913580247,0.6462100456621005,0.3617283950617284,0.7549771689497717,1,0.8637442922374429,0.6462100456621005,0.7549771689497717,0.7549771689497717,0,1,1,67,0.749418397109399,0.7367868181620304,67,15,0.749418397109399,0,self,,0.7549771689497717,0.5581602385271366,127,self,0.0,0.0
acs_coverage,single,judges,fairness_advocates,"{""accuracy"":0.7,""tpr"":0.1,""tnr"":0.1,""local_consistency"":0.1}","{""accuracy"":0.1,""tpr"":0.1,""tnr"":0.1,""local_consistency"":0.7}",18,0.16056603773584907,0.8651063829787233,0.5239622641509434,0.6557446808510639,0.34226415094339624,0.7604255319148936,0,0.16056603773584907,0.5239622641509434,0.34226415094339624,0.7604255319148936,0.41816138097149735,,,1,0.6341052964039325,0.4043013748353049,,,,,,,0.34226415094339624,0.08413054467782129,222,self,0.005909694085591943,0.22237508928277333
acs_coverage,self_optimal,judges,fairness_advocates,"{""accuracy"":0.7,""tpr"":0.1,""tnr"":0.1,""local_consistency"":0.1}","{""accuracy"":0.1,""tpr"":0.1,""tnr"":0.1,""local_consistency"":0.7}",18,0.16056603773584907,0.8651063829787233,0.5239622641509434,0.6557446808510639,0.34226415094339624,0.7604255319148936,1,0.8651063829787233,0.6557446808510639,0.7604255319148936,0.7604255319148936,0,,,385,0.7096591784928903,0.7461297667281842,,,,,,,0.7604255319148936,0.5672889090086012,222,self,0.005909694085591943,0.22237508928277333
acs_coverage,multi_optimal,judges,fairness_advocates,"{""accuracy"":0.7,""tpr"":0.1,""tnr"":0.1,""local_consistency"":0.1}","{""accuracy"":0.1,""tpr"":0.1,""tnr"":0.1,""local_consistency"":0.7}",18,0.16056603773584907,0.8651063829787233,0.5239622641509434,0.6557446808510639,0.34226415094339624,0.7604255319148936,1,0.8651063829787233,0.6557446808510639,0.7604255319148936,0.7604255319148936,0,,,385,0.7096591784928903,0.7461297667281842,,,,,,,0.7604255319148936,0.5672889090086012,222,self,0.005909694085591943,0.22237508928277333
acs_coverage,aggregate,judges,fairness_advocates,"{""accuracy"":0.7,""tpr"":0.1,""tnr"":0.1,""local_consistency"":0.1}","{""accuracy"":0.1,""tpr"":0.1,""tnr"":0.1,""local_consistency"":0.7}",18,0.16056603773584907,0.8651063829787233,0.5239622641509434,0.6557446808510639,0.34226415094339624,0.7604255319148936,1,0.8651063829787233,0.6557446808510639,0.7604255319148936,0.7604255319148936,0,,,,,,,,,,,,0.7604255319148936,0.5672889090086012,222,self,0.005909694085591943,0.22237508928277333
acs_coverage,negotiate,judges,fairness_advocates,"{""accuracy"":0.7,""tpr"":0.1,""tnr"":0.1,""local_consistency"":0.1}","{""accuracy"":0.1,""tpr"":0.1,""tnr"":0.1,""local_consistency"":0.7}",18,0.16056603773584907,0.8651063829787233,0.5239622641509434,0.6557446808510639,0.34226415094339624,0.7604255319148936,1,0.8651063829787233,0.6557446808510639,0.7604255319148936,0.7604255319148936,0,1,1,67,0.7037494844072983,0.8539455628386707,385,15,0.7096591784928903,0.005909694085591943,self,,0.7604255319148936,0.5672889090086012,222,self,0.005909694085591943,0.22237508928277333
acs_coverage,single,judges,defendants,"{""accuracy"":0.7,""tpr"":0.1,""tnr"":0.1,""local_consistency"":0.1}","{""accuracy"":0.1,""tpr"":0.1,""tnr"":0.7,""local_consistency"":0.1}",19,0.15923076923076923,0.8638697318007662,0.7592307692307692,0.2638697318007663,0.4592307692307692,0.5638697318007663,1,0.8638697318007662,0.2638697318007663,0.5638697318007663,0.5638697318007663,0,,,1,0.7124478107854069,0.8069064638118346,,,,,,,0.5638697318007663,0.22794907444106807,232,other,0.04886854461155532,0.32264194329352697
acs_coverage,self_optimal,judges,defendants,"{""accuracy"":0.7,""tpr"":0.1,""tnr"":0.1,""local_consistency"":0.1}","{""accuracy"":0.1,""tpr"":0.1,""tnr"":0.7,""local_consistency"":0.1}",19,0.15923076923076923,0.8638697318007662,0.7592307692307692,0.2638697318007663,0.4592307692307692,0.5638697318007663,1,0.8638697318007662,0.2638697318007663,0.5638697318007663,0.5638697318007663,0,,,460,0.7337491887540393,0.8067538628875608,,,,,,,0.5638697318007663,0.22794907444106807,232,other,0.04886854461155532,0.32264194329352697
acs_coverage,multi_optimal,judges,defendants,"{""accuracy"":0.7,""tpr"":0.1,""tnr"":0.1,""local_consistency"":0.1}","{""accuracy"":0.1,""tpr"":0.1,""tnr"":0.7,""local_consistency"":0.1}",19,0.15923076923076923,0.8638697318007662,0.7592307692307692,0.2638697318007663,0.4592307692307692,0.5638697318007663,0,0.15923076923076923,0.7592307692307692,0.4592307692307692,0.5638697318007663,0.10463896256999705,,,93,0.684880644142484,0.8536844775199128,,,,,,,0.4592307692307692,0.12089289940828402,232,other,0.04886854461155532,0.32264194329352697
acs_coverage,aggregate,judges,defendants,"{""accuracy"":0.7,""tpr"":0.1,""tnr"":0.1,""local_consistency"":0.1}","{""accuracy"":0.1,""tpr"":0.1,""tnr"":0.7,""local_consistency"":0.1}",19,0.15923076923076923,0.8638697318007662,0.7592307692307692,0.2638697318007663,0.4592307692307692,0.5638697318007663,1,0.8638697318007662,0.2638697318007663,0.5638697318007663,0.5638697318007663,0,,,,,,,,,,,,0.5638697318007663,0.22794907444106807,232,other,0.04886854461155532,0.32264194329352697
acs_coverage,negotiate,judges,defendants,"{""accuracy"":0.7,""tpr"":0.1,""tnr"":0.1,""local_consistency"":0.1}","{""accuracy"":0.1,""tpr"":0.1,""tnr"":0.7,""local_consistency"":0.1}",19,0.15923076923076923,0.8638697318007662,0.7592307692307692,0.2638697318007663,0.4592307692307692,0.5638697318007663,0,0.15923076923076923,0.7592307692307692,0.4592307692307692,0.5638697318007663,0.10463896256999705,0,1,93,0.684880644142484,0.8536844775199128,460,93,0.7337491887540393,0.04886854461155532,other,,0.4592307692307692,0.12089289940828402,232,other,0.04886854461155532,0.32264194329352697
compas,single,community_members,defendants,"{""accuracy"":0.1,""tpr"":0.7,""tnr"":0.1,""local_consistency"":0.1}","{""accuracy"":0.1,""tpr"":0.1,""tnr"":0.7,""local_consistency"":0.1}",0,0.27953703703703703,0.7545238095238095,0.879537037037037,0.15452380952380954,0.579537037037037,0.4545238095238095,0,0.27953703703703703,0.879537037037037,0.579537037037037,0.579537037037037,0,,,0,0.7251941248599634,0.6334224279222149,,,,,,,0.579537037037037,0.24586317729766802,464,other,0.10726705166363515,0.3463664741681824
compas,self_optimal,community_members,defendants,"{""accuracy"":0.1,""tpr"":0.7,""tnr"":0.1,""local_consistency"":0.1}","{""accuracy"":0.1,""tpr"":0.1,""tnr"":0.7,""local_consistency"":0.1}",0,0.27953703703703703,0.7545238095238095,0.879537037037037,0.15452380952380954,0.579537037037037,0.4545238095238095,1,0.7545238095238095,0.15452380952380954,0.4545238095238095,0.579537037037037,0.12501322751322747,,,93,0.8102092955632305,0.3580024618065812,,,,,,,0.4545238095238095,0.11659189342403628,464,other,0.10726705166363515,0.3463664741681824
compas,multi_optimal,community_members,defendants,"{""accuracy"":0.1,""tpr"":0.7,""tnr"":0.1,""local_consistency"":0.1}","{""accuracy"":0.1,""tpr"":0.1,""tnr"":0.7,""local_consistency"":0.1}",0,0.27953703703703703,0.7545238095238095,0.879537037037037,0.15452380952380954,0.579537037037037,0.4545238095238095,1,0.7545238095238095,0.15452380952380954,0.4545238095238095,0.579537037037037,0.12501322751322747,,,93,0.8102092955632305,0.3580024618065812,,,,,,,0.4545238095238095,0.11659189342403628,464,other,0.10726705166363515,0.3463664741681824
compas,aggregate,community_members,defendants,"{""accuracy"":0.1,""tpr"":0.7,""tnr"":0.1,""local_consistency"":0.1}","{""accuracy"":0.1,""tpr"":0.1,""tnr"":0.7,""local_consistency"":0.1}",0,0.27953703703703703,0.7545238095238095,0.879537037037037,0.15452380952380954,0.579537037037037,0.4545238095238095,0,0.27953703703703703,0.879537037037037,0.579537037037037,0.579537037037037,0,,,,,,,,,,,,0.579537037037037,0.24586317729766802,464,other,0.10726705166363515,0.3463664741681824
compas,negotiate,community_members,defendants,"{""accuracy"":0.1,""tpr"":0.7,""tnr"":0.1,""local_consistency"":0.1}","{""accuracy"":0.1,""tpr"":0.1,""tnr"":0.7,""local_consistency"":0.1}",0,0.27953703703703703,0.7545238095238095,0.879537037037037,0.15452380952380954,0.579537037037037,0.4545238095238095,0,0.27953703703703703,0.879537037037037,0.579537037037037,0.579537037037037,0,0,1,65,0.7029422438995954,0.6833419180262068,93,79,0.8102092955632305,0.10726705166363515,other,,0.579537037037037,0.24586317729766802,464,other,0.10726705166363515,0.3463664741681824
compas,single,community_members,judges,"{""accuracy"":0.1,""tpr"":0.7,""tnr"":0.1,""local_consistency"":0.1}","{""accuracy"":0.7,""tpr"":0.1,""tnr"":0.1,""local_consistency"":0.1}",1,0.2891851851851852,0.7546666666666666,0.8891851851851851,0.15466666666666667,0.5891851851851851,0.45466666666666666,0,0.2891851851851852,0.8891851851851851,0.5891851851851851,0.5891851851851851,0,,,0,0.6033107104063007,0.6450974079285448,,,,,,,0.5891851851851851,0.257139182441701,805,self,0.05927557909518244,-0.09837177034320164
compas,self_optimal,community_members,judges,"{""accuracy"":0.1,""tpr"":0.7,""tnr"":0.1,""local_consistency"":0.1}","{""accuracy"":0.7,""tpr"":0.1,""tnr"":0.1,""local_consistency"":0.1}",1,0.2891851851851852,0.7546666666666666,0.8891851851851851,0.15466666666666667,0.5891851851851851,0.45466666666666666,1,0.7546666666666666,0.15466666666666667,0.45466666666666666,0.5891851851851851,0.13451851851851848,,,26,0.7303871142036444,0.593835224964527,,,,,,,0.45466666666666666,0.11672177777777777,805,self,0.05927557909518244,-0.09837177034320164
compas,multi_optimal,community_members,judges,"{""accuracy"":0.1,""tpr"":0.7,""tnr"":0.1,""local_consistency"":0.1}","{""accuracy"":0.7,""tpr"":0.1,""tnr"":0.1,""local_consistency"":0.1}",1,0.2891851851851852,0.7546666666666666,0.8891851851851851,0.15466666666666667,0.5891851851851851,0.45466666666666666,1,0.7546666666666666,0.15466666666666667,0.45466666666666666,0.5891851851851851,0.13451851851851848,,,26,0.7303871142036444,0.593835224964527,,,,,,,0.45466666666666666,0.11672177777777777,805,self,0.05927557909518244,-0.09837177034320164
compas,aggregate,community_members,judges,"{""accuracy"":0.1,""tpr"":0.7,""tnr"":0.1,""local_consistency"":0.1}","{""accuracy"":0.7,""tpr"":0.1,""tnr"":0.1,""local_consistency"":0.1}",1,0.2891851851851852,0.7546666666666666,0.8891851851851851,0.15466666666666667,0.5891851851851851,0.45466666666666666,0,0.2891851851851852,0.8891851851851851,0.5891851851851851,0.5891851851851851,0,,,,,,,,,,,,0.5891851851851851,0.257139182441701,805,self,0.05927557909518244,-0.09837177034320164
compas,negotiate,community_members,judges,"{""accuracy"":0.1,""tpr"":0.7,""tnr"":0.1,""local_consistency"":0.1}","{""accuracy"":0.7,""tpr"":0.1,""tnr"":0.1,""local_consistency"":0.1}",1,0.2891851851851852,0.7546666666666666,0.8891851851851851,0.15466666666666667,0.5891851851851851,0.45466666666666666,1,0.7546666666666666,0.15466666666666667,0.45466666666666666,0.5891851851851851,0.13451851851851848,1,1,129,0.671111535108462,0.6673889161083423,26,112,0.7303871142036444,0.05927557909518244,self,,0.45466666666666666,0.11672177777777777,805,self,0.05927557909518244,-0.09837177034320164
compas,single,community_members,judges,"{""accuracy"":0.1,""tpr"":0.7,""tnr"":0.1,""local_consistency"":0.1}","{""accuracy"":0.7,""tpr"":0.1,""tnr"":0.1,""local_consistency"":0.1}",2,0.18608527131782948,0.8847619047619046,0.18608527131782948,0.8847619047619046,0.18608527131782948,0.8847619047619046,0,0.18608527131782948,0.18608527131782948,0.18608527131782948,0.8847619047619046,0.6986766334440752,,,0,0.7168823609555148,0.6699605769966395,,,,,,,0.18608527131782948,0.03462772820143021,878,self,0.036692283843898776,0.3433669914181902
compas,self_optimal,community_members,judges,"{""accuracy"":0.1,""tpr"":0.7,""tnr"":0.1,""local_consistency"":0.1}","{""accuracy"":0.7,""tpr"":0.1,""tnr"":0.1,""local_consistency"":0.1}",2,0.18608527131782948,0.8847619047619046,0.18608527131782948,0.8847619047619046,0.18608527131782948,0.8847619047619046,1,0.8847619047619046,0.8847619047619046,0.8847619047619046,0.8847619047619046,0,,,93,0.8002325506258116,0.5690245413345633,,,,,,,0.8847619047619046,0.7828036281179136,878,self,0.036692283843898776,0.3433669914181902
compas,multi_optimal,community_members,judges,"{""accuracy"":0.1,""tpr"":0.7,""tnr"":0.1,""local_consistency"":0.1}","{""accuracy"":0.7,""tpr"":0.1,""tnr"":0.1,""local_consistency"":0.1}",2,0.18608527131782948,0.8847619047619046,0.18608527131782948,0.8847619047619046,0.18608527131782948,0.8847619047619046,1,0.8847619047619046,0.8847619047619046,0.8847619047619046,0.8847619047619046,0,,,93,0.8002325506258116,0.5690245413345633,,,,,,,0.8847619047619046,0.7828036281179136,878,self,0.036692283843898776,0.3433669914181902
compas,aggregate,community_members,judges,"{""accuracy"":0.1,""tpr"":0.7,""tnr"":0.1,""local_consistency"":0.1}","{""accuracy"":0.7,""tpr"":0.1,""tnr"":0.1,""local_consistency"":0.1}",2,0.18608527131782948,0.8847619047619046,0.18608527131782948,0.8847619047619046,0.18608527131782948,0.8847619047619046,1,0.8847619047619046,0.8847619047619046,0.8847619047619046,0.8847619047619046,0,,,,,,,,,,,,0.8847619047619046,0.7828036281179136,878,self,0.036692283843898776,0.3433669914181902
compas,negotiate,community_members,judges,"{""accuracy"":0.1,""tpr"":0.7,""tnr"":0.1,""local_consistency"":0.1}","{""accuracy"":0.7,""tpr"":0.1,""tnr"":0.1,""local_consistency"":0.1}",2,0.18608527131782948,0.8847619047619046,0.18608527131782948,0.8847619047619046,0.18608527131782948,0.8847619047619046,1,0.8847619047619046,0.8847619047619046,0.8847619047619046,0.8847619047619046,0,1,1,7,0.7635402667819128,0.6583178599761713,93,65,0.8002325506258116,0.036692283843898776,self,,0.8847619047619046,0.7828036281179136,878,self,0.036692283843898776,0.3433669914181902
compas,single,community_members,judges,"{""accuracy"":0.1,""tpr"":0.7,""tnr"":0.1,""local_consistency"":0.1}","{""accuracy"":0.7,""tpr"":0.1,""tnr"":0.1,""local_consistency"":0.1}",3,0.28931972789115645,0.7949999999999999,0.8893197278911564,0.195,0.5893197278911564,0.495,0,0.28931972789115645,0.8893197278911564,0.5893197278911564,0.5893197278911564,0,,,0,0.30816065783531543,0.6376936248682825,,,,,,,0.5893197278911564,0.25729774168170666,696,self,0.04574163279642751,-0.07201893379142951
compas,self_optimal,community_members,judges,"{""accuracy"":0.1,""tpr"":0.7,""tnr"":0.1,""local_consistency"":0.1}","{""accuracy"":0.7,""tpr"":0.1,""tnr"":0.1,""local_consistency"":0.1}",3,0.28931972789115645,0.7949999999999999,0.8893197278911564,0.195,0.5893197278911564,0.495,1,0.7949999999999999,0.195,0.495,0.5893197278911564,0.09431972789115639,,,52,0.7118152566611473,0.5449196522655427,,,,,,,0.495,0.155025,696,self,0.04574163279642751,-0.07201893379142951
compas,multi_optimal,community_members,judges,"{""accuracy"":0.1,""tpr"":0.7,""tnr"":0.1,""local_consistency"":0.1}","{""accuracy"":0.7,""tpr"":0.1,""tnr"":0.1,""local_consistency"":0.1}",3,0.28931972789115645,0.7949999999999999,0.8893197278911564,0.195,0.5893197278911564,0.495,1,0.7949999999999999,0.195,0.495,0.5893197278911564,0.09431972789115639,,,52,0.7118152566611473,0.5449196522655427,,,,,,,0.495,0.155025,696,self,0.04574163279642751,-0.07201893379142951
compas,aggregate,community_members,judges,"{""accuracy"":0.1,""tpr"":0.7,""tnr"":0.1,""local_consistency"":0.1}","{""accuracy"":0.7,""tpr"":0.1,""tnr"":0.1,""local_consistency"":0.1}",3,0.28931972789115645,0.7949999999999999,0.8893197278911564,0.195,0.5893197278911564,0.495,1,0.7949999999999999,0.195,0.495,0.5893197278911564,0.09431972789115639,,,,,,,,,,,,0.495,0.155025,696,self,0.04574163279642751,-0.07201893379142951
compas,negotiate,community_members,judges,"{""accuracy"":0.1,""tpr"":0.7,""tnr"":0.1,""local_consistency"":0.1}","{""accuracy"":0.7,""tpr"":0.1,""tnr"":0.1,""local_consistency"":0.1}",3,0.28931972789115645,0.7949999999999999,0.8893197278911564,0.195,0.5893197278911564,0.495,1,0.7949999999999999,0.195,0.495,0.5893197278911564,0.09431972789115639,1,1,9,0.6660736238647198,0.6403868106779066,52,28,0.7118152566611473,0.04574163279642751,self,,0.495,0.155025,696,self,0.04574163279642751,-0.07201893379142951
compas,single,community_members,fairness_advocates,"{""accuracy"":0.1,""tpr"":0.7,""tnr"":0.1,""local_consistency"":0.1}","{""accuracy"":0.1,""tpr"":0.1,""tnr"":0.1,""local_consistency"":0.7}",4,0.299367088607595,0.7123809523809523,0.8955696202531644,0.18666666666666668,0.5974683544303797,0.4495238095238095,1,0.7123809523809523,0.18666666666666668,0.4495238095238095,0.5974683544303797,0.14794454490657022,,,0,0.5023565652295378,0.18529866225614175,,,,,,,0.4495238095238095,0.13297777777777778,794,other,0.07830535962836871,0.4055873018864486
compas,self_optimal,community_members,fairness_advocates,"{""accuracy"":0.1,""tpr"":0.7,""tnr"":0.1,""local_consistency"":0.1}","{""accuracy"":0.1,""tpr"":0.1,""tnr"":0.1,""local_consistency"":0.7}",4,0.299367088607595,0.7123809523809523,0.8955696202531644,0.18666666666666668,0.5974683544303797,0.4495238095238095,1,0.7123809523809523,0.18666666666666668,0.4495238095238095,0.5974683544303797,0.14794454490657022,,,26,0.7704227824380018,0.6608766165538077,,,,,,,0.4495238095238095,0.13297777777777778,794,other,0.07830535962836871,0.4055873018864486
compas,multi_optimal,community_members,fairness_advocates,"{""accuracy"":0.1,""tpr"":0.7,""tnr"":0.1,""local_consistency"":0.1}","{""accuracy"":0.1,""tpr"":0.1,""tnr"":0.1,""local_consistency"":0.7}",4,0.299367088607595,0.7123809523809523,0.8955696202531644,0.18666666666666668,0.5974683544303797,0.4495238095238095,1,0.7123809523809523,0.18666666666666668,0.4495238095238095,0.5974683544303797,0.14794454490657022,,,26,0.7704227824380018,0.6608766165538077,,,,,,,0.4495238095238095,0.13297777777777778,794,other,0.07830535962836871,0.4055873018864486
compas,aggregate,community_members,fairness_advocates,"{""accuracy"":0.1,""tpr"":0.7,""tnr"":0.1,""local_consistency"":0.1}","{""accuracy"":0.1,""tpr"":0.1,""tnr"":0.1,""local_consistency"":0.7}",4,0.299367088607595,0.7123809523809523,0.8955696202531644,0.18666666666666668,0.5974683544303797,0.4495238095238095,1,0.7123809523809523,0.18666666666666668,0.4495238095238095,0.5974683544303797,0.14794454490657022,,,,,,,,,,,,0.4495238095238095,0.13297777777777778,794,other,0.07830535962836871,0.4055873018864486
compas,negotiate,community_members,fairness_advocates,"{""accuracy"":0.1,""tpr"":0.7,""tnr"":0.1,""local_consistency"":0.1}","{""accuracy"":0.1,""tpr"":0.1,""tnr"":0.1,""local_consistency"":0.7}",4,0.299367088607595,0.7123809523809523,0.8955696202531644,0.18666666666666668,0.5974683544303797,0.4495238095238095,0,0.299367088607595,0.8955696202531644,0.5974683544303797,0.5974683544303797,0,0,1,129,0.6921174228096331,0.9221643711664405,26,86,0.7704227824380018,0.07830535962836871,other,,0.5974683544303797,0.26810406986059926,794,other,0.07830535962836871,0.4055873018864486
compas,single,community_members,judges,"{""accuracy"":0.1,""tpr"":0.7,""tnr"":0.1,""local_consistency"":0.1}","{""accuracy"":0.7,""tpr"":0.1,""tnr"":0.1,""local_consistency"":0.1}",5,0.1882105263157895,0.8886666666666666,0.1882105263157895,0.8886666666666666,0.1882105263157895,0.8886666666666666,0,0.1882105263157895,0.1882105263157895,0.1882105263157895,0.8886666666666666,0.7004561403508771,,,0,0.7168823609555148,0.6699605769966395,,,,,,,0.1882105263157895,0.03542320221606649,998,other,0.022916740783281986,0.35223197525317274
compas,self_optimal,community_members,judges,"{""accuracy"":0.1,""tpr"":0.7,""tnr"":0.1,""local_consistency"":0.1}","{""accuracy"":0.7,""tpr"":0.1,""tnr"":0.1,""local_consistency"":0.1}",5,0.1882105263157895,0.8886666666666666,0.1882105263157895,0.8886666666666666,0.1882105263157895,0.8886666666666666,0,0.1882105263157895,0.1882105263157895,0.1882105263157895,0.8886666666666666,0.7004561403508771,,,93,0.8002325506258116,0.5690245413345633,,,,,,,0.1882105263157895,0.03542320221606649,998,other,0.022916740783281986,0.35223197525317274
compas,multi_optimal,community_members,judges,"{""accuracy"":0.1,""tpr"":0.7,""tnr"":0.1,""local_consistency"":0.1}","{""accuracy"":0.7,""tpr"":0.1,""tnr"":0.1,""local_consistency"":0.1}",5,0.1882105263157895,0.8886666666666666,0.1882105263157895,0.8886666666666666,0.1882105263157895,0.8886666666666666,0,0.1882105263157895,0.1882105263157895,0.1882105263157895,0.8886666666666666,0.7004561403508771,,,93,0.8002325506258116,0.5690245413345633,,,,,,,0.1882105263157895,0.03542320221606649,998,other,0.022916740783281986,0.35223197525317274
compas,aggregate,community_members,judges,"{""accuracy"":0.1,""tpr"":0.7,""tnr"":0.1,""local_consistency"":0.1}","{""accuracy"":0.7,""tpr"":0.1,""tnr"":0.1,""local_consistency"":0.1}",5,0.1882105263157895,0.8886666666666666,0.1882105263157895,0.8886666666666666,0.1882105263157895,0.8886666666666666,0,0.1882105263157895,0.1882105263157895,0.1882105263157895,0.8886666666666666,0.7004561403508771,,,,,,,,,,,,0.1882105263157895,0.03542320221606649,998,other,0.022916740783281986,0.35223197525317274
compas,negotiate,community_members,judges,"{""accuracy"":0.1,""tpr"":0.7,""tnr"":0.1,""local_consistency"":0.1}","{""accuracy"":0.7,""tpr"":0.1,""tnr"":0.1,""local_consistency"":0.1}",5,0.1882105263157895,0.8886666666666666,0.1882105263157895,0.8886666666666666,0.1882105263157895,0.8886666666666666,1,0.8886666666666666,0.8886666666666666,0.8886666666666666,0.8886666666666666,0,1,1,9,0.7773158098425296,0.6353449479028345,93,65,0.8002325506258116,0.022916740783281986,other,,0.8886666666666666,0.7897284444444443,998,other,0.022916740783281986,0.35223197525317274
compas,single,community_members,fairness_advocates,"{""accuracy"":0.1,""tpr"":0.7,""tnr"":0.1,""local_consistency"":0.1}","{""accuracy"":0.1,""tpr"":0.1,""tnr"":0.1,""local_consistency"":0.7}",6,0.29926739926739926,0.7025925925925925,0.8948717948717948,0.11814814814814815,0.5970695970695971,0.41037037037037033,1,0.7025925925925925,0.11814814814814815,0.41037037037037033,0.5970695970695971,0.18669922669922673,,,0,0.6256565656565658,0.2570851370851371,,,,,,,0.41037037037037033,0.08301001371742113,269,other,0.0009090909090910815,0.4857688598227771
compas,self_optimal,community_members,fairness_advocates,"{""accuracy"":0.1,""tpr"":0.7,""tnr"":0.1,""local_consistency"":0.1}","{""accuracy"":0.1,""tpr"":0.1,""tnr"":0.1,""local_consistency"":0.7}",6,0.29926739926739926,0.7025925925925925,0.8948717948717948,0.11814814814814815,0.5970695970695971,0.41037037037037033,1,0.7025925925925925,0.11814814814814815,0.41037037037037033,0.5970695970695971,0.18669922669922673,,,0,0.6256565656565658,0.2570851370851371,,,,,,,0.41037037037037033,0.08301001371742113,269,other,0.0009090909090910815,0.4857688598227771
compas,multi_optimal,community_members,fairness_advocates,"{""accuracy"":0.1,""tpr"":0.7,""tnr"":0.1,""local_consistency"":0.1}","{""accuracy"":0.1,""tpr"":0.1,""tnr"":0.1,""local_consistency"":0.7}",6,0.29926739926739926,0.7025925925925925,0.8948717948717948,0.11814814814814815,0.5970695970695971,0.41037037037037033,1,0.7025925925925925,0.11814814814814815,0.41037037037037033,0.5970695970695971,0.18669922669922673,,,0,0.6256565656565658,0.2570851370851371,,,,,,,0.41037037037037033,0.08301001371742113,269,other,0.0009090909090910815,0.4857688598227771
compas,aggregate,community_members,fairness_advocates,"{""accuracy"":0.1,""tpr"":0.7,""tnr"":0.1,""local_consistency"":0.1}","{""accuracy"":0.1,""tpr"":0.1,""tnr"":0.1,""local_consistency"":0.7}",6,0.29926739926739926,0.7025925925925925,0.8948717948717948,0.11814814814814815,0.5970695970695971,0.41037037037037033,1,0.7025925925925925,0.11814814814814815,0.41037037037037033,0.5970695970695971,0.18669922669922673,,,,,,,,,,,,0.41037037037037033,0.08301001371742113,269,other,0.0009090909090910815,0.4857688598227771
compas,negotiate,community_members,fairness_advocates,"{""accuracy"":0.1,""tpr"":0.7,""tnr"":0.1,""local_consistency"":0.1}","{""accuracy"":0.1,""tpr"":0.1,""tnr"":0.1,""local_consistency"":0.7}",6,0.29926739926739926,0.7025925925925925,0.8948717948717948,0.11814814814814815,0.5970695970695971,0.41037037037037033,0,0.29926739926739926,0.8948717948717948,0.5970695970695971,0.5970695970695971,0,0,1,19,0.6247474747474747,0.8818903318903318,0,36,0.6256565656565658,0.0009090909090910815,other,,0.5970695970695971,0.2678059547290316,269,other,0.0009090909090910815,0.4857688598227771
compas,single,community_members,judges,"{""accuracy"":0.1,""tpr"":0.7,""tnr"":0.1,""local_consistency"":0.1}","{""accuracy"":0.7,""tpr"":0.1,""tnr"":0.1,""local_consistency"":0.1}",7,0.1882105263157895,0.8886666666666666,0.1882105263157895,0.8886666666666666,0.1882105263157895,0.8886666666666666,0,0.1882105263157895,0.1882105263157895,0.1882105263157895,0.8886666666666666,0.7004561403508771,,,0,0.7168823609555148,0.6699605769966395,,,,,,,0.1882105263157895,0.03542320221606649,997,other,0.022916740783281986,0.35223197525317274
compas,self_optimal,community_members,judges,"{""accuracy"":0.1,""tpr"":0.7,""tnr"":0.1,""local_consistency"":0.1}","{""accuracy"":0.7,""tpr"":0.1,""tnr"":0.1,""local_consistency"":0.1}",7,0.1882105263157895,0.8886666666666666,0.1882105263157895,0.8886666666666666,0.1882105263157895,0.8886666666666666,0,0.1882105263157895,0.1882105263157895,0.1882105263157895,0.8886666666666666,0.7004561403508771,,,93,0.8002325506258116,0.5690245413345633,,,,,,,0.1882105263157895,0.03542320221606649,997,other,0.022916740783281986,0.35223197525317274
compas,multi_optimal,community_members,judges,"{""accuracy"":0.1,""tpr"":0.7,""tnr"":0.1,""local_consistency"":0.1}","{""accuracy"":0.7,""tpr"":0.1,""tnr"":0.1,""local_consistency"":0.1}",7,0.1882105263157895,0.8886666666666666,0.1882105263157895,0.8886666666666666,0.1882105263157895,0.8886666666666666,0,0.1882105263157895,0.1882105263157895,0.1882105263157895,0.8886666666666666,0.7004561403508771,,,93,0.8002325506258116,0.5690245413345633,,,,,,,0.1882105263157895,0.03542320221606649,997,other,0.022916740783281986,0.35223197525317274
compas,aggregate,community_members,judges,"{""accuracy"":0.1,""tpr"":0.7,""tnr"":0.1,""local_consistency"":0.1}","{""accuracy"":0.7,""tpr"":0.1,""tnr"":0.1,""local_consistency"":0.1}",7,0.1882105263157895,0.8886666666666666,0.1882105263157895,0.8886666666666666,0.1882105263157895,0.8886666666666666,0,0.1882105263157895,0.1882105263157895,0.1882105263157895,0.8886666666666666,0.7004561403508771,,,,,,,,,,,,0.1882105263157895,0.03542320221606649,997,other,0.022916740783281986,0.35223197525317274
compas,negotiate,community_members,judges,"{""accuracy"":0.1,""tpr"":0.7,""tnr"":0.1,""local_consistency"":0.1}","{""accuracy"":0.7,""tpr"":0.1,""tnr"":0.1,""local_consistency"":0.1}",7,0.1882105263157895,0.8886666666666666,0.1882105263157895,0.8886666666666666,0.1882105263157895,0.8886666666666666,1,0.8886666666666666,0.8886666666666666,0.8886666666666666,0.8886666666666666,0,1,1,9,0.7773158098425296,0.6353449479028345,93,65,0.8002325506258116,0.022916740783281986,other,,0.8886666666666666,0.7897284444444443,997,other,0.022916740783281986,0.35223197525317274
compas,single,community_members,judges,"{""accuracy"":0.1,""tpr"":0.7,""tnr"":0.1,""local_consistency"":0.1}","{""accuracy"":0.7,""tpr"":0.1,""tnr"":0.1,""local_consistency"":0.1}",8,0.1882105263157895,0.8886666666666666,0.1882105263157895,0.8886666666666666,0.1882105263157895,0.8886666666666666,0,0.1882105263157895,0.1882105263157895,0.1882105263157895,0.8886666666666666,0.7004561403508771,,,0,0.7168823609555148,0.6699605769966395,,,,,,,0.1882105263157895,0.03542320221606649,996,other,0.022916740783281986,0.35223197525317274
compas,self_optimal,community_members,judges,"{""accuracy"":0.1,""tpr"":0.7,""tnr"":0.1,""local_consistency"":0.1}","{""accuracy"":0.7,""tpr"":0.1,""tnr"":0.1,""local_consistency"":0.1}",8,0.1882105263157895,0.8886666666666666,0.1882105263157895,0.8886666666666666,0.1882105263157895,0.8886666666666666,0,0.1882105263157895,0.1882105263157895,0.1882105263157895,0.8886666666666666,0.7004561403508771,,,93,0.8002325506258116,0.5690245413345633,,,,,,,0.1882105263157895,0.03542320221606649,996,other,0.022916740783281986,0.35223197525317274
compas,multi_optimal,community_members,judges,"{""accuracy"":0.1,""tpr"":0.7,""tnr"":0.1,""local_consistency"":0.1}","{""accuracy"":0.7,""tpr"":0.1,""tnr"":0.1,""local_consistency"":0.1}",8,0.1882105263157895,0.8886666666666666,0.1882105263157895,0.8886666666666666,0.1882105263157895,0.8886666666666666,0,0.1882105263157895,0.1882105263157895,0.1882105263157895,0.8886666666666666,0.7004561403508771,,,93,0.8002325506258116,0.5690245413345633,,,,,,,0.1882105263157895,0.03542320221606649,996,other,0.022916740783281986,0.35223197525317274
compas,aggregate,community_members,judges,"{""accuracy"":0.1,""tpr"":0.7,""tnr"":0.1,""local_consistency"":0.1}","{""accuracy"":0.7,""tpr"":0.1,""tnr"":0.1,""local_consistency"":0.1}",8,0.1882105263157895,0.8886666666666666,0.1882105263157895,0.8886666666666666,0.1882105263157895,0.8886666666666666,0,0.1882105263157895,0.1882105263157895,0.1882105263157895,0.8886666666666666,0.7004561403508771,,,,,,,,,,,,0.1882105263157895,0.03542320221606649,996,other,0.022916740783281986,0.35223197525317274
compas,negotiate,community_members,judges,"{""accuracy"":0.1,""tpr"":0.7,""tnr"":0.1,""local_consistency"":0.1}","{""accuracy"":0.7,""tpr"":0.1,""tnr"":0.1,""local_consistency"":0.1}",8,0.1882105263157895,0.8886666666666666,0.1882105263157895,0.8886666666666666,0.1882105263157895,0.8886666666666666,1,0.8886666666666666,0.8886666666666666,0.8886666666666666,0.8886666666666666,0,1,1,9,0.7773158098425296,0.6353449479028345,93,65,0.8002325506258116,0.022916740783281986,other,,0.8886666666666666,0.7897284444444443,996,other,0.022916740783281986,0.35223197525317274
compas,single,community_members,judges,"{""accuracy"":0.1,""tpr"":0.7,""tnr"":0.1,""local_consistency"":0.1}","{""accuracy"":0.7,""tpr"":0.1,""tnr"":0.1,""local_consistency"":0.1}",9,0.17461538461538462,0.8839999999999999,0.17461538461538462,0.8839999999999999,0.17461538461538462,0.8839999999999999,0,0.17461538461538462,0.17461538461538462,0.17461538461538462,0.8839999999999999,0.7093846153846153,,,0,0.5899773770729674,0.6317640745952114,,,,,,,0.17461538461538462,0.0304905325443787,821,self,0.04772098167278804,0.34122702987366504
compas,self_optimal,community_members,judges,"{""accuracy"":0.1,""tpr"":0.7,""tnr"":0.1,""local_consistency"":0.1}","{""accuracy"":0.7,""tpr"":0.1,""tnr"":0.1,""local_consistency"":0.1}",9,0.17461538461538462,0.8839999999999999,0.17461538461538462,0.8839999999999999,0.17461538461538462,0.8839999999999999,1,0.8839999999999999,0.8839999999999999,0.8839999999999999,0.8839999999999999,0,,,26,0.7703871142036445,0.633835224964527,,,,,,,0.8839999999999999,0.7814559999999998,821,self,0.04772098167278804,0.34122702987366504
compas,multi_optimal,community_members,judges,"{""accuracy"":0.1,""tpr"":0.7,""tnr"":0.1,""local_consistency"":0.1}","{""accuracy"":0.7,""tpr"":0.1,""tnr"":0.1,""local_consistency"":0.1}",9,0.17461538461538462,0.8839999999999999,0.17461538461538462,0.8839999999999999,0.17461538461538462,0.8839999999999999,1,0.8839999999999999,0.8839999999999999,0.8839999999999999,0.8839999999999999,0,,,26,0.7703871142036445,0.633835224964527,,,,,,,0.8839999999999999,0.7814559999999998,821,self,0.04772098167278804,0.34122702987366504
compas,aggregate,community_members,judges,"{""accuracy"":0.1,""tpr"":0.7,""tnr"":0.1,""local_consistency"":0.1}","{""accuracy"":0.7,""tpr"":0.1,""tnr"":0.1,""local_consistency"":0.1}",9,0.17461538461538462,0.8839999999999999,0.17461538461538462,0.8839999999999999,0.17461538461538462,0.8839999999999999,1,0.8839999999999999,0.8839999999999999,0.8839999999999999,0.8839999999999999,0,,,,,,,,,,,,0.8839999999999999,0.7814559999999998,821,self,0.04772098167278804,0.34122702987366504
compas,negotiate,community_members,judges,"{""accuracy"":0.1,""tpr"":0.7,""tnr"":0.1,""local_consistency"":0.1}","{""accuracy"":0.7,""tpr"":0.1,""tnr"":0.1,""local_consistency"":0.1}",9,0.17461538461538462,0.8839999999999999,0.17461538461538462,0.8839999999999999,0.17461538461538462,0.8839999999999999,1,0.8839999999999999,0.8839999999999999,0.8839999999999999,0.8839999999999999,0,1,1,29,0.7226661325308564,0.6834409799154473,26,112,0.7703871142036445,0.04772098167278804,self,,0.8839999999999999,0.7814559999999998,821,self,0.04772098167278804,0.34122702987366504
compas,single,community_members,judges,"{""accuracy"":0.1,""tpr"":0.7,""tnr"":0.1,""local_consistency"":0.1}","{""accuracy"":0.7,""tpr"":0.1,""tnr"":0.1,""local_consistency"":0.1}",10,0.27461538461538465,0.784,0.8746153846153846,0.18400000000000002,0.5746153846153846,0.48400000000000004,0,0.27461538461538465,0.8746153846153846,0.5746153846153846,0.5746153846153846,0,,,0,0.5899773770729674,0.6317640745952114,,,,,,,0.5746153846153846,0.2401828402366864,823,self,0.04772098167278804,-0.07049604704941176
compas,self_optimal,community_members,judges,"{""accuracy"":0.1,""tpr"":0.7,""tnr"":0.1,""local_consistency"":0.1}","{""accuracy"":0.7,""tpr"":0.1,""tnr"":0.1,""local_consistency"":0.1}",10,0.27461538461538465,0.784,0.8746153846153846,0.18400000000000002,0.5746153846153846,0.48400000000000004,1,0.784,0.18400000000000002,0.48400000000000004,0.5746153846153846,0.0906153846153846,,,26,0.7703871142036445,0.633835224964527,,,,,,,0.48400000000000004,0.14425600000000002,823,self,0.04772098167278804,-0.07049604704941176
compas,multi_optimal,community_members,judges,"{""accuracy"":0.1,""tpr"":0.7,""tnr"":0.1,""local_consistency"":0.1}","{""accuracy"":0.7,""tpr"":0.1,""tnr"":0.1,""local_consistency"":0.1}",10,0.27461538461538465,0.784,0.8746153846153846,0.18400000000000002,0.5746153846153846,0.48400000000000004,1,0.784,0.18400000000000002,0.48400000000000004,0.5746153846153846,0.0906153846153846,,,26,0.7703871142036445,0.633835224964527,,,,,,,0.48400000000000004,0.14425600000000002,823,self,0.04772098167278804,-0.07049604704941176
compas,aggregate,community_members,judges,"{""accuracy"":0.1,""tpr"":0.7,""tnr"":0.1,""local_consistency"":0.1}","{""accuracy"":0.7,""tpr"":0.1,""tnr"":0.1,""local_consistency"":0.1}",10,0.27461538461538465,0.784,0.8746153846153846,0.18400000000000002,0.5746153846153846,0.48400000000000004,1,0.784,0.18400000000000002,0.48400000000000004,0.5746153846153846,0.0906153846153846,,,,,,,,,,,,0.48400000000000004,0.14425600000000002,823,self,0.04772098167278804,-0.07049604704941176
compas,negotiate,community_members,judges,"{""accuracy"":0.1,""tpr"":0.7,""tnr"":0.1,""local_consistency"":0.1}","{""accuracy"":0.7,""tpr"":0.1,""tnr"":0.1,""local_consistency"":0.1}",10,0.27461538461538465,0.784,0.8746153846153846,0.18400000000000002,0.5746153846153846,0.48400000000000004,1,0.784,0.18400000000000002,0.48400000000000004,0.5746153846153846,0.0906153846153846,1,1,29,0.7226661325308564,0.6834409799154473,26,112,0.7703871142036445,0.04772098167278804,self,,0.48400000000000004,0.14425600000000002,823,self,0.04772098167278804,-0.07049604704941176
compas,single,community_members,judges,"{""accuracy"":0.1,""tpr"":0.7,""tnr"":0.1,""local_consistency"":0.1}","{""accuracy"":0.7,""tpr"":0.1,""tnr"":0.1,""local_consistency"":0.1}",11,0.2891851851851852,0.7546666666666666,0.8891851851851851,0.15466666666666667,0.5891851851851851,0.45466666666666666,0,0.2891851851851852,0.8891851851851851,0.5891851851851851,0.5891851851851851,0,,,0,0.6033107104063007,0.6450974079285448,,,,,,,0.5891851851851851,0.257139182441701,809,self,0.05927557909518244,-0.09837177034320164
compas,self_optimal,community_members,judges,"{""accuracy"":0.1,""tpr"":0.7,""tnr"":0.1,""local_consistency"":0.1}","{""accuracy"":0.7,""tpr"":0.1,""tnr"":0.1,""local_consistency"":0.1}",11,0.2891851851851852,0.7546666666666666,0.8891851851851851,0.15466666666666667,0.5891851851851851,0.45466666666666666,1,0.7546666666666666,0.15466666666666667,0.45466666666666666,0.5891851851851851,0.13451851851851848,,,26,0.7303871142036444,0.593835224964527,,,,,,,0.45466666666666666,0.11672177777777777,809,self,0.05927557909518244,-0.09837177034320164
compas,multi_optimal,community_members,judges,"{""accuracy"":0.1,""tpr"":0.7,""tnr"":0.1,""local_consistency"":0.1}","{""accuracy"":0.7,""tpr"":0.1,""tnr"":0.1,""local_consistency"":0.1}",11,0.2891851851851852,0.7546666666666666,0.8891851851851851,0.15466666666666667,0.5891851851851851,0.45466666666666666,1,0.7546666666666666,0.15466666666666667,0.45466666666666666,0.5891851851851851,0.13451851851851848,,,26,0.7303871142036444,0.593835224964527,,,,,,,0.45466666666666666,0.11672177777777777,809,self,0.05927557909518244,-0.09837177034320164
compas,aggregate,community_members,judges,"{""accuracy"":0.1,""tpr"":0.7,""tnr"":0.1,""local_consistency"":0.1}","{""accuracy"":0.7,""tpr"":0.1,""tnr"":0.1,""local_consistency"":0.1}",11,0.2891851851851852,0.7546666666666666,0.8891851851851851,0.15466666666666667,0.5891851851851851,0.45466666666666666,0,0.2891851851851852,0.8891851851851851,0.5891851851851851,0.5891851851851851,0,,,,,,,,,,,,0.5891851851851851,0.257139182441701,809,self,0.05927557909518244,-0.09837177034320164
compas,negotiate,community_members,judges,"{""accuracy"":0.1,""tpr"":0.7,""tnr"":0.1,""local_consistency"":0.1}","{""accuracy"":0.7,""tpr"":0.1,""tnr"":0.1,""local_consistency"":0.1}",11,0.2891851851851852,0.7546666666666666,0.8891851851851851,0.15466666666666667,0.5891851851851851,0.45466666666666666,1,0.7546666666666666,0.15466666666666667,0.45466666666666666,0.5891851851851851,0.13451851851851848,1,1,129,0.671111535108462,0.6673889161083423,26,112,0.7303871142036444,0.05927557909518244,self,,0.45466666666666666,0.11672177777777777,809,self,0.05927557909518244,-0.09837177034320164
compas,single,community_members,judges,"{""accuracy"":0.1,""tpr"":0.7,""tnr"":0.1,""local_consistency"":0.1}","{""accuracy"":0.7,""tpr"":0.1,""tnr"":0.1,""local_consistency"":0.1}",12,0.18535211267605634,0.8654022988505746,0.18535211267605634,0.8654022988505746,0.18535211267605634,0.8654022988505746,0,0.18535211267605634,0.18535211267605634,0.18535211267605634,0.8654022988505746,0.6800501861745183,,,0,0.4688521564020809,0.6728125524416849,,,,,,,0.18535211267605634,0.03435540567347748,848,self,0.044675281087430796,0.3263163392955096
compas,self_optimal,community_members,judges,"{""accuracy"":0.1,""tpr"":0.7,""tnr"":0.1,""local_consistency"":0.1}","{""accuracy"":0.7,""tpr"":0.1,""tnr"":0.1,""local_consistency"":0.1}",12,0.18535211267605634,0.8654022988505746,0.18535211267605634,0.8654022988505746,0.18535211267605634,0.8654022988505746,1,0.8654022988505746,0.8654022988505746,0.8654022988505746,0.8654022988505746,0,,,46,0.7138367735078593,0.6095934920368551,,,,,,,0.8654022988505746,0.7489211388558593,848,self,0.044675281087430796,0.3263163392955096
compas,multi_optimal,community_members,judges,"{""accuracy"":0.1,""tpr"":0.7,""tnr"":0.1,""local_consistency"":0.1}","{""accuracy"":0.7,""tpr"":0.1,""tnr"":0.1,""local_consistency"":0.1}",12,0.18535211267605634,0.8654022988505746,0.18535211267605634,0.8654022988505746,0.18535211267605634,0.8654022988505746,1,0.8654022988505746,0.8654022988505746,0.8654022988505746,0.8654022988505746,0,,,46,0.7138367735078593,0.6095934920368551,,,,,,,0.8654022988505746,0.7489211388558593,848,self,0.044675281087430796,0.3263163392955096
compas,aggregate,community_members,judges,"{""accuracy"":0.1,""tpr"":0.7,""tnr"":0.1,""local_consistency"":0.1}","{""accuracy"":0.7,""tpr"":0.1,""tnr"":0.1,""local_consistency"":0.1}",12,0.18535211267605634,0.8654022988505746,0.18535211267605634,0.8654022988505746,0.18535211267605634,0.8654022988505746,1,0.8654022988505746,0.8654022988505746,0.8654022988505746,0.8654022988505746,0,,,,,,,,,,,,0.8654022988505746,0.7489211388558593,848,self,0.044675281087430796,0.3263163392955096
compas,negotiate,community_members,judges,"{""accuracy"":0.1,""tpr"":0.7,""tnr"":0.1,""local_consistency"":0.1}","{""accuracy"":0.7,""tpr"":0.1,""tnr"":0.1,""local_consistency"":0.1}",12,0.18535211267605634,0.8654022988505746,0.18535211267605634,0.8654022988505746,0.18535211267605634,0.8654022988505746,1,0.8654022988505746,0.8654022988505746,0.8654022988505746,0.8654022988505746,0,1,1,9,0.6691614924204285,0.6957527229720551,46,19,0.7138367735078593,0.044675281087430796,self,,0.8654022988505746,0.7489211388558593,848,self,0.044675281087430796,0.3263163392955096
compas,single,community_members,judges,"{""accuracy"":0.1,""tpr"":0.7,""tnr"":0.1,""local_consistency"":0.1}","{""accuracy"":0.7,""tpr"":0.1,""tnr"":0.1,""local_consistency"":0.1}",13,0.19147368421052632,0.8833333333333333,0.19147368421052632,0.8833333333333333,0.19147368421052632,0.8833333333333333,0,0.19147368421052632,0.19147368421052632,0.19147368421052632,0.8833333333333333,0.691859649122807,,,0,0.4688521564020809,0.6728125524416849,,,,,,,0.19147368421052632,0.03666217174515236,859,self,0.03134194775409749,0.3431978399118093
compas,self_optimal,community_members,judges,"{""accuracy"":0.1,""tpr"":0.7,""tnr"":0.1,""local_consistency"":0.1}","{""accuracy"":0.7,""tpr"":0.1,""tnr"":0.1,""local_consistency"":0.1}",13,0.19147368421052632,0.8833333333333333,0.19147368421052632,0.8833333333333333,0.19147368421052632,0.8833333333333333,1,0.8833333333333333,0.8833333333333333,0.8833333333333333,0.8833333333333333,0,,,46,0.700503440174526,0.5962601587035218,,,,,,,0.8833333333333333,0.7802777777777777,859,self,0.03134194775409749,0.3431978399118093
compas,multi_optimal,community_members,judges,"{""accuracy"":0.1,""tpr"":0.7,""tnr"":0.1,""local_consistency"":0.1}","{""accuracy"":0.7,""tpr"":0.1,""tnr"":0.1,""local_consistency"":0.1}",13,0.19147368421052632,0.8833333333333333,0.19147368421052632,0.8833333333333333,0.19147368421052632,0.8833333333333333,1,0.8833333333333333,0.8833333333333333,0.8833333333333333,0.8833333333333333,0,,,46,0.700503440174526,0.5962601587035218,,,,,,,0.8833333333333333,0.7802777777777777,859,self,0.03134194775409749,0.3431978399118093
compas,aggregate,community_members,judges,"{""accuracy"":0.1,""tpr"":0.7,""tnr"":0.1,""local_consistency"":0.1}","{""accuracy"":0.7,""tpr"":0.1,""tnr"":0.1,""local_consistency"":0.1}",13,0.19147368421052632,0.8833333333333333,0.19147368421052632,0.8833333333333333,0.19147368421052632,0.8833333333333333,1,0.8833333333333333,0.8833333333333333,0.8833333333333333,0.8833333333333333,0,,,,,,,,,,,,0.8833333333333333,0.7802777777777777,859,self,0.03134194775409749,0.3431978399118093
compas,negotiate,community_members,judges,"{""accuracy"":0.1,""tpr"":0.7,""tnr"":0.1,""local_consistency"":0.1}","{""accuracy"":0.7,""tpr"":0.1,""tnr"":0.1,""local_consistency"":0.1}",13,0.19147368421052632,0.8833333333333333,0.19147368421052632,0.8833333333333333,0.19147368421052632,0.8833333333333333,1,0.8833333333333333,0.8833333333333333,0.8833333333333333,0.8833333333333333,0,1,1,9,0.6691614924204285,0.6957527229720551,46,7,0.700503440174526,0.03134194775409749,self,,0.8833333333333333,0.7802777777777777,859,self,0.03134194775409749,0.3431978399118093
compas,single,community_members,judges,"{""accuracy"":0.1,""tpr"":0.7,""tnr"":0.1,""local_consistency"":0.1}","{""accuracy"":0.7,""tpr"":0.1,""tnr"":0.1,""local_consistency"":0.1}",14,0.16937254901960785,0.8944444444444444,0.16937254901960785,0.8944444444444444,0.16937254901960785,0.8944444444444444,0,0.16937254901960785,0.16937254901960785,0.16937254901960785,0.8944444444444444,0.7250718954248365,,,0,0.31149399116864873,0.6410269582016159,,,,,,,0.16937254901960785,0.028687060361399466,658,self,0.05574163279642741,0.34623310841702826
compas,self_optimal,community_members,judges,"{""accuracy"":0.1,""tpr"":0.7,""tnr"":0.1,""local_consistency"":0.1}","{""accuracy"":0.7,""tpr"":0.1,""tnr"":0.1,""local_consistency"":0.1}",14,0.16937254901960785,0.8944444444444444,0.16937254901960785,0.8944444444444444,0.16937254901960785,0.8944444444444444,1,0.8944444444444444,0.8944444444444444,0.8944444444444444,0.8944444444444444,0,,,52,0.7218152566611472,0.5549196522655427,,,,,,,0.8944444444444444,0.8000308641975308,658,self,0.05574163279642741,0.34623310841702826
compas,multi_optimal,community_members,judges,"{""accuracy"":0.1,""tpr"":0.7,""tnr"":0.1,""local_consistency"":0.1}","{""accuracy"":0.7,""tpr"":0.1,""tnr"":0.1,""local_consistency"":0.1}",14,0.16937254901960785,0.8944444444444444,0.16937254901960785,0.8944444444444444,0.16937254901960785,0.8944444444444444,1,0.8944444444444444,0.8944444444444444,0.8944444444444444,0.8944444444444444,0,,,52,0.7218152566611472,0.5549196522655427,,,,,,,0.8944444444444444,0.8000308641975308,658,self,0.05574163279642741,0.34623310841702826
compas,aggregate,community_members,judges,"{""accuracy"":0.1,""tpr"":0.7,""tnr"":0.1,""local_consistency"":0.1}","{""accuracy"":0.7,""tpr"":0.1,""tnr"":0.1,""local_consistency"":0.1}",14,0.16937254901960785,0.8944444444444444,0.16937254901960785,0.8944444444444444,0.16937254901960785,0.8944444444444444,1,0.8944444444444444,0.8944444444444444,0.8944444444444444,0.8944444444444444,0,,,,,,,,,,,,0.8944444444444444,0.8000308641975308,658,self,0.05574163279642741,0.34623310841702826
compas,negotiate,community_members,judges,"{""accuracy"":0.1,""tpr"":0.7,""tnr"":0.1,""local_consistency"":0.1}","{""accuracy"":0.7,""tpr"":0.1,""tnr"":0.1,""local_consistency"":0.1}",14,0.16937254901960785,0.8944444444444444,0.16937254901960785,0.8944444444444444,0.16937254901960785,0.8944444444444444,1,0.8944444444444444,0.8944444444444444,0.8944444444444444,0.8944444444444444,0,1,1,9,0.6660736238647198,0.6403868106779066,52,114,0.7218152566611472,0.05574163279642741,self,,0.8944444444444444,0.8000308641975308,658,self,0.05574163279642741,0.34623310841702826
compas,single,community_members,judges,"{""accuracy"":0.1,""tpr"":0.7,""tnr"":0.1,""local_consistency"":0.1}","{""accuracy"":0.7,""tpr"":0.1,""tnr"":0.1,""local_consistency"":0.1}",15,0.19018315018315018,0.8737037037037036,0.19018315018315018,0.8737037037037036,0.19018315018315018,0.8737037037037036,0,0.19018315018315018,0.19018315018315018,0.19018315018315018,0.8737037037037036,0.6835205535205535,,,0,0.4655188230687476,0.6694792191083516,,,,,,,0.19018315018315018,0.036169630613586655,855,self,0.03134194775409749,0.3370062973160853
compas,self_optimal,community_members,judges,"{""accuracy"":0.1,""tpr"":0.7,""tnr"":0.1,""local_consistency"":0.1}","{""accuracy"":0.7,""tpr"":0.1,""tnr"":0.1,""local_consistency"":0.1}",15,0.19018315018315018,0.8737037037037036,0.19018315018315018,0.8737037037037036,0.19018315018315018,0.8737037037037036,1,0.8737037037037036,0.8737037037037036,0.8737037037037036,0.8737037037037036,0,,,46,0.700503440174526,0.5962601587035218,,,,,,,0.8737037037037036,0.7633581618655692,855,self,0.03134194775409749,0.3370062973160853
compas,multi_optimal,community_members,judges,"{""accuracy"":0.1,""tpr"":0.7,""tnr"":0.1,""local_consistency"":0.1}","{""accuracy"":0.7,""tpr"":0.1,""tnr"":0.1,""local_consistency"":0.1}",15,0.19018315018315018,0.8737037037037036,0.19018315018315018,0.8737037037037036,0.19018315018315018,0.8737037037037036,1,0.8737037037037036,0.8737037037037036,0.8737037037037036,0.8737037037037036,0,,,46,0.700503440174526,0.5962601587035218,,,,,,,0.8737037037037036,0.7633581618655692,855,self,0.03134194775409749,0.3370062973160853
compas,aggregate,community_members,judges,"{""accuracy"":0.1,""tpr"":0.7,""tnr"":0.1,""local_consistency"":0.1}","{""accuracy"":0.7,""tpr"":0.1,""tnr"":0.1,""local_consistency"":0.1}",15,0.19018315018315018,0.8737037037037036,0.19018315018315018,0.8737037037037036,0.19018315018315018,0.8737037037037036,1,0.8737037037037036,0.8737037037037036,0.8737037037037036,0.8737037037037036,0,,,,,,,,,,,,0.8737037037037036,0.7633581618655692,855,self,0.03134194775409749,0.3370062973160853
compas,negotiate,community_members,judges,"{""accuracy"":0.1,""tpr"":0.7,""tnr"":0.1,""local_consistency"":0.1}","{""accuracy"":0.7,""tpr"":0.1,""tnr"":0.1,""local_consistency"":0.1}",15,0.19018315018315018,0.8737037037037036,0.19018315018315018,0.8737037037037036,0.19018315018315018,0.8737037037037036,1,0.8737037037037036,0.8737037037037036,0.8737037037037036,0.8737037037037036,0,1,1,9,0.6691614924204285,0.6957527229720551,46,7,0.700503440174526,0.03134194775409749,self,,0.8737037037037036,0.7633581618655692,855,self,0.03134194775409749,0.3370062973160853
compas,single,community_members,defendants,"{""accuracy"":0.1,""tpr"":0.7,""tnr"":0.1,""local_consistency"":0.1}","{""accuracy"":0.1,""tpr"":0.1,""tnr"":0.7,""local_consistency"":0.1}",16,0.27953703703703703,0.7545238095238095,0.879537037037037,0.15452380952380954,0.579537037037037,0.4545238095238095,0,0.27953703703703703,0.879537037037037,0.579537037037037,0.579537037037037,0,,,0,0.7251941248599634,0.6334224279222149,,,,,,,0.579537037037037,0.24586317729766802,468,other,0.10726705166363515,0.3463664741681824
compas,self_optimal,community_members,defendants,"{""accuracy"":0.1,""tpr"":0.7,""tnr"":0.1,""local_consistency"":0.1}","{""accuracy"":0.1,""tpr"":0.1,""tnr"":0.7,""local_consistency"":0.1}",16,0.27953703703703703,0.7545238095238095,0.879537037037037,0.15452380952380954,0.579537037037037,0.4545238095238095,1,0.7545238095238095,0.15452380952380954,0.4545238095238095,0.579537037037037,0.12501322751322747,,,93,0.8102092955632305,0.3580024618065812,,,,,,,0.4545238095238095,0.11659189342403628,468,other,0.10726705166363515,0.3463664741681824
compas,multi_optimal,community_members,defendants,"{""accuracy"":0.1,""tpr"":0.7,""tnr"":0.1,""local_consistency"":0.1}","{""accuracy"":0.1,""tpr"":0.1,""tnr"":0.7,""local_consistency"":0.1}",16,0.27953703703703703,0.7545238095238095,0.879537037037037,0.15452380952380954,0.579537037037037,0.4545238095238095,1,0.7545238095238095,0.15452380952380954,0.4545238095238095,0.579537037037037,0.12501322751322747,,,93,0.8102092955632305,0.3580024618065812,,,,,,,0.4545238095238095,0.11659189342403628,468,other,0.10726705166363515,0.3463664741681824
compas,aggregate,community_members,defendants,"{""accuracy"":0.1,""tpr"":0.7,""tnr"":0.1,""local_consistency"":0.1}","{""accuracy"":0.1,""tpr"":0.1,""tnr"":0.7,""local_consistency"":0.1}",16,0.27953703703703703,0.7545238095238095,0.879537037037037,0.15452380952380954,0.579537037037037,0.4545238095238095,0,0.27953703703703703,0.879537037037037,0.579537037037037,0.579537037037037,0,,,,,,,,,,,,0.579537037037037,0.24586317729766802,468,other,0.10726705166363515,0.3463664741681824
compas,negotiate,community_members,defendants,"{""accuracy"":0.1,""tpr"":0.7,""tnr"":0.1,""local_consistency"":0.1}","{""accuracy"":0.1,""tpr"":0.1,""tnr"":0.7,""local_consistency"":0.1}",16,0.27953703703703703,0.7545238095238095,0.879537037037037,0.15452380952380954,0.579537037037037,0.4545238095238095,0,0.27953703703703703,0.879537037037037,0.579537037037037,0.579537037037037,0,0,1,65,0.7029422438995954,0.6833419180262068,93,79,0.8102092955632305,0.10726705166363515,other,,0.579537037037037,0.24586317729766802,468,other,0.10726705166363515,0.3463664741681824
compas,single,community_members,judges,"{""accuracy"":0.1,""tpr"":0.7,""tnr"":0.1,""local_consistency"":0.1}","{""accuracy"":0.7,""tpr"":0.1,""tnr"":0.1,""local_consistency"":0.1}",17,0.18535211267605634,0.8654022988505746,0.18535211267605634,0.8654022988505746,0.18535211267605634,0.8654022988505746,0,0.18535211267605634,0.18535211267605634,0.18535211267605634,0.8654022988505746,0.6800501861745183,,,0,0.4688521564020809,0.6728125524416849,,,,,,,0.18535211267605634,0.03435540567347748,845,self,0.044675281087430796,0.3263163392955096
compas,self_optimal,community_members,judges,"{""accuracy"":0.1,""tpr"":0.7,""tnr"":0.1,""local_consistency"":0.1}","{""accuracy"":0.7,""tpr"":0.1,""tnr"":0.1,""local_consistency"":0.1}",17,0.18535211267605634,0.8654022988505746,0.18535211267605634,0.8654022988505746,0.18535211267605634,0.8654022988505746,1,0.8654022988505746,0.8654022988505746,0.8654022988505746,0.8654022988505746,0,,,46,0.7138367735078593,0.6095934920368551,,,,,,,0.8654022988505746,0.7489211388558593,845,self,0.044675281087430796,0.3263163392955096
compas,multi_optimal,community_members,judges,"{""accuracy"":0.1,""tpr"":0.7,""tnr"":0.1,""local_consistency"":0.1}","{""accuracy"":0.7,""tpr"":0.1,""tnr"":0.1,""local_consistency"":0.1}",17,0.18535211267605634,0.8654022988505746,0.18535211267605634,0.8654022988505746,0.18535211267605634,0.8654022988505746,1,0.8654022988505746,0.8654022988505746,0.8654022988505746,0.8654022988505746,0,,,46,0.7138367735078593,0.6095934920368551,,,,,,,0.8654022988505746,0.7489211388558593,845,self,0.044675281087430796,0.3263163392955096
compas,aggregate,community_members,judges,"{""accuracy"":0.1,""tpr"":0.7,""tnr"":0.1,""local_consistency"":0.1}","{""accuracy"":0.7,""tpr"":0.1,""tnr"":0.1,""local_consistency"":0.1}",17,0.18535211267605634,0.8654022988505746,0.18535211267605634,0.8654022988505746,0.18535211267605634,0.8654022988505746,1,0.8654022988505746,0.8654022988505746,0.8654022988505746,0.8654022988505746,0,,,,,,,,,,,,0.8654022988505746,0.7489211388558593,845,self,0.044675281087430796,0.3263163392955096
compas,negotiate,community_members,judges,"{""accuracy"":0.1,""tpr"":0.7,""tnr"":0.1,""local_consistency"":0.1}","{""accuracy"":0.7,""tpr"":0.1,""tnr"":0.1,""local_consistency"":0.1}",17,0.18535211267605634,0.8654022988505746,0.18535211267605634,0.8654022988505746,0.18535211267605634,0.8654022988505746,1,0.8654022988505746,0.8654022988505746,0.8654022988505746,0.8654022988505746,0,1,1,9,0.6691614924204285,0.6957527229720551,46,19,0.7138367735078593,0.044675281087430796,self,,0.8654022988505746,0.7489211388558593,845,self,0.044675281087430796,0.3263163392955096
compas,single,community_members,judges,"{""accuracy"":0.1,""tpr"":0.7,""tnr"":0.1,""local_consistency"":0.1}","{""accuracy"":0.7,""tpr"":0.1,""tnr"":0.1,""local_consistency"":0.1}",18,0.29463157894736847,0.7639999999999999,0.8946315789473683,0.16399999999999998,0.5946315789473684,0.46399999999999997,0,0.29463157894736847,0.8946315789473683,0.5946315789473684,0.5946315789473684,0,,,0,0.32482732450198204,0.6543602915349492,,,,,,,0.5946315789473684,0.26358671468144046,691,self,0.0,-0.06723057340720223
compas,self_optimal,community_members,judges,"{""accuracy"":0.1,""tpr"":0.7,""tnr"":0.1,""local_consistency"":0.1}","{""accuracy"":0.7,""tpr"":0.1,""tnr"":0.1,""local_consistency"":0.1}",18,0.29463157894736847,0.7639999999999999,0.8946315789473683,0.16399999999999998,0.5946315789473684,0.46399999999999997,1,0.7639999999999999,0.16399999999999998,0.46399999999999997,0.5946315789473684,0.13063157894736843,,,52,0.6718152566611473,0.5049196522655427,,,,,,,0.46399999999999997,0.12529599999999996,691,self,0.0,-0.06723057340720223
compas,multi_optimal,community_members,judges,"{""accuracy"":0.1,""tpr"":0.7,""tnr"":0.1,""local_consistency"":0.1}","{""accuracy"":0.7,""tpr"":0.1,""tnr"":0.1,""local_consistency"":0.1}",18,0.29463157894736847,0.7639999999999999,0.8946315789473683,0.16399999999999998,0.5946315789473684,0.46399999999999997,1,0.7639999999999999,0.16399999999999998,0.46399999999999997,0.5946315789473684,0.13063157894736843,,,52,0.6718152566611473,0.5049196522655427,,,,,,,0.46399999999999997,0.12529599999999996,691,self,0.0,-0.06723057340720223
compas,aggregate,community_members,judges,"{""accuracy"":0.1,""tpr"":0.7,""tnr"":0.1,""local_consistency"":0.1}","{""accuracy"":0.7,""tpr"":0.1,""tnr"":0.1,""local_consistency"":0.1}",18,0.29463157894736847,0.7639999999999999,0.8946315789473683,0.16399999999999998,0.5946315789473684,0.46399999999999997,0,0.29463157894736847,0.8946315789473683,0.5946315789473684,0.5946315789473684,0,,,,,,,,,,,,0.5946315789473684,0.26358671468144046,691,self,0.0,-0.06723057340720223
compas,negotiate,community_members,judges,"{""accuracy"":0.1,""tpr"":0.7,""tnr"":0.1,""local_consistency"":0.1}","{""accuracy"":0.7,""tpr"":0.1,""tnr"":0.1,""local_consistency"":0.1}",18,0.29463157894736847,0.7639999999999999,0.8946315789473683,0.16399999999999998,0.5946315789473684,0.46399999999999997,1,0.7639999999999999,0.16399999999999998,0.46399999999999997,0.5946315789473684,0.13063157894736843,1,1,52,0.6718152566611473,0.5049196522655427,52,28,0.6718152566611473,0,self,,0.46399999999999997,0.12529599999999996,691,self,0.0,-0.06723057340720223
compas,single,community_members,judges,"{""accuracy"":0.1,""tpr"":0.7,""tnr"":0.1,""local_consistency"":0.1}","{""accuracy"":0.7,""tpr"":0.1,""tnr"":0.1,""local_consistency"":0.1}",19,0.27953703703703703,0.7545238095238095,0.879537037037037,0.15452380952380954,0.579537037037037,0.4545238095238095,0,0.27953703703703703,0.879537037037037,0.579537037037037,0.579537037037037,0,,,0,0.7251941248599634,0.6829645192969755,,,,,,,0.579537037037037,0.24586317729766802,936,self,0.013785584805711015,-0.07046392024957031
compas,self_optimal,community_members,judges,"{""accuracy"":0.1,""tpr"":0.7,""tnr"":0.1,""local_consistency"":0.1}","{""accuracy"":0.7,""tpr"":0.1,""tnr"":0.1,""local_consistency"":0.1}",19,0.27953703703703703,0.7545238095238095,0.879537037037037,0.15452380952380954,0.579537037037037,0.4545238095238095,1,0.7545238095238095,0.15452380952380954,0.4545238095238095,0.579537037037037,0.12501322751322747,,,93,0.8102092955632305,0.602122087201107,,,,,,,0.4545238095238095,0.11659189342403628,936,self,0.013785584805711015,-0.07046392024957031
compas,multi_optimal,community_members,judges,"{""accuracy"":0.1,""tpr"":0.7,""tnr"":0.1,""local_consistency"":0.1}","{""accuracy"":0.7,""tpr"":0.1,""tnr"":0.1,""local_consistency"":0.1}",19,0.27953703703703703,0.7545238095238095,0.879537037037037,0.15452380952380954,0.579537037037037,0.4545238095238095,1,0.7545238095238095,0.15452380952380954,0.4545238095238095,0.579537037037037,0.12501322751322747,,,93,0.8102092955632305,0.602122087201107,,,,,,,0.4545238095238095,0.11659189342403628,936,self,0.013785584805711015,-0.07046392024957031
compas,aggregate,community_members,judges,"{""accuracy"":0.1,""tpr"":0.7,""tnr"":0.1,""local_consistency"":0.1}","{""accuracy"":0.7,""tpr"":0.1,""tnr"":0.1,""local_consistency"":0.1}",19,0.27953703703703703,0.7545238095238095,0.879537037037037,0.15452380952380954,0.579537037037037,0.4545238095238095,0,0.27953703703703703,0.879537037037037,0.579537037037037,0.579537037037037,0,,,,,,,,,,,,0.579537037037037,0.24586317729766802,936,self,0.013785584805711015,-0.07046392024957031
compas,negotiate,community_members,judges,"{""accuracy"":0.1,""tpr"":0.7,""tnr"":0.1,""local_consistency"":0.1}","{""accuracy"":0.7,""tpr"":0.1,""tnr"":0.1,""local_consistency"":0.1}",19,0.27953703703703703,0.7545238095238095,0.879537037037037,0.15452380952380954,0.579537037037037,0.4545238095238095,1,0.7545238095238095,0.15452380952380954,0.4545238095238095,0.579537037037037,0.12501322751322747,1,1,30,0.7964237107575195,0.662673839394264,93,65,0.8102092955632305,0.013785584805711015,self,,0.4545238095238095,0.11659189342403628,936,self,0.013785584805711015,-0.07046392024957031
compas,single,defendants,community_members,"{""accuracy"":0.1,""tpr"":0.1,""tnr"":0.7,""local_consistency"":0.1}","{""accuracy"":0.1,""tpr"":0.7,""tnr"":0.1,""local_consistency"":0.1}",0,0.7454644808743169,0.27452991452991454,0.14546448087431696,0.8745299145299145,0.44546448087431695,0.5745299145299145,1,0.27452991452991454,0.8745299145299145,0.5745299145299145,0.5745299145299145,0,,,0,0.45827235772357733,0.8761295005807203,,,,,,,0.5745299145299145,0.2400846226897509,15,other,0.14859287054408998,0.325703564727955
compas,self_optimal,defendants,community_members,"{""accuracy"":0.1,""tpr"":0.1,""tnr"":0.7,""local_consistency"":0.1}","{""accuracy"":0.1,""tpr"":0.7,""tnr"":0.1,""local_consistency"":0.1}",0,0.7454644808743169,0.27452991452991454,0.14546448087431696,0.8745299145299145,0.44546448087431695,0.5745299145299145,0,0.7454644808743169,0.14546448087431696,0.44546448087431695,0.5745299145299145,0.12906543365559758,,,149,0.8799015009380863,0.40600040203698745,,,,,,,0.44546448087431695,0.1084386037206247,15,other,0.14859287054408998,0.325703564727955
compas,multi_optimal,defendants,community_members,"{""accuracy"":0.1,""tpr"":0.1,""tnr"":0.7,""local_consistency"":0.1}","{""accuracy"":0.1,""tpr"":0.7,""tnr"":0.1,""local_consistency"":0.1}",0,0.7454644808743169,0.27452991452991454,0.14546448087431696,0.8745299145299145,0.44546448087431695,0.5745299145299145,0,0.7454644808743169,0.14546448087431696,0.44546448087431695,0.5745299145299145,0.12906543365559758,,,149,0.8799015009380863,0.40600040203698745,,,,,,,0.44546448087431695,0.1084386037206247,15,other,0.14859287054408998,0.325703564727955
compas,aggregate,defendants,community_members,"{""accuracy"":0.1,""tpr"":0.1,""tnr"":0.7,""local_consistency"":0.1}","{""accuracy"":0.1,""tpr"":0.7,""tnr"":0.1,""local_consistency"":0.1}",0,0.7454644808743169,0.27452991452991454,0.14546448087431696,0.8745299145299145,0.44546448087431695,0.5745299145299145,1,0.27452991452991454,0.8745299145299145,0.5745299145299145,0.5745299145299145,0,,,,,,,,,,,,0.5745299145299145,0.2400846226897509,15,other,0.14859287054408998,0.325703564727955
compas,negotiate,defendants,community_members,"{""accuracy"":0.1,""tpr"":0.1,""tnr"":0.7,""local_consistency"":0.1}","{""accuracy"":0.1,""tpr"":0.7,""tnr"":0.1,""local_consistency"":0.1}",0,0.7454644808743169,0.27452991452991454,0.14546448087431696,0.8745299145299145,0.44546448087431695,0.5745299145299145,1,0.27452991452991454,0.8745299145299145,0.5745299145299145,0.5745299145299145,0,1,1,22,0.7313086303939963,0.7519130259983918,149,19,0.8799015009380863,0.14859287054408998,other,,0.5745299145299145,0.2400846226897509,15,other,0.14859287054408998,0.325703564727955
compas,single,defendants,judges,"{""accuracy"":0.1,""tpr"":0.1,""tnr"":0.7,""local_consistency"":0.1}","{""accuracy"":0.7,""tpr"":0.1,""tnr"":0.1,""local_consistency"":0.1}",1,0.7918095238095237,0.28194871794871795,0.19180952380952382,0.8819487179487179,0.4918095238095238,0.5819487179487179,1,0.28194871794871795,0.8819487179487179,0.5819487179487179,0.5819487179487179,0,,,0,0.6234224279222149,0.6729645192969755,,,,,,,0.5819487179487179,0.24866431032215647,846,self,0.04026213829686276,-0.06686279333633138
compas,self_optimal,defendants,judges,"{""accuracy"":0.1,""tpr"":0.1,""tnr"":0.7,""local_consistency"":0.1}","{""accuracy"":0.7,""tpr"":0.1,""tnr"":0.1,""local_consistency"":0.1}",1,0.7918095238095237,0.28194871794871795,0.19180952380952382,0.8819487179487179,0.4918095238095238,0.5819487179487179,0,0.7918095238095237,0.19180952380952382,0.4918095238095238,0.5819487179487179,0.09013919413919413,,,116,0.8068332907885399,0.6124058059228081,,,,,,,0.4918095238095238,0.15187660770975056,846,self,0.04026213829686276,-0.06686279333633138
compas,multi_optimal,defendants,judges,"{""accuracy"":0.1,""tpr"":0.1,""tnr"":0.7,""local_consistency"":0.1}","{""accuracy"":0.7,""tpr"":0.1,""tnr"":0.1,""local_consistency"":0.1}",1,0.7918095238095237,0.28194871794871795,0.19180952380952382,0.8819487179487179,0.4918095238095238,0.5819487179487179,0,0.7918095238095237,0.19180952380952382,0.4918095238095238,0.5819487179487179,0.09013919413919413,,,116,0.8068332907885399,0.6124058059228081,,,,,,,0.4918095238095238,0.15187660770975056,846,self,0.04026213829686276,-0.06686279333633138
compas,aggregate,defendants,judges,"{""accuracy"":0.1,""tpr"":0.1,""tnr"":0.7,""local_consistency"":0.1}","{""accuracy"":0.7,""tpr"":0.1,""tnr"":0.1,""local_consistency"":0.1}",1,0.7918095238095237,0.28194871794871795,0.19180952380952382,0.8819487179487179,0.4918095238095238,0.5819487179487179,0,0.7918095238095237,0.19180952380952382,0.4918095238095238,0.5819487179487179,0.09013919413919413,,,,,,,,,,,,0.4918095238095238,0.15187660770975056,846,self,0.04026213829686276,-0.06686279333633138
compas,negotiate,defendants,judges,"{""accuracy"":0.1,""tpr"":0.1,""tnr"":0.7,""local_consistency"":0.1}","{""accuracy"":0.7,""tpr"":0.1,""tnr"":0.1,""local_consistency"":0.1}",1,0.7918095238095237,0.28194871794871795,0.19180952380952382,0.8819487179487179,0.4918095238095238,0.5819487179487179,0,0.7918095238095237,0.19180952380952382,0.4918095238095238,0.5819487179487179,0.09013919413919413,0,1,49,0.7665711524916772,0.6689357201948902,116,65,0.8068332907885399,0.04026213829686276,self,,0.4918095238095238,0.15187660770975056,846,self,0.04026213829686276,-0.06686279333633138
compas,single,defendants,judges,"{""accuracy"":0.1,""tpr"":0.1,""tnr"":0.7,""local_consistency"":0.1}","{""accuracy"":0.7,""tpr"":0.1,""tnr"":0.1,""local_consistency"":0.1}",2,0.8877435897435897,0.18476190476190477,0.8877435897435897,0.18476190476190477,0.8877435897435897,0.18476190476190477,1,0.18476190476190477,0.18476190476190477,0.18476190476190477,0.8877435897435897,0.7029816849816849,,,0,0.6267557612555482,0.6762978526303088,,,,,,,0.18476190476190477,0.034136961451247165,780,self,0.06984899494051067,0.32930885369506285
compas,self_optimal,defendants,judges,"{""accuracy"":0.1,""tpr"":0.1,""tnr"":0.7,""local_consistency"":0.1}","{""accuracy"":0.7,""tpr"":0.1,""tnr"":0.1,""local_consistency"":0.1}",2,0.8877435897435897,0.18476190476190477,0.8877435897435897,0.18476190476190477,0.8877435897435897,0.18476190476190477,0,0.8877435897435897,0.8877435897435897,0.8877435897435897,0.8877435897435897,0,,,116,0.8101666241218732,0.6157391392561414,,,,,,,0.8877435897435897,0.7880886811308349,780,self,0.06984899494051067,0.32930885369506285
compas,multi_optimal,defendants,judges,"{""accuracy"":0.1,""tpr"":0.1,""tnr"":0.7,""local_consistency"":0.1}","{""accuracy"":0.7,""tpr"":0.1,""tnr"":0.1,""local_consistency"":0.1}",2,0.8877435897435897,0.18476190476190477,0.8877435897435897,0.18476190476190477,0.8877435897435897,0.18476190476190477,0,0.8877435897435897,0.8877435897435897,0.8877435897435897,0.8877435897435897,0,,,116,0.8101666241218732,0.6157391392561414,,,,,,,0.8877435897435897,0.7880886811308349,780,self,0.06984899494051067,0.32930885369506285
compas,aggregate,defendants,judges,"{""accuracy"":0.1,""tpr"":0.1,""tnr"":0.7,""local_consistency"":0.1}","{""accuracy"":0.7,""tpr"":0.1,""tnr"":0.1,""local_consistency"":0.1}",2,0.8877435897435897,0.18476190476190477,0.8877435897435897,0.18476190476190477,0.8877435897435897,0.18476190476190477,0,0.8877435897435897,0.8877435897435897,0.8877435897435897,0.8877435897435897,0,,,,,,,,,,,,0.8877435897435897,0.7880886811308349,780,self,0.06984899494051067,0.32930885369506285
compas,negotiate,defendants,judges,"{""accuracy"":0.1,""tpr"":0.1,""tnr"":0.7,""local_consistency"":0.1}","{""accuracy"":0.7,""tpr"":0.1,""tnr"":0.1,""local_consistency"":0.1}",2,0.8877435897435897,0.18476190476190477,0.8877435897435897,0.18476190476190477,0.8877435897435897,0.18476190476190477,0,0.8877435897435897,0.8877435897435897,0.8877435897435897,0.8877435897435897,0,0,1,1,0.7403176291813626,0.6858032192884665,116,18,0.8101666241218732,0.06984899494051067,self,,0.8877435897435897,0.7880886811308349,780,self,0.06984899494051067,0.32930885369506285
compas,single,defendants,fairness_advocates,"{""accuracy"":0.1,""tpr"":0.1,""tnr"":0.7,""local_consistency"":0.1}","{""accuracy"":0.1,""tpr"":0.1,""tnr"":0.1,""local_consistency"":0.7}",3,0.7897222222222222,0.2643939393939394,0.7280555555555556,0.6507575757575756,0.758888888888889,0.4575757575757575,1,0.2643939393939394,0.6507575757575756,0.4575757575757575,0.758888888888889,0.3013131313131314,,,0,0.6534224279222148,0.9001756746754614,,,,,,,0.4575757575757575,0.1720563590449954,785,self,0.005636245134635232,0.17323648330835836
compas,self_optimal,defendants,fairness_advocates,"{""accuracy"":0.1,""tpr"":0.1,""tnr"":0.7,""local_consistency"":0.1}","{""accuracy"":0.1,""tpr"":0.1,""tnr"":0.1,""local_consistency"":0.7}",3,0.7897222222222222,0.2643939393939394,0.7280555555555556,0.6507575757575756,0.758888888888889,0.4575757575757575,0,0.7897222222222222,0.7280555555555556,0.758888888888889,0.758888888888889,0,,,116,0.8034999574552066,0.8284350223902714,,,,,,,0.758888888888889,0.5749616512345679,785,self,0.005636245134635232,0.17323648330835836
compas,multi_optimal,defendants,fairness_advocates,"{""accuracy"":0.1,""tpr"":0.1,""tnr"":0.7,""local_consistency"":0.1}","{""accuracy"":0.1,""tpr"":0.1,""tnr"":0.1,""local_consistency"":0.7}",3,0.7897222222222222,0.2643939393939394,0.7280555555555556,0.6507575757575756,0.758888888888889,0.4575757575757575,0,0.7897222222222222,0.7280555555555556,0.758888888888889,0.758888888888889,0,,,116,0.8034999574552066,0.8284350223902714,,,,,,,0.758888888888889,0.5749616512345679,785,self,0.005636245134635232,0.17323648330835836
compas,aggregate,defendants,fairness_advocates,"{""accuracy"":0.1,""tpr"":0.1,""tnr"":0.7,""local_consistency"":0.1}","{""accuracy"":0.1,""tpr"":0.1,""tnr"":0.1,""local_consistency"":0.7}",3,0.7897222222222222,0.2643939393939394,0.7280555555555556,0.6507575757575756,0.758888888888889,0.4575757575757575,1,0.2643939393939394,0.6507575757575756,0.4575757575757575,0.758888888888889,0.3013131313131314,,,,,,,,,,,,0.4575757575757575,0.1720563590449954,785,self,0.005636245134635232,0.17323648330835836
compas,negotiate,defendants,fairness_advocates,"{""accuracy"":0.1,""tpr"":0.1,""tnr"":0.7,""local_consistency"":0.1}","{""accuracy"":0.1,""tpr"":0.1,""tnr"":0.1,""local_consistency"":0.7}",3,0.7897222222222222,0.2643939393939394,0.7280555555555556,0.6507575757575756,0.758888888888889,0.4575757575757575,0,0.7897222222222222,0.7280555555555556,0.758888888888889,0.758888888888889,0,0,1,76,0.7978637123205714,0.8609805954374543,116,0,0.8034999574552066,0.005636245134635232,self,,0.758888888888889,0.5749616512345679,785,self,0.005636245134635232,0.17323648330835836
compas,single,defendants,judges,"{""accuracy"":0.1,""tpr"":0.1,""tnr"":0.7,""local_consistency"":0.1}","{""accuracy"":0.7,""tpr"":0.1,""tnr"":0.1,""local_consistency"":0.1}",4,0.871025641025641,0.19053639846743295,0.871025641025641,0.19053639846743295,0.871025641025641,0.19053639846743295,1,0.19053639846743295,0.19053639846743295,0.19053639846743295,0.871025641025641,0.680489242558208,,,0,0.6534224279222148,0.7029645192969755,,,,,,,0.19053639846743295,0.03630411914094039,916,self,0.0,0.35071769768534916
compas,self_optimal,defendants,judges,"{""accuracy"":0.1,""tpr"":0.1,""tnr"":0.7,""local_consistency"":0.1}","{""accuracy"":0.7,""tpr"":0.1,""tnr"":0.1,""local_consistency"":0.1}",4,0.871025641025641,0.19053639846743295,0.871025641025641,0.19053639846743295,0.871025641025641,0.19053639846743295,0,0.871025641025641,0.871025641025641,0.871025641025641,0.871025641025641,0,,,40,0.7929585872099214,0.6103228962076966,,,,,,,0.871025641025641,0.7586856673241288,916,self,0.0,0.35071769768534916
compas,multi_optimal,defendants,judges,"{""accuracy"":0.1,""tpr"":0.1,""tnr"":0.7,""local_consistency"":0.1}","{""accuracy"":0.7,""tpr"":0.1,""tnr"":0.1,""local_consistency"":0.1}",4,0.871025641025641,0.19053639846743295,0.871025641025641,0.19053639846743295,0.871025641025641,0.19053639846743295,0,0.871025641025641,0.871025641025641,0.871025641025641,0.871025641025641,0,,,40,0.7929585872099214,0.6103228962076966,,,,,,,0.871025641025641,0.7586856673241288,916,self,0.0,0.35071769768534916
compas,aggregate,defendants,judges,"{""accuracy"":0.1,""tpr"":0.1,""tnr"":0.7,""local_consistency"":0.1}","{""accuracy"":0.7,""tpr"":0.1,""tnr"":0.1,""local_consistency"":0.1}",4,0.871025641025641,0.19053639846743295,0.871025641025641,0.19053639846743295,0.871025641025641,0.19053639846743295,0,0.871025641025641,0.871025641025641,0.871025641025641,0.871025641025641,0,,,,,,,,,,,,0.871025641025641,0.7586856673241288,916,self,0.0,0.35071769768534916
compas,negotiate,defendants,judges,"{""accuracy"":0.1,""tpr"":0.1,""tnr"":0.7,""local_consistency"":0.1}","{""accuracy"":0.7,""tpr"":0.1,""tnr"":0.1,""local_consistency"":0.1}",4,0.871025641025641,0.19053639846743295,0.871025641025641,0.19053639846743295,0.871025641025641,0.19053639846743295,0,0.871025641025641,0.871025641025641,0.871025641025641,0.871025641025641,0,0,1,40,0.7929585872099214,0.6103228962076966,40,65,0.7929585872099214,0,self,,0.871025641025641,0.7586856673241288,916,self,0.0,0.35071769768534916
compas,single,defendants,judges,"{""accuracy"":0.1,""tpr"":0.1,""tnr"":0.7,""local_consistency"":0.1}","{""accuracy"":0.7,""tpr"":0.1,""tnr"":0.1,""local_consistency"":0.1}",5,0.7897222222222222,0.2643939393939394,0.18972222222222224,0.8643939393939393,0.4897222222222222,0.5643939393939393,1,0.2643939393939394,0.8643939393939393,0.5643939393939393,0.5643939393939393,0,,,0,0.6534224279222148,0.7029645192969755,,,,,,,0.5643939393939393,0.2285405188246097,713,self,0.005636245134635232,-0.04116421783183142
compas,self_optimal,defendants,judges,"{""accuracy"":0.1,""tpr"":0.1,""tnr"":0.7,""local_consistency"":0.1}","{""accuracy"":0.7,""tpr"":0.1,""tnr"":0.1,""local_consistency"":0.1}",5,0.7897222222222222,0.2643939393939394,0.18972222222222224,0.8643939393939393,0.4897222222222222,0.5643939393939393,0,0.7897222222222222,0.18972222222222224,0.4897222222222222,0.5643939393939393,0.07467171717171711,,,116,0.8034999574552066,0.6090724725894748,,,,,,,0.4897222222222222,0.1498278549382716,713,self,0.005636245134635232,-0.04116421783183142
compas,multi_optimal,defendants,judges,"{""accuracy"":0.1,""tpr"":0.1,""tnr"":0.7,""local_consistency"":0.1}","{""accuracy"":0.7,""tpr"":0.1,""tnr"":0.1,""local_consistency"":0.1}",5,0.7897222222222222,0.2643939393939394,0.18972222222222224,0.8643939393939393,0.4897222222222222,0.5643939393939393,0,0.7897222222222222,0.18972222222222224,0.4897222222222222,0.5643939393939393,0.07467171717171711,,,116,0.8034999574552066,0.6090724725894748,,,,,,,0.4897222222222222,0.1498278549382716,713,self,0.005636245134635232,-0.04116421783183142
compas,aggregate,defendants,judges,"{""accuracy"":0.1,""tpr"":0.1,""tnr"":0.7,""local_consistency"":0.1}","{""accuracy"":0.7,""tpr"":0.1,""tnr"":0.1,""local_consistency"":0.1}",5,0.7897222222222222,0.2643939393939394,0.18972222222222224,0.8643939393939393,0.4897222222222222,0.5643939393939393,1,0.2643939393939394,0.8643939393939393,0.5643939393939393,0.5643939393939393,0,,,,,,,,,,,,0.5643939393939393,0.2285405188246097,713,self,0.005636245134635232,-0.04116421783183142
compas,negotiate,defendants,judges,"{""accuracy"":0.1,""tpr"":0.1,""tnr"":0.7,""local_consistency"":0.1}","{""accuracy"":0.7,""tpr"":0.1,""tnr"":0.1,""local_consistency"":0.1}",5,0.7897222222222222,0.2643939393939394,0.18972222222222224,0.8643939393939393,0.4897222222222222,0.5643939393939393,0,0.7897222222222222,0.18972222222222224,0.4897222222222222,0.5643939393939393,0.07467171717171711,0,1,76,0.7978637123205714,0.6419367707362592,116,0,0.8034999574552066,0.005636245134635232,self,,0.4897222222222222,0.1498278549382716,713,self,0.005636245134635232,-0.04116421783183142
compas,single,defendants,judges,"{""accuracy"":0.1,""tpr"":0.1,""tnr"":0.7,""local_consistency"":0.1}","{""accuracy"":0.7,""tpr"":0.1,""tnr"":0.1,""local_consistency"":0.1}",6,0.8636111111111111,0.19208333333333333,0.8636111111111111,0.19208333333333333,0.8636111111111111,0.19208333333333333,1,0.19208333333333333,0.19208333333333333,0.19208333333333333,0.8636111111111111,0.6715277777777777,,,0,0.6534224279222148,0.7029645192969755,,,,,,,0.19208333333333333,0.03689600694444444,921,self,0.0,0.34511398051697534
compas,self_optimal,defendants,judges,"{""accuracy"":0.1,""tpr"":0.1,""tnr"":0.7,""local_consistency"":0.1}","{""accuracy"":0.7,""tpr"":0.1,""tnr"":0.1,""local_consistency"":0.1}",6,0.8636111111111111,0.19208333333333333,0.8636111111111111,0.19208333333333333,0.8636111111111111,0.19208333333333333,0,0.8636111111111111,0.8636111111111111,0.8636111111111111,0.8636111111111111,0,,,40,0.7829585872099214,0.6003228962076966,,,,,,,0.8636111111111111,0.7458241512345679,921,self,0.0,0.34511398051697534
compas,multi_optimal,defendants,judges,"{""accuracy"":0.1,""tpr"":0.1,""tnr"":0.7,""local_consistency"":0.1}","{""accuracy"":0.7,""tpr"":0.1,""tnr"":0.1,""local_consistency"":0.1}",6,0.8636111111111111,0.19208333333333333,0.8636111111111111,0.19208333333333333,0.8636111111111111,0.19208333333333333,0,0.8636111111111111,0.8636111111111111,0.8636111111111111,0.8636111111111111,0,,,40,0.7829585872099214,0.6003228962076966,,,,,,,0.8636111111111111,0.7458241512345679,921,self,0.0,0.34511398051697534
compas,aggregate,defendants,judges,"{""accuracy"":0.1,""tpr"":0.1,""tnr"":0.7,""local_consistency"":0.1}","{""accuracy"":0.7,""tpr"":0.1,""tnr"":0.1,""local_consistency"":0.1}",6,0.8636111111111111,0.19208333333333333,0.8636111111111111,0.19208333333333333,0.8636111111111111,0.19208333333333333,0,0.8636111111111111,0.8636111111111111,0.8636111111111111,0.8636111111111111,0,,,,,,,,,,,,0.8636111111111111,0.7458241512345679,921,self,0.0,0.34511398051697534
compas,negotiate,defendants,judges,"{""accuracy"":0.1,""tpr"":0.1,""tnr"":0.7,""local_consistency"":0.1}","{""accuracy"":0.7,""tpr"":0.1,""tnr"":0.1,""local_consistency"":0.1}",6,0.8636111111111111,0.19208333333333333,0.8636111111111111,0.19208333333333333,0.8636111111111111,0.19208333333333333,0,0.8636111111111111,0.8636111111111111,0.8636111111111111,0.8636111111111111,0,0,1,40,0.7829585872099214,0.6003228962076966,40,65,0.7829585872099214,0,self,,0.8636111111111111,0.7458241512345679,921,self,0.0,0.34511398051697534
compas,single,defendants,judges,"{""accuracy"":0.1,""tpr"":0.1,""tnr"":0.7,""local_consistency"":0.1}","{""accuracy"":0.7,""tpr"":0.1,""tnr"":0.1,""local_consistency"":0.1}",7,0.8747058823529411,0.18005050505050507,0.8747058823529411,0.18005050505050507,0.8747058823529411,0.18005050505050507,1,0.18005050505050507,0.18005050505050507,0.18005050505050507,0.8747058823529411,0.694655377302436,,,0,0.6467557612555482,0.6962978526303089,,,,,,,0.18005050505050507,0.03241818436894195,796,self,0.0028711186785899123,0.35540133404978785
compas,self_optimal,defendants,judges,"{""accuracy"":0.1,""tpr"":0.1,""tnr"":0.7,""local_consistency"":0.1}","{""accuracy"":0.7,""tpr"":0.1,""tnr"":0.1,""local_consistency"":0.1}",7,0.8747058823529411,0.18005050505050507,0.8747058823529411,0.18005050505050507,0.8747058823529411,0.18005050505050507,0,0.8747058823529411,0.8747058823529411,0.8747058823529411,0.8747058823529411,0,,,71,0.7955160594344083,0.6088807823608843,,,,,,,0.8747058823529411,0.7651103806228372,796,self,0.0028711186785899123,0.35540133404978785
compas,multi_optimal,defendants,judges,"{""accuracy"":0.1,""tpr"":0.1,""tnr"":0.7,""local_consistency"":0.1}","{""accuracy"":0.7,""tpr"":0.1,""tnr"":0.1,""local_consistency"":0.1}",7,0.8747058823529411,0.18005050505050507,0.8747058823529411,0.18005050505050507,0.8747058823529411,0.18005050505050507,0,0.8747058823529411,0.8747058823529411,0.8747058823529411,0.8747058823529411,0,,,71,0.7955160594344083,0.6088807823608843,,,,,,,0.8747058823529411,0.7651103806228372,796,self,0.0028711186785899123,0.35540133404978785
compas,aggregate,defendants,judges,"{""accuracy"":0.1,""tpr"":0.1,""tnr"":0.7,""local_consistency"":0.1}","{""accuracy"":0.7,""tpr"":0.1,""tnr"":0.1,""local_consistency"":0.1}",7,0.8747058823529411,0.18005050505050507,0.8747058823529411,0.18005050505050507,0.8747058823529411,0.18005050505050507,0,0.8747058823529411,0.8747058823529411,0.8747058823529411,0.8747058823529411,0,,,,,,,,,,,,0.8747058823529411,0.7651103806228372,796,self,0.0028711186785899123,0.35540133404978785
compas,negotiate,defendants,judges,"{""accuracy"":0.1,""tpr"":0.1,""tnr"":0.7,""local_consistency"":0.1}","{""accuracy"":0.7,""tpr"":0.1,""tnr"":0.1,""local_consistency"":0.1}",7,0.8747058823529411,0.18005050505050507,0.8747058823529411,0.18005050505050507,0.8747058823529411,0.18005050505050507,0,0.8747058823529411,0.8747058823529411,0.8747058823529411,0.8747058823529411,0,0,1,50,0.7926449407558184,0.6433149878402081,71,18,0.7955160594344083,0.0028711186785899123,self,,0.8747058823529411,0.7651103806228372,796,self,0.0028711186785899123,0.35540133404978785
compas,single,defendants,judges,"{""accuracy"":0.1,""tpr"":0.1,""tnr"":0.7,""local_consistency"":0.1}","{""accuracy"":0.7,""tpr"":0.1,""tnr"":0.1,""local_consistency"":0.1}",8,0.8718181818181817,0.18962962962962965,0.8718181818181817,0.18962962962962965,0.8718181818181817,0.18962962962962965,1,0.18962962962962965,0.18962962962962965,0.18962962962962965,0.8718181818181817,0.682188552188552,,,0,0.6732192612373533,0.6450974079285448,,,,,,,0.18962962962962965,0.035959396433470514,988,self,0.008418056639448723,0.34736499615623606
compas,self_optimal,defendants,judges,"{""accuracy"":0.1,""tpr"":0.1,""tnr"":0.7,""local_consistency"":0.1}","{""accuracy"":0.7,""tpr"":0.1,""tnr"":0.1,""local_consistency"":0.1}",8,0.8718181818181817,0.18962962962962965,0.8718181818181817,0.18962962962962965,0.8718181818181817,0.18962962962962965,0,0.8718181818181817,0.8718181818181817,0.8718181818181817,0.8718181818181817,0,,,113,0.8640510665098676,0.6504748142106852,,,,,,,0.8718181818181817,0.7600669421487601,988,self,0.008418056639448723,0.34736499615623606
compas,multi_optimal,defendants,judges,"{""accuracy"":0.1,""tpr"":0.1,""tnr"":0.7,""local_consistency"":0.1}","{""accuracy"":0.7,""tpr"":0.1,""tnr"":0.1,""local_consistency"":0.1}",8,0.8718181818181817,0.18962962962962965,0.8718181818181817,0.18962962962962965,0.8718181818181817,0.18962962962962965,0,0.8718181818181817,0.8718181818181817,0.8718181818181817,0.8718181818181817,0,,,113,0.8640510665098676,0.6504748142106852,,,,,,,0.8718181818181817,0.7600669421487601,988,self,0.008418056639448723,0.34736499615623606
compas,aggregate,defendants,judges,"{""accuracy"":0.1,""tpr"":0.1,""tnr"":0.7,""local_consistency"":0.1}","{""accuracy"":0.7,""tpr"":0.1,""tnr"":0.1,""local_consistency"":0.1}",8,0.8718181818181817,0.18962962962962965,0.8718181818181817,0.18962962962962965,0.8718181818181817,0.18962962962962965,0,0.8718181818181817,0.8718181818181817,0.8718181818181817,0.8718181818181817,0,,,,,,,,,,,,0.8718181818181817,0.7600669421487601,988,self,0.008418056639448723,0.34736499615623606
compas,negotiate,defendants,judges,"{""accuracy"":0.1,""tpr"":0.1,""tnr"":0.7,""local_consistency"":0.1}","{""accuracy"":0.7,""tpr"":0.1,""tnr"":0.1,""local_consistency"":0.1}",8,0.8718181818181817,0.18962962962962965,0.8718181818181817,0.18962962962962965,0.8718181818181817,0.18962962962962965,0,0.8718181818181817,0.8718181818181817,0.8718181818181817,0.8718181818181817,0,0,1,53,0.8556330098704189,0.6789591379801889,113,86,0.8640510665098676,0.008418056639448723,self,,0.8718181818181817,0.7600669421487601,988,self,0.008418056639448723,0.34736499615623606
compas,single,defendants,community_members,"{""accuracy"":0.1,""tpr"":0.1,""tnr"":0.7,""local_consistency"":0.1}","{""accuracy"":0.1,""tpr"":0.7,""tnr"":0.1,""local_consistency"":0.1}",9,0.7833333333333333,0.2534767025089606,0.18333333333333335,0.8534767025089605,0.48333333333333334,0.5534767025089605,1,0.2534767025089606,0.8534767025089605,0.5534767025089605,0.5534767025089605,0,,,0,0.7780046987749624,0.4288521564020809,,,,,,,0.5534767025089605,0.21633646022019243,464,other,0.14380920416496867,0.3280953979175156
compas,self_optimal,defendants,community_members,"{""accuracy"":0.1,""tpr"":0.1,""tnr"":0.7,""local_consistency"":0.1}","{""accuracy"":0.1,""tpr"":0.7,""tnr"":0.1,""local_consistency"":0.1}",9,0.7833333333333333,0.2534767025089606,0.18333333333333335,0.8534767025089605,0.48333333333333334,0.5534767025089605,0,0.7833333333333333,0.18333333333333335,0.48333333333333334,0.5534767025089605,0.07014336917562719,,,624,0.8584912776991986,0.28706270627062713,,,,,,,0.48333333333333334,0.14361111111111113,464,other,0.14380920416496867,0.3280953979175156
compas,multi_optimal,defendants,community_members,"{""accuracy"":0.1,""tpr"":0.1,""tnr"":0.7,""local_consistency"":0.1}","{""accuracy"":0.1,""tpr"":0.7,""tnr"":0.1,""local_consistency"":0.1}",9,0.7833333333333333,0.2534767025089606,0.18333333333333335,0.8534767025089605,0.48333333333333334,0.5534767025089605,0,0.7833333333333333,0.18333333333333335,0.48333333333333334,0.5534767025089605,0.07014336917562719,,,624,0.8584912776991986,0.28706270627062713,,,,,,,0.48333333333333334,0.14361111111111113,464,other,0.14380920416496867,0.3280953979175156
compas,aggregate,defendants,community_members,"{""accuracy"":0.1,""tpr"":0.1,""tnr"":0.7,""local_consistency"":0.1}","{""accuracy"":0.1,""tpr"":0.7,""tnr"":0.1,""local_consistency"":0.1}",9,0.7833333333333333,0.2534767025089606,0.18333333333333335,0.8534767025089605,0.48333333333333334,0.5534767025089605,1,0.2534767025089606,0.8534767025089605,0.5534767025089605,0.5534767025089605,0,,,,,,,,,,,,0.5534767025089605,0.21633646022019243,464,other,0.14380920416496867,0.3280953979175156
compas,negotiate,defendants,community_members,"{""accuracy"":0.1,""tpr"":0.1,""tnr"":0.7,""local_consistency"":0.1}","{""accuracy"":0.1,""tpr"":0.7,""tnr"":0.1,""local_consistency"":0.1}",9,0.7833333333333333,0.2534767025089606,0.18333333333333335,0.8534767025089605,0.48333333333333334,0.5534767025089605,1,0.2534767025089606,0.8534767025089605,0.5534767025089605,0.5534767025089605,0,1,1,9,0.71468207353423,0.6691614924204285,624,22,0.8584912776991986,0.14380920416496867,other,,0.5534767025089605,0.21633646022019243,464,other,0.14380920416496867,0.3280953979175156
compas,single,defendants,judges,"{""accuracy"":0.1,""tpr"":0.1,""tnr"":0.7,""local_consistency"":0.1}","{""accuracy"":0.7,""tpr"":0.1,""tnr"":0.1,""local_consistency"":0.1}",10,0.8889814814814814,0.19130952380952382,0.8889814814814814,0.19130952380952382,0.8889814814814814,0.19130952380952382,1,0.19130952380952382,0.19130952380952382,0.19130952380952382,0.8889814814814814,0.6976719576719576,,,0,0.6200890945888815,0.6696311859636421,,,,,,,0.19130952380952382,0.03659933390022676,966,self,0.0023029118013019323,0.36168871864653407
compas,self_optimal,defendants,judges,"{""accuracy"":0.1,""tpr"":0.1,""tnr"":0.7,""local_consistency"":0.1}","{""accuracy"":0.7,""tpr"":0.1,""tnr"":0.1,""local_consistency"":0.1}",10,0.8889814814814814,0.19130952380952382,0.8889814814814814,0.19130952380952382,0.8889814814814814,0.19130952380952382,0,0.8889814814814814,0.8889814814814814,0.8889814814814814,0.8889814814814814,0,,,116,0.8034999574552066,0.6090724725894748,,,,,,,0.8889814814814814,0.7902880744170094,966,self,0.0023029118013019323,0.36168871864653407
compas,multi_optimal,defendants,judges,"{""accuracy"":0.1,""tpr"":0.1,""tnr"":0.7,""local_consistency"":0.1}","{""accuracy"":0.7,""tpr"":0.1,""tnr"":0.1,""local_consistency"":0.1}",10,0.8889814814814814,0.19130952380952382,0.8889814814814814,0.19130952380952382,0.8889814814814814,0.19130952380952382,0,0.8889814814814814,0.8889814814814814,0.8889814814814814,0.8889814814814814,0,,,116,0.8034999574552066,0.6090724725894748,,,,,,,0.8889814814814814,0.7902880744170094,966,self,0.0023029118013019323,0.36168871864653407
compas,aggregate,defendants,judges,"{""accuracy"":0.1,""tpr"":0.1,""tnr"":0.7,""local_consistency"":0.1}","{""accuracy"":0.7,""tpr"":0.1,""tnr"":0.1,""local_consistency"":0.1}",10,0.8889814814814814,0.19130952380952382,0.8889814814814814,0.19130952380952382,0.8889814814814814,0.19130952380952382,0,0.8889814814814814,0.8889814814814814,0.8889814814814814,0.8889814814814814,0,,,,,,,,,,,,0.8889814814814814,0.7902880744170094,966,self,0.0023029118013019323,0.36168871864653407
compas,negotiate,defendants,judges,"{""accuracy"":0.1,""tpr"":0.1,""tnr"":0.7,""local_consistency"":0.1}","{""accuracy"":0.7,""tpr"":0.1,""tnr"":0.1,""local_consistency"":0.1}",10,0.8889814814814814,0.19130952380952382,0.8889814814814814,0.19130952380952382,0.8889814814814814,0.19130952380952382,0,0.8889814814814814,0.8889814814814814,0.8889814814814814,0.8889814814814814,0,0,1,76,0.8011970456539047,0.6452701040695925,116,45,0.8034999574552066,0.0023029118013019323,self,,0.8889814814814814,0.7902880744170094,966,self,0.0023029118013019323,0.36168871864653407
compas,single,defendants,community_members,"{""accuracy"":0.1,""tpr"":0.1,""tnr"":0.7,""local_consistency"":0.1}","{""accuracy"":0.1,""tpr"":0.7,""tnr"":0.1,""local_consistency"":0.1}",11,0.7787499999999999,0.2725,0.17875000000000002,0.8724999999999999,0.47875,0.5725,1,0.2725,0.8724999999999999,0.5725,0.5725,0,,,0,0.7896421845574388,0.4016949152542373,,,,,,,0.5725,0.23775625,568,other,0.12212357636086457,0.3389382118195676
compas,self_optimal,defendants,community_members,"{""accuracy"":0.1,""tpr"":0.1,""tnr"":0.7,""local_consistency"":0.1}","{""accuracy"":0.1,""tpr"":0.7,""tnr"":0.1,""local_consistency"":0.1}",11,0.7787499999999999,0.2725,0.17875000000000002,0.8724999999999999,0.47875,0.5725,0,0.7787499999999999,0.17875000000000002,0.47875,0.5725,0.09375,,,35,0.88994708994709,0.31851851851851853,,,,,,,0.47875,0.13920156250000001,568,other,0.12212357636086457,0.3389382118195676
compas,multi_optimal,defendants,community_members,"{""accuracy"":0.1,""tpr"":0.1,""tnr"":0.7,""local_consistency"":0.1}","{""accuracy"":0.1,""tpr"":0.7,""tnr"":0.1,""local_consistency"":0.1}",11,0.7787499999999999,0.2725,0.17875000000000002,0.8724999999999999,0.47875,0.5725,0,0.7787499999999999,0.17875000000000002,0.47875,0.5725,0.09375,,,35,0.88994708994709,0.31851851851851853,,,,,,,0.47875,0.13920156250000001,568,other,0.12212357636086457,0.3389382118195676
compas,aggregate,defendants,community_members,"{""accuracy"":0.1,""tpr"":0.1,""tnr"":0.7,""local_consistency"":0.1}","{""accuracy"":0.1,""tpr"":0.7,""tnr"":0.1,""local_consistency"":0.1}",11,0.7787499999999999,0.2725,0.17875000000000002,0.8724999999999999,0.47875,0.5725,0,0.7787499999999999,0.17875000000000002,0.47875,0.5725,0.09375,,,,,,,,,,,,0.47875,0.13920156250000001,568,other,0.12212357636086457,0.3389382118195676
compas,negotiate,defendants,community_members,"{""accuracy"":0.1,""tpr"":0.1,""tnr"":0.7,""local_consistency"":0.1}","{""accuracy"":0.1,""tpr"":0.7,""tnr"":0.1,""local_consistency"":0.1}",11,0.7787499999999999,0.2725,0.17875000000000002,0.8724999999999999,0.47875,0.5725,1,0.2725,0.8724999999999999,0.5725,0.5725,0,1,1,40,0.7678235135862255,0.64030131826742,35,22,0.88994708994709,0.12212357636086457,other,,0.5725,0.23775625,568,other,0.12212357636086457,0.3389382118195676
compas,single,defendants,community_members,"{""accuracy"":0.1,""tpr"":0.1,""tnr"":0.7,""local_consistency"":0.1}","{""accuracy"":0.1,""tpr"":0.7,""tnr"":0.1,""local_consistency"":0.1}",12,0.8825925925925926,0.1702283105022831,0.2825925925925926,0.770228310502283,0.5825925925925926,0.4702283105022831,1,0.1702283105022831,0.770228310502283,0.4702283105022831,0.5825925925925926,0.11236428209030946,,,0,0.6800327328195962,0.6023565652295377,,,,,,,0.4702283105022831,0.13111466399783156,504,other,0.14777359964597114,0.3261132001770144
compas,self_optimal,defendants,community_members,"{""accuracy"":0.1,""tpr"":0.1,""tnr"":0.7,""local_consistency"":0.1}","{""accuracy"":0.1,""tpr"":0.7,""tnr"":0.1,""local_consistency"":0.1}",12,0.8825925925925926,0.1702283105022831,0.2825925925925926,0.770228310502283,0.5825925925925926,0.4702283105022831,0,0.8825925925925926,0.2825925925925926,0.5825925925925926,0.5825925925925926,0,,,71,0.8715014326789241,0.33800344634067353,,,,,,,0.5825925925925926,0.24941412894375858,504,other,0.14777359964597114,0.3261132001770144
compas,multi_optimal,defendants,community_members,"{""accuracy"":0.1,""tpr"":0.1,""tnr"":0.7,""local_consistency"":0.1}","{""accuracy"":0.1,""tpr"":0.7,""tnr"":0.1,""local_consistency"":0.1}",12,0.8825925925925926,0.1702283105022831,0.2825925925925926,0.770228310502283,0.5825925925925926,0.4702283105022831,0,0.8825925925925926,0.2825925925925926,0.5825925925925926,0.5825925925925926,0,,,71,0.8715014326789241,0.33800344634067353,,,,,,,0.5825925925925926,0.24941412894375858,504,other,0.14777359964597114,0.3261132001770144
compas,aggregate,defendants,community_members,"{""accuracy"":0.1,""tpr"":0.1,""tnr"":0.7,""local_consistency"":0.1}","{""accuracy"":0.1,""tpr"":0.7,""tnr"":0.1,""local_consistency"":0.1}",12,0.8825925925925926,0.1702283105022831,0.2825925925925926,0.770228310502283,0.5825925925925926,0.4702283105022831,1,0.1702283105022831,0.770228310502283,0.4702283105022831,0.5825925925925926,0.11236428209030946,,,,,,,,,,,,0.4702283105022831,0.13111466399783156,504,other,0.14777359964597114,0.3261132001770144
compas,negotiate,defendants,community_members,"{""accuracy"":0.1,""tpr"":0.1,""tnr"":0.7,""local_consistency"":0.1}","{""accuracy"":0.1,""tpr"":0.7,""tnr"":0.1,""local_consistency"":0.1}",12,0.8825925925925926,0.1702283105022831,0.2825925925925926,0.770228310502283,0.5825925925925926,0.4702283105022831,1,0.1702283105022831,0.770228310502283,0.4702283105022831,0.5825925925925926,0.11236428209030946,1,1,35,0.723727833032953,0.6332354315466258,71,26,0.8715014326789241,0.14777359964597114,other,,0.4702283105022831,0.13111466399783156,504,other,0.14777359964597114,0.3261132001770144
compas,single,defendants,judges,"{""accuracy"":0.1,""tpr"":0.1,""tnr"":0.7,""local_consistency"":0.1}","{""accuracy"":0.7,""tpr"":0.1,""tnr"":0.1,""local_consistency"":0.1}",13,0.8634523809523809,0.17780303030303032,0.8634523809523809,0.17780303030303032,0.8634523809523809,0.17780303030303032,1,0.17780303030303032,0.17780303030303032,0.17780303030303032,0.8634523809523809,0.6856493506493505,,,0,0.6300890945888815,0.6796311859636421,,,,,,,0.17780303030303032,0.03161391758494032,740,self,0.005636245134635232,0.34707823924186876
compas,self_optimal,defendants,judges,"{""accuracy"":0.1,""tpr"":0.1,""tnr"":0.7,""local_consistency"":0.1}","{""accuracy"":0.7,""tpr"":0.1,""tnr"":0.1,""local_consistency"":0.1}",13,0.8634523809523809,0.17780303030303032,0.8634523809523809,0.17780303030303032,0.8634523809523809,0.17780303030303032,0,0.8634523809523809,0.8634523809523809,0.8634523809523809,0.8634523809523809,0,,,116,0.8034999574552066,0.6090724725894748,,,,,,,0.8634523809523809,0.7455500141723355,740,self,0.005636245134635232,0.34707823924186876
compas,multi_optimal,defendants,judges,"{""accuracy"":0.1,""tpr"":0.1,""tnr"":0.7,""local_consistency"":0.1}","{""accuracy"":0.7,""tpr"":0.1,""tnr"":0.1,""local_consistency"":0.1}",13,0.8634523809523809,0.17780303030303032,0.8634523809523809,0.17780303030303032,0.8634523809523809,0.17780303030303032,0,0.8634523809523809,0.8634523809523809,0.8634523809523809,0.8634523809523809,0,,,116,0.8034999574552066,0.6090724725894748,,,,,,,0.8634523809523809,0.7455500141723355,740,self,0.005636245134635232,0.34707823924186876
compas,aggregate,defendants,judges,"{""accuracy"":0.1,""tpr"":0.1,""tnr"":0.7,""local_consistency"":0.1}","{""accuracy"":0.7,""tpr"":0.1,""tnr"":0.1,""local_consistency"":0.1}",13,0.8634523809523809,0.17780303030303032,0.8634523809523809,0.17780303030303032,0.8634523809523809,0.17780303030303032,0,0.8634523809523809,0.8634523809523809,0.8634523809523809,0.8634523809523809,0,,,,,,,,,,,,0.8634523809523809,0.7455500141723355,740,self,0.005636245134635232,0.34707823924186876
compas,negotiate,defendants,judges,"{""accuracy"":0.1,""tpr"":0.1,""tnr"":0.7,""local_consistency"":0.1}","{""accuracy"":0.7,""tpr"":0.1,""tnr"":0.1,""local_consistency"":0.1}",13,0.8634523809523809,0.17780303030303032,0.8634523809523809,0.17780303030303032,0.8634523809523809,0.17780303030303032,0,0.8634523809523809,0.8634523809523809,0.8634523809523809,0.8634523809523809,0,0,1,76,0.7978637123205714,0.6419367707362592,116,23,0.8034999574552066,0.005636245134635232,self,,0.8634523809523809,0.7455500141723355,740,self,0.005636245134635232,0.34707823924186876
compas,single,defendants,fairness_advocates,"{""accuracy"":0.1,""tpr"":0.1,""tnr"":0.7,""local_consistency"":0.1}","{""accuracy"":0.1,""tpr"":0.1,""tnr"":0.1,""local_consistency"":0.7}",14,0.7949479166666666,0.23870370370370372,0.7646354166666666,0.4709259259259259,0.7797916666666667,0.3548148148148148,1,0.23870370370370372,0.4709259259259259,0.3548148148148148,0.7797916666666667,0.42497685185185186,,,0,0.6541068068936703,0.7038171807746603,,,,,,,0.3548148148148148,0.11241176268861455,1010,self,0.03282676575514165,0.21368922228541729
compas,self_optimal,defendants,fairness_advocates,"{""accuracy"":0.1,""tpr"":0.1,""tnr"":0.7,""local_consistency"":0.1}","{""accuracy"":0.1,""tpr"":0.1,""tnr"":0.1,""local_consistency"":0.7}",14,0.7949479166666666,0.23870370370370372,0.7646354166666666,0.4709259259259259,0.7797916666666667,0.3548148148148148,0,0.7949479166666666,0.7646354166666666,0.7797916666666667,0.7797916666666667,0,,,113,0.8932536768796031,0.8995727922034578,,,,,,,0.7797916666666667,0.6078453314887152,1010,self,0.03282676575514165,0.21368922228541729
compas,multi_optimal,defendants,fairness_advocates,"{""accuracy"":0.1,""tpr"":0.1,""tnr"":0.7,""local_consistency"":0.1}","{""accuracy"":0.1,""tpr"":0.1,""tnr"":0.1,""local_consistency"":0.7}",14,0.7949479166666666,0.23870370370370372,0.7646354166666666,0.4709259259259259,0.7797916666666667,0.3548148148148148,0,0.7949479166666666,0.7646354166666666,0.7797916666666667,0.7797916666666667,0,,,113,0.8932536768796031,0.8995727922034578,,,,,,,0.7797916666666667,0.6078453314887152,1010,self,0.03282676575514165,0.21368922228541729
compas,aggregate,defendants,fairness_advocates,"{""accuracy"":0.1,""tpr"":0.1,""tnr"":0.7,""local_consistency"":0.1}","{""accuracy"":0.1,""tpr"":0.1,""tnr"":0.1,""local_consistency"":0.7}",14,0.7949479166666666,0.23870370370370372,0.7646354166666666,0.4709259259259259,0.7797916666666667,0.3548148148148148,0,0.7949479166666666,0.7646354166666666,0.7797916666666667,0.7797916666666667,0,,,,,,,,,,,,0.7797916666666667,0.6078453314887152,1010,self,0.03282676575514165,0.21368922228541729
compas,negotiate,defendants,fairness_advocates,"{""accuracy"":0.1,""tpr"":0.1,""tnr"":0.7,""local_consistency"":0.1}","{""accuracy"":0.1,""tpr"":0.1,""tnr"":0.1,""local_consistency"":0.7}",14,0.7949479166666666,0.23870370370370372,0.7646354166666666,0.4709259259259259,0.7797916666666667,0.3548148148148148,0,0.7949479166666666,0.7646354166666666,0.7797916666666667,0.7797916666666667,0,0,1,76,0.8604269111244615,0.9109798337152987,113,35,0.8932536768796031,0.03282676575514165,self,,0.7797916666666667,0.6078453314887152,1010,self,0.03282676575514165,0.21368922228541729
compas,single,defendants,community_members,"{""accuracy"":0.1,""tpr"":0.1,""tnr"":0.7,""local_consistency"":0.1}","{""accuracy"":0.1,""tpr"":0.7,""tnr"":0.1,""local_consistency"":0.1}",15,0.8787499999999999,0.1725,0.27875,0.7725,0.57875,0.4725,1,0.1725,0.7725,0.4725,0.57875,0.10625000000000001,,,0,0.7896421845574388,0.4016949152542373,,,,,,,0.4725,0.13325625,567,other,0.12212357636086457,0.3389382118195677
compas,self_optimal,defendants,community_members,"{""accuracy"":0.1,""tpr"":0.1,""tnr"":0.7,""local_consistency"":0.1}","{""accuracy"":0.1,""tpr"":0.7,""tnr"":0.1,""local_consistency"":0.1}",15,0.8787499999999999,0.1725,0.27875,0.7725,0.57875,0.4725,0,0.8787499999999999,0.27875,0.57875,0.57875,0,,,35,0.88994708994709,0.31851851851851853,,,,,,,0.57875,0.24495156249999997,567,other,0.12212357636086457,0.3389382118195677
compas,multi_optimal,defendants,community_members,"{""accuracy"":0.1,""tpr"":0.1,""tnr"":0.7,""local_consistency"":0.1}","{""accuracy"":0.1,""tpr"":0.7,""tnr"":0.1,""local_consistency"":0.1}",15,0.8787499999999999,0.1725,0.27875,0.7725,0.57875,0.4725,0,0.8787499999999999,0.27875,0.57875,0.57875,0,,,35,0.88994708994709,0.31851851851851853,,,,,,,0.57875,0.24495156249999997,567,other,0.12212357636086457,0.3389382118195677
compas,aggregate,defendants,community_members,"{""accuracy"":0.1,""tpr"":0.1,""tnr"":0.7,""local_consistency"":0.1}","{""accuracy"":0.1,""tpr"":0.7,""tnr"":0.1,""local_consistency"":0.1}",15,0.8787499999999999,0.1725,0.27875,0.7725,0.57875,0.4725,0,0.8787499999999999,0.27875,0.57875,0.57875,0,,,,,,,,,,,,0.57875,0.24495156249999997,567,other,0.12212357636086457,0.3389382118195677
compas,negotiate,defendants,community_members,"{""accuracy"":0.1,""tpr"":0.1,""tnr"":0.7,""local_consistency"":0.1}","{""accuracy"":0.1,""tpr"":0.7,""tnr"":0.1,""local_consistency"":0.1}",15,0.8787499999999999,0.1725,0.27875,0.7725,0.57875,0.4725,1,0.1725,0.7725,0.4725,0.57875,0.10625000000000001,1,1,40,0.7678235135862255,0.64030131826742,35,22,0.88994708994709,0.12212357636086457,other,,0.4725,0.13325625,567,other,0.12212357636086457,0.3389382118195677
compas,single,defendants,judges,"{""accuracy"":0.1,""tpr"":0.1,""tnr"":0.7,""local_consistency"":0.1}","{""accuracy"":0.7,""tpr"":0.1,""tnr"":0.1,""local_consistency"":0.1}",16,0.7939080459770115,0.29089201877934273,0.1939080459770115,0.8908920187793427,0.4939080459770115,0.5908920187793427,1,0.29089201877934273,0.8908920187793427,0.5908920187793427,0.5908920187793427,0,,,0,0.6500890945888815,0.6996311859636422,,,,,,,0.5908920187793427,0.2591533778571271,866,self,0.06573871794494834,-0.08341740716713134
compas,self_optimal,defendants,judges,"{""accuracy"":0.1,""tpr"":0.1,""tnr"":0.7,""local_consistency"":0.1}","{""accuracy"":0.7,""tpr"":0.1,""tnr"":0.1,""local_consistency"":0.1}",16,0.7939080459770115,0.29089201877934273,0.1939080459770115,0.8908920187793427,0.4939080459770115,0.5908920187793427,0,0.7939080459770115,0.1939080459770115,0.4939080459770115,0.5908920187793427,0.09698397280233123,,,116,0.8068332907885399,0.6124058059228081,,,,,,,0.4939080459770115,0.1539451578808297,866,self,0.06573871794494834,-0.08341740716713134
compas,multi_optimal,defendants,judges,"{""accuracy"":0.1,""tpr"":0.1,""tnr"":0.7,""local_consistency"":0.1}","{""accuracy"":0.7,""tpr"":0.1,""tnr"":0.1,""local_consistency"":0.1}",16,0.7939080459770115,0.29089201877934273,0.1939080459770115,0.8908920187793427,0.4939080459770115,0.5908920187793427,0,0.7939080459770115,0.1939080459770115,0.4939080459770115,0.5908920187793427,0.09698397280233123,,,116,0.8068332907885399,0.6124058059228081,,,,,,,0.4939080459770115,0.1539451578808297,866,self,0.06573871794494834,-0.08341740716713134
compas,aggregate,defendants,judges,"{""accuracy"":0.1,""tpr"":0.1,""tnr"":0.7,""local_consistency"":0.1}","{""accuracy"":0.7,""tpr"":0.1,""tnr"":0.1,""local_consistency"":0.1}",16,0.7939080459770115,0.29089201877934273,0.1939080459770115,0.8908920187793427,0.4939080459770115,0.5908920187793427,1,0.29089201877934273,0.8908920187793427,0.5908920187793427,0.5908920187793427,0,,,,,,,,,,,,0.5908920187793427,0.2591533778571271,866,self,0.06573871794494834,-0.08341740716713134
compas,negotiate,defendants,judges,"{""accuracy"":0.1,""tpr"":0.1,""tnr"":0.7,""local_consistency"":0.1}","{""accuracy"":0.7,""tpr"":0.1,""tnr"":0.1,""local_consistency"":0.1}",16,0.7939080459770115,0.29089201877934273,0.1939080459770115,0.8908920187793427,0.4939080459770115,0.5908920187793427,0,0.7939080459770115,0.1939080459770115,0.4939080459770115,0.5908920187793427,0.09698397280233123,0,1,4,0.7410945728435916,0.6718236047678426,116,65,0.8068332907885399,0.06573871794494834,self,,0.4939080459770115,0.1539451578808297,866,self,0.06573871794494834,-0.08341740716713134
compas,single,defendants,community_members,"{""accuracy"":0.1,""tpr"":0.1,""tnr"":0.7,""local_consistency"":0.1}","{""accuracy"":0.1,""tpr"":0.7,""tnr"":0.1,""local_consistency"":0.1}",17,0.7787499999999999,0.2725,0.17875000000000002,0.8724999999999999,0.47875,0.5725,1,0.2725,0.8724999999999999,0.5725,0.5725,0,,,0,0.7896421845574388,0.4016949152542373,,,,,,,0.5725,0.23775625,570,other,0.12212357636086457,0.3389382118195676
compas,self_optimal,defendants,community_members,"{""accuracy"":0.1,""tpr"":0.1,""tnr"":0.7,""local_consistency"":0.1}","{""accuracy"":0.1,""tpr"":0.7,""tnr"":0.1,""local_consistency"":0.1}",17,0.7787499999999999,0.2725,0.17875000000000002,0.8724999999999999,0.47875,0.5725,0,0.7787499999999999,0.17875000000000002,0.47875,0.5725,0.09375,,,35,0.88994708994709,0.31851851851851853,,,,,,,0.47875,0.13920156250000001,570,other,0.12212357636086457,0.3389382118195676
compas,multi_optimal,defendants,community_members,"{""accuracy"":0.1,""tpr"":0.1,""tnr"":0.7,""local_consistency"":0.1}","{""accuracy"":0.1,""tpr"":0.7,""tnr"":0.1,""local_consistency"":0.1}",17,0.7787499999999999,0.2725,0.17875000000000002,0.8724999999999999,0.47875,0.5725,0,0.7787499999999999,0.17875000000000002,0.47875,0.5725,0.09375,,,35,0.88994708994709,0.31851851851851853,,,,,,,0.47875,0.13920156250000001,570,other,0.12212357636086457,0.3389382118195676
compas,aggregate,defendants,community_members,"{""accuracy"":0.1,""tpr"":0.1,""tnr"":0.7,""local_consistency"":0.1}","{""accuracy"":0.1,""tpr"":0.7,""tnr"":0.1,""local_consistency"":0.1}",17,0.7787499999999999,0.2725,0.17875000000000002,0.8724999999999999,0.47875,0.5725,0,0.7787499999999999,0.17875000000000002,0.47875,0.5725,0.09375,,,,,,,,,,,,0.47875,0.13920156250000001,570,other,0.12212357636086457,0.3389382118195676
compas,negotiate,defendants,community_members,"{""accuracy"":0.1,""tpr"":0.1,""tnr"":0.7,""local_consistency"":0.1}","{""accuracy"":0.1,""tpr"":0.7,""tnr"":0.1,""local_consistency"":0.1}",17,0.7787499999999999,0.2725,0.17875000000000002,0.8724999999999999,0.47875,0.5725,1,0.2725,0.8724999999999999,0.5725,0.5725,0,1,1,40,0.7678235135862255,0.64030131826742,35,22,0.88994708994709,0.12212357636086457,other,,0.5725,0.23775625,570,other,0.12212357636086457,0.3389382118195676
compas,single,defendants,judges,"{""accuracy"":0.1,""tpr"":0.1,""tnr"":0.7,""local_consistency"":0.1}","{""accuracy"":0.7,""tpr"":0.1,""tnr"":0.1,""local_consistency"":0.1}",18,0.8940350877192982,0.18236559139784947,0.8940350877192982,0.18236559139784947,0.8940350877192982,0.18236559139784947,1,0.18236559139784947,0.18236559139784947,0.18236559139784947,0.8940350877192982,0.7116694963214487,,,0,0.6100890945888815,0.6596311859636421,,,,,,,0.18236559139784947,0.03325720892588739,843,self,0.04388011634553135,0.347487698194438
compas,self_optimal,defendants,judges,"{""accuracy"":0.1,""tpr"":0.1,""tnr"":0.7,""local_consistency"":0.1}","{""accuracy"":0.7,""tpr"":0.1,""tnr"":0.1,""local_consistency"":0.1}",18,0.8940350877192982,0.18236559139784947,0.8940350877192982,0.18236559139784947,0.8940350877192982,0.18236559139784947,0,0.8940350877192982,0.8940350877192982,0.8940350877192982,0.8940350877192982,0,,,116,0.8068332907885399,0.6124058059228081,,,,,,,0.8940350877192982,0.7992987380732532,843,self,0.04388011634553135,0.347487698194438
compas,multi_optimal,defendants,judges,"{""accuracy"":0.1,""tpr"":0.1,""tnr"":0.7,""local_consistency"":0.1}","{""accuracy"":0.7,""tpr"":0.1,""tnr"":0.1,""local_consistency"":0.1}",18,0.8940350877192982,0.18236559139784947,0.8940350877192982,0.18236559139784947,0.8940350877192982,0.18236559139784947,0,0.8940350877192982,0.8940350877192982,0.8940350877192982,0.8940350877192982,0,,,116,0.8068332907885399,0.6124058059228081,,,,,,,0.8940350877192982,0.7992987380732532,843,self,0.04388011634553135,0.347487698194438
compas,aggregate,defendants,judges,"{""accuracy"":0.1,""tpr"":0.1,""tnr"":0.7,""local_consistency"":0.1}","{""accuracy"":0.7,""tpr"":0.1,""tnr"":0.1,""local_consistency"":0.1}",18,0.8940350877192982,0.18236559139784947,0.8940350877192982,0.18236559139784947,0.8940350877192982,0.18236559139784947,0,0.8940350877192982,0.8940350877192982,0.8940350877192982,0.8940350877192982,0,,,,,,,,,,,,0.8940350877192982,0.7992987380732532,843,self,0.04388011634553135,0.347487698194438
compas,negotiate,defendants,judges,"{""accuracy"":0.1,""tpr"":0.1,""tnr"":0.7,""local_consistency"":0.1}","{""accuracy"":0.7,""tpr"":0.1,""tnr"":0.1,""local_consistency"":0.1}",18,0.8940350877192982,0.18236559139784947,0.8940350877192982,0.18236559139784947,0.8940350877192982,0.18236559139784947,0,0.8940350877192982,0.8940350877192982,0.8940350877192982,0.8940350877192982,0,0,1,3,0.7629531744430086,0.6740982047115448,116,65,0.8068332907885399,0.04388011634553135,self,,0.8940350877192982,0.7992987380732532,843,self,0.04388011634553135,0.347487698194438
compas,single,defendants,community_members,"{""accuracy"":0.1,""tpr"":0.1,""tnr"":0.7,""local_consistency"":0.1}","{""accuracy"":0.1,""tpr"":0.7,""tnr"":0.1,""local_consistency"":0.1}",19,0.7787499999999999,0.2725,0.17875000000000002,0.8724999999999999,0.47875,0.5725,1,0.2725,0.8724999999999999,0.5725,0.5725,0,,,0,0.7896421845574388,0.4016949152542373,,,,,,,0.5725,0.23775625,571,other,0.12212357636086457,0.3389382118195676
compas,self_optimal,defendants,community_members,"{""accuracy"":0.1,""tpr"":0.1,""tnr"":0.7,""local_consistency"":0.1}","{""accuracy"":0.1,""tpr"":0.7,""tnr"":0.1,""local_consistency"":0.1}",19,0.7787499999999999,0.2725,0.17875000000000002,0.8724999999999999,0.47875,0.5725,0,0.7787499999999999,0.17875000000000002,0.47875,0.5725,0.09375,,,35,0.88994708994709,0.31851851851851853,,,,,,,0.47875,0.13920156250000001,571,other,0.12212357636086457,0.3389382118195676
compas,multi_optimal,defendants,community_members,"{""accuracy"":0.1,""tpr"":0.1,""tnr"":0.7,""local_consistency"":0.1}","{""accuracy"":0.1,""tpr"":0.7,""tnr"":0.1,""local_consistency"":0.1}",19,0.7787499999999999,0.2725,0.17875000000000002,0.8724999999999999,0.47875,0.5725,0,0.7787499999999999,0.17875000000000002,0.47875,0.5725,0.09375,,,35,0.88994708994709,0.31851851851851853,,,,,,,0.47875,0.13920156250000001,571,other,0.12212357636086457,0.3389382118195676
compas,aggregate,defendants,community_members,"{""accuracy"":0.1,""tpr"":0.1,""tnr"":0.7,""local_consistency"":0.1}","{""accuracy"":0.1,""tpr"":0.7,""tnr"":0.1,""local_consistency"":0.1}",19,0.7787499999999999,0.2725,0.17875000000000002,0.8724999999999999,0.47875,0.5725,0,0.7787499999999999,0.17875000000000002,0.47875,0.5725,0.09375,,,,,,,,,,,,0.47875,0.13920156250000001,571,other,0.12212357636086457,0.3389382118195676
compas,negotiate,defendants,community_members,"{""accuracy"":0.1,""tpr"":0.1,""tnr"":0.7,""local_consistency"":0.1}","{""accuracy"":0.1,""tpr"":0.7,""tnr"":0.1,""local_consistency"":0.1}",19,0.7787499999999999,0.2725,0.17875000000000002,0.8724999999999999,0.47875,0.5725,1,0.2725,0.8724999999999999,0.5725,0.5725,0,1,1,40,0.7678235135862255,0.64030131826742,35,22,0.88994708994709,0.12212357636086457,other,,0.5725,0.23775625,571,other,0.12212357636086457,0.3389382118195676
compas,single,fairness_advocates,community_members,"{""accuracy"":0.1,""tpr"":0.1,""tnr"":0.1,""local_consistency"":0.7}","{""accuracy"":0.1,""tpr"":0.7,""tnr"":0.1,""local_consistency"":0.1}",0,0.7242962962962962,0.5826666666666667,0.1891851851851852,0.8546666666666666,0.4567407407407407,0.7186666666666666,0,0.7242962962962962,0.1891851851851852,0.4567407407407407,0.7186666666666666,0.26192592592592584,,,0,0.8852986622561418,0.6023565652295377,,,,,,,0.4567407407407407,0.13702612894375857,38,other,0.12708566653563658,0.36121559745920495
compas,self_optimal,fairness_advocates,community_members,"{""accuracy"":0.1,""tpr"":0.1,""tnr"":0.1,""local_consistency"":0.7}","{""accuracy"":0.1,""tpr"":0.7,""tnr"":0.1,""local_consistency"":0.1}",0,0.7242962962962962,0.5826666666666667,0.1891851851851852,0.8546666666666666,0.4567407407407407,0.7186666666666666,0,0.7242962962962962,0.1891851851851852,0.4567407407407407,0.7186666666666666,0.26192592592592584,,,35,0.9196204080724474,0.6332354315466258,,,,,,,0.4567407407407407,0.13702612894375857,38,other,0.12708566653563658,0.36121559745920495
compas,multi_optimal,fairness_advocates,community_members,"{""accuracy"":0.1,""tpr"":0.1,""tnr"":0.1,""local_consistency"":0.7}","{""accuracy"":0.1,""tpr"":0.7,""tnr"":0.1,""local_consistency"":0.1}",0,0.7242962962962962,0.5826666666666667,0.1891851851851852,0.8546666666666666,0.4567407407407407,0.7186666666666666,0,0.7242962962962962,0.1891851851851852,0.4567407407407407,0.7186666666666666,0.26192592592592584,,,35,0.9196204080724474,0.6332354315466258,,,,,,,0.4567407407407407,0.13702612894375857,38,other,0.12708566653563658,0.36121559745920495
compas,aggregate,fairness_advocates,community_members,"{""accuracy"":0.1,""tpr"":0.1,""tnr"":0.1,""local_consistency"":0.7}","{""accuracy"":0.1,""tpr"":0.7,""tnr"":0.1,""local_consistency"":0.1}",0,0.7242962962962962,0.5826666666666667,0.1891851851851852,0.8546666666666666,0.4567407407407407,0.7186666666666666,0,0.7242962962962962,0.1891851851851852,0.4567407407407407,0.7186666666666666,0.26192592592592584,,,,,,,,,,,,0.4567407407407407,0.13702612894375857,38,other,0.12708566653563658,0.36121559745920495
compas,negotiate,fairness_advocates,community_members,"{""accuracy"":0.1,""tpr"":0.1,""tnr"":0.1,""local_consistency"":0.7}","{""accuracy"":0.1,""tpr"":0.7,""tnr"":0.1,""local_consistency"":0.1}",0,0.7242962962962962,0.5826666666666667,0.1891851851851852,0.8546666666666666,0.4567407407407407,0.7186666666666666,1,0.5826666666666667,0.8546666666666666,0.7186666666666666,0.7186666666666666,0,1,1,129,0.7925347415368108,0.6735989042911146,35,26,0.9196204080724474,0.12708566653563658,other,,0.7186666666666666,0.49798577777777775,38,other,0.12708566653563658,0.36121559745920495
compas,single,fairness_advocates,defendants,"{""accuracy"":0.1,""tpr"":0.1,""tnr"":0.1,""local_consistency"":0.7}","{""accuracy"":0.1,""tpr"":0.1,""tnr"":0.7,""local_consistency"":0.1}",1,0.7223809523809523,0.6801307189542483,0.874625850340136,0.18287581699346406,0.7985034013605441,0.4315032679738562,1,0.6801307189542483,0.18287581699346406,0.4315032679738562,0.7985034013605441,0.3670001333866879,,,0,0.8852986622561418,0.6800327328195962,,,,,,,0.4315032679738562,0.12437946089111024,477,other,0.012271098947555847,0.42897281564319933
compas,self_optimal,fairness_advocates,defendants,"{""accuracy"":0.1,""tpr"":0.1,""tnr"":0.1,""local_consistency"":0.7}","{""accuracy"":0.1,""tpr"":0.1,""tnr"":0.7,""local_consistency"":0.1}",1,0.7223809523809523,0.6801307189542483,0.874625850340136,0.18287581699346406,0.7985034013605441,0.4315032679738562,1,0.6801307189542483,0.18287581699346406,0.4315032679738562,0.7985034013605441,0.3670001333866879,,,26,0.920135875813067,0.5536271870294966,,,,,,,0.4315032679738562,0.12437946089111024,477,other,0.012271098947555847,0.42897281564319933
compas,multi_optimal,fairness_advocates,defendants,"{""accuracy"":0.1,""tpr"":0.1,""tnr"":0.1,""local_consistency"":0.7}","{""accuracy"":0.1,""tpr"":0.1,""tnr"":0.7,""local_consistency"":0.1}",1,0.7223809523809523,0.6801307189542483,0.874625850340136,0.18287581699346406,0.7985034013605441,0.4315032679738562,0,0.7223809523809523,0.874625850340136,0.7985034013605441,0.7985034013605441,0,,,221,0.8914921863990685,0.8883326287371411,,,,,,,0.7985034013605441,0.6318130547457077,477,other,0.012271098947555847,0.42897281564319933
compas,aggregate,fairness_advocates,defendants,"{""accuracy"":0.1,""tpr"":0.1,""tnr"":0.1,""local_consistency"":0.7}","{""accuracy"":0.1,""tpr"":0.1,""tnr"":0.7,""local_consistency"":0.1}",1,0.7223809523809523,0.6801307189542483,0.874625850340136,0.18287581699346406,0.7985034013605441,0.4315032679738562,1,0.6801307189542483,0.18287581699346406,0.4315032679738562,0.7985034013605441,0.3670001333866879,,,,,,,,,,,,0.4315032679738562,0.12437946089111024,477,other,0.012271098947555847,0.42897281564319933
compas,negotiate,fairness_advocates,defendants,"{""accuracy"":0.1,""tpr"":0.1,""tnr"":0.1,""local_consistency"":0.7}","{""accuracy"":0.1,""tpr"":0.1,""tnr"":0.7,""local_consistency"":0.1}",1,0.7223809523809523,0.6801307189542483,0.874625850340136,0.18287581699346406,0.7985034013605441,0.4315032679738562,0,0.7223809523809523,0.874625850340136,0.7985034013605441,0.7985034013605441,0,0,1,79,0.9078647768655111,0.8667905272604559,26,221,0.920135875813067,0.012271098947555847,other,,0.7985034013605441,0.6318130547457077,477,other,0.012271098947555847,0.42897281564319933
compas,single,fairness_advocates,judges,"{""accuracy"":0.1,""tpr"":0.1,""tnr"":0.1,""local_consistency"":0.7}","{""accuracy"":0.7,""tpr"":0.1,""tnr"":0.1,""local_consistency"":0.1}",2,0.8582456140350878,0.6765591397849462,0.8940350877192982,0.18236559139784947,0.876140350877193,0.42946236559139783,1,0.6765591397849462,0.18236559139784947,0.42946236559139783,0.876140350877193,0.44667798528579516,,,0,0.5968423413421281,0.6596311859636421,,,,,,,0.42946236559139783,0.12338110764250201,497,self,0.0007234555969505285,0.27228791481948866
compas,self_optimal,fairness_advocates,judges,"{""accuracy"":0.1,""tpr"":0.1,""tnr"":0.1,""local_consistency"":0.7}","{""accuracy"":0.7,""tpr"":0.1,""tnr"":0.1,""local_consistency"":0.1}",2,0.8582456140350878,0.6765591397849462,0.8940350877192982,0.18236559139784947,0.876140350877193,0.42946236559139783,0,0.8582456140350878,0.8940350877192982,0.876140350877193,0.876140350877193,0,,,1,0.8961617850255182,0.6858032192884665,,,,,,,0.876140350877193,0.7673016928285626,497,self,0.0007234555969505285,0.27228791481948866
compas,multi_optimal,fairness_advocates,judges,"{""accuracy"":0.1,""tpr"":0.1,""tnr"":0.1,""local_consistency"":0.7}","{""accuracy"":0.7,""tpr"":0.1,""tnr"":0.1,""local_consistency"":0.1}",2,0.8582456140350878,0.6765591397849462,0.8940350877192982,0.18236559139784947,0.876140350877193,0.42946236559139783,0,0.8582456140350878,0.8940350877192982,0.876140350877193,0.876140350877193,0,,,1,0.8961617850255182,0.6858032192884665,,,,,,,0.876140350877193,0.7673016928285626,497,self,0.0007234555969505285,0.27228791481948866
compas,aggregate,fairness_advocates,judges,"{""accuracy"":0.1,""tpr"":0.1,""tnr"":0.1,""local_consistency"":0.7}","{""accuracy"":0.7,""tpr"":0.1,""tnr"":0.1,""local_consistency"":0.1}",2,0.8582456140350878,0.6765591397849462,0.8940350877192982,0.18236559139784947,0.876140350877193,0.42946236559139783,0,0.8582456140350878,0.8940350877192982,0.876140350877193,0.876140350877193,0,,,,,,,,,,,,0.876140350877193,0.7673016928285626,497,self,0.0007234555969505285,0.27228791481948866
compas,negotiate,fairness_advocates,judges,"{""accuracy"":0.1,""tpr"":0.1,""tnr"":0.1,""local_consistency"":0.7}","{""accuracy"":0.7,""tpr"":0.1,""tnr"":0.1,""local_consistency"":0.1}",2,0.8582456140350878,0.6765591397849462,0.8940350877192982,0.18236559139784947,0.876140350877193,0.42946236559139783,0,0.8582456140350878,0.8940350877192982,0.876140350877193,0.876140350877193,0,0,1,23,0.8954383294285677,0.6886654210620339,1,65,0.8961617850255182,0.0007234555969505285,self,,0.876140350877193,0.7673016928285626,497,self,0.0007234555969505285,0.27228791481948866
compas,single,fairness_advocates,judges,"{""accuracy"":0.1,""tpr"":0.1,""tnr"":0.1,""local_consistency"":0.7}","{""accuracy"":0.7,""tpr"":0.1,""tnr"":0.1,""local_consistency"":0.1}",3,0.8582456140350878,0.6765591397849462,0.8940350877192982,0.18236559139784947,0.876140350877193,0.42946236559139783,1,0.6765591397849462,0.18236559139784947,0.42946236559139783,0.876140350877193,0.44667798528579516,,,0,0.5968423413421281,0.6596311859636421,,,,,,,0.42946236559139783,0.12338110764250201,488,self,0.0007234555969505285,0.27228791481948866
compas,self_optimal,fairness_advocates,judges,"{""accuracy"":0.1,""tpr"":0.1,""tnr"":0.1,""local_consistency"":0.7}","{""accuracy"":0.7,""tpr"":0.1,""tnr"":0.1,""local_consistency"":0.1}",3,0.8582456140350878,0.6765591397849462,0.8940350877192982,0.18236559139784947,0.876140350877193,0.42946236559139783,0,0.8582456140350878,0.8940350877192982,0.876140350877193,0.876140350877193,0,,,1,0.8961617850255182,0.6858032192884665,,,,,,,0.876140350877193,0.7673016928285626,488,self,0.0007234555969505285,0.27228791481948866
compas,multi_optimal,fairness_advocates,judges,"{""accuracy"":0.1,""tpr"":0.1,""tnr"":0.1,""local_consistency"":0.7}","{""accuracy"":0.7,""tpr"":0.1,""tnr"":0.1,""local_consistency"":0.1}",3,0.8582456140350878,0.6765591397849462,0.8940350877192982,0.18236559139784947,0.876140350877193,0.42946236559139783,0,0.8582456140350878,0.8940350877192982,0.876140350877193,0.876140350877193,0,,,1,0.8961617850255182,0.6858032192884665,,,,,,,0.876140350877193,0.7673016928285626,488,self,0.0007234555969505285,0.27228791481948866
compas,aggregate,fairness_advocates,judges,"{""accuracy"":0.1,""tpr"":0.1,""tnr"":0.1,""local_consistency"":0.7}","{""accuracy"":0.7,""tpr"":0.1,""tnr"":0.1,""local_consistency"":0.1}",3,0.8582456140350878,0.6765591397849462,0.8940350877192982,0.18236559139784947,0.876140350877193,0.42946236559139783,0,0.8582456140350878,0.8940350877192982,0.876140350877193,0.876140350877193,0,,,,,,,,,,,,0.876140350877193,0.7673016928285626,488,self,0.0007234555969505285,0.27228791481948866
compas,negotiate,fairness_advocates,judges,"{""accuracy"":0.1,""tpr"":0.1,""tnr"":0.1,""local_consistency"":0.7}","{""accuracy"":0.7,""tpr"":0.1,""tnr"":0.1,""local_consistency"":0.1}",3,0.8582456140350878,0.6765591397849462,0.8940350877192982,0.18236559139784947,0.876140350877193,0.42946236559139783,0,0.8582456140350878,0.8940350877192982,0.876140350877193,0.876140350877193,0,0,1,23,0.8954383294285677,0.6886654210620339,1,65,0.8961617850255182,0.0007234555969505285,self,,0.876140350877193,0.7673016928285626,488,self,0.0007234555969505285,0.27228791481948866
compas,single,fairness_advocates,community_members,"{""accuracy"":0.1,""tpr"":0.1,""tnr"":0.1,""local_consistency"":0.7}","{""accuracy"":0.1,""tpr"":0.7,""tnr"":0.1,""local_consistency"":0.1}",4,0.6686821705426357,0.7157894736842105,0.1812403100775194,0.8736842105263157,0.42496124031007754,0.7947368421052632,0,0.6686821705426357,0.1812403100775194,0.42496124031007754,0.7947368421052632,0.36977560179518565,,,0,0.5107898524872695,0.6941436860256047,,,,,,,0.42496124031007754,0.12119216393245599,131,other,0.11406740041426378,0.37656784866566684
compas,self_optimal,fairness_advocates,community_members,"{""accuracy"":0.1,""tpr"":0.1,""tnr"":0.1,""local_consistency"":0.7}","{""accuracy"":0.1,""tpr"":0.7,""tnr"":0.1,""local_consistency"":0.1}",4,0.6686821705426357,0.7157894736842105,0.1812403100775194,0.8736842105263157,0.42496124031007754,0.7947368421052632,0,0.6686821705426357,0.1812403100775194,0.42496124031007754,0.7947368421052632,0.36977560179518565,,,1,0.9235794955352151,0.6382166419066789,,,,,,,0.42496124031007754,0.12119216393245599,131,other,0.11406740041426378,0.37656784866566684
compas,multi_optimal,fairness_advocates,community_members,"{""accuracy"":0.1,""tpr"":0.1,""tnr"":0.1,""local_consistency"":0.7}","{""accuracy"":0.1,""tpr"":0.7,""tnr"":0.1,""local_consistency"":0.1}",4,0.6686821705426357,0.7157894736842105,0.1812403100775194,0.8736842105263157,0.42496124031007754,0.7947368421052632,0,0.6686821705426357,0.1812403100775194,0.42496124031007754,0.7947368421052632,0.36977560179518565,,,1,0.9235794955352151,0.6382166419066789,,,,,,,0.42496124031007754,0.12119216393245599,131,other,0.11406740041426378,0.37656784866566684
compas,aggregate,fairness_advocates,community_members,"{""accuracy"":0.1,""tpr"":0.1,""tnr"":0.1,""local_consistency"":0.7}","{""accuracy"":0.1,""tpr"":0.7,""tnr"":0.1,""local_consistency"":0.1}",4,0.6686821705426357,0.7157894736842105,0.1812403100775194,0.8736842105263157,0.42496124031007754,0.7947368421052632,0,0.6686821705426357,0.1812403100775194,0.42496124031007754,0.7947368421052632,0.36977560179518565,,,,,,,,,,,,0.42496124031007754,0.12119216393245599,131,other,0.11406740041426378,0.37656784866566684
compas,negotiate,fairness_advocates,community_members,"{""accuracy"":0.1,""tpr"":0.1,""tnr"":0.1,""local_consistency"":0.7}","{""accuracy"":0.1,""tpr"":0.7,""tnr"":0.1,""local_consistency"":0.1}",4,0.6686821705426357,0.7157894736842105,0.1812403100775194,0.8736842105263157,0.42496124031007754,0.7947368421052632,1,0.7157894736842105,0.8736842105263157,0.7947368421052632,0.7947368421052632,0,1,1,26,0.8095120951209513,0.8221402214022141,1,93,0.9235794955352151,0.11406740041426378,other,,0.7947368421052632,0.6253739612188365,131,other,0.11406740041426378,0.37656784866566684
compas,single,fairness_advocates,judges,"{""accuracy"":0.1,""tpr"":0.1,""tnr"":0.1,""local_consistency"":0.7}","{""accuracy"":0.7,""tpr"":0.1,""tnr"":0.1,""local_consistency"":0.1}",5,0.8501025641025641,0.6726666666666666,0.8928717948717948,0.1818095238095238,0.8714871794871795,0.4272380952380952,1,0.6726666666666666,0.1818095238095238,0.4272380952380952,0.8714871794871795,0.44424908424908427,,,0,0.6479585977302442,0.6150974079285447,,,,,,,0.4272380952380952,0.12229720634920635,483,other,0.003747182692033113,0.44624798656325354
compas,self_optimal,fairness_advocates,judges,"{""accuracy"":0.1,""tpr"":0.1,""tnr"":0.1,""local_consistency"":0.7}","{""accuracy"":0.7,""tpr"":0.1,""tnr"":0.1,""local_consistency"":0.1}",5,0.8501025641025641,0.6726666666666666,0.8928717948717948,0.1818095238095238,0.8714871794871795,0.4272380952380952,1,0.6726666666666666,0.1818095238095238,0.4272380952380952,0.8714871794871795,0.44424908424908427,,,35,0.8928141746306416,0.6837490188232762,,,,,,,0.4272380952380952,0.12229720634920635,483,other,0.003747182692033113,0.44624798656325354
compas,multi_optimal,fairness_advocates,judges,"{""accuracy"":0.1,""tpr"":0.1,""tnr"":0.1,""local_consistency"":0.7}","{""accuracy"":0.7,""tpr"":0.1,""tnr"":0.1,""local_consistency"":0.1}",5,0.8501025641025641,0.6726666666666666,0.8928717948717948,0.1818095238095238,0.8714871794871795,0.4272380952380952,1,0.6726666666666666,0.1818095238095238,0.4272380952380952,0.8714871794871795,0.44424908424908427,,,35,0.8928141746306416,0.6837490188232762,,,,,,,0.4272380952380952,0.12229720634920635,483,other,0.003747182692033113,0.44624798656325354
compas,aggregate,fairness_advocates,judges,"{""accuracy"":0.1,""tpr"":0.1,""tnr"":0.1,""local_consistency"":0.7}","{""accuracy"":0.7,""tpr"":0.1,""tnr"":0.1,""local_consistency"":0.1}",5,0.8501025641025641,0.6726666666666666,0.8928717948717948,0.1818095238095238,0.8714871794871795,0.4272380952380952,1,0.6726666666666666,0.1818095238095238,0.4272380952380952,0.8714871794871795,0.44424908424908427,,,,,,,,,,,,0.4272380952380952,0.12229720634920635,483,other,0.003747182692033113,0.44624798656325354
compas,negotiate,fairness_advocates,judges,"{""accuracy"":0.1,""tpr"":0.1,""tnr"":0.1,""local_consistency"":0.7}","{""accuracy"":0.7,""tpr"":0.1,""tnr"":0.1,""local_consistency"":0.1}",5,0.8501025641025641,0.6726666666666666,0.8928717948717948,0.1818095238095238,0.8714871794871795,0.4272380952380952,0,0.8501025641025641,0.8928717948717948,0.8714871794871795,0.8714871794871795,0,0,1,21,0.8890669919386085,0.6902001364145293,35,86,0.8928141746306416,0.003747182692033113,other,,0.8714871794871795,0.7590326022353714,483,other,0.003747182692033113,0.44624798656325354
compas,single,fairness_advocates,defendants,"{""accuracy"":0.1,""tpr"":0.1,""tnr"":0.1,""local_consistency"":0.7}","{""accuracy"":0.1,""tpr"":0.1,""tnr"":0.7,""local_consistency"":0.1}",6,0.838235294117647,0.6986458333333333,0.8911764705882352,0.18552083333333336,0.8647058823529411,0.44208333333333333,1,0.6986458333333333,0.18552083333333336,0.44208333333333333,0.8647058823529411,0.4226225490196078,,,0,0.6519653289228085,0.6466993994862629,,,,,,,0.44208333333333333,0.1296133572048611,354,other,0.01695110102426034,0.44021936566531655
compas,self_optimal,fairness_advocates,defendants,"{""accuracy"":0.1,""tpr"":0.1,""tnr"":0.1,""local_consistency"":0.7}","{""accuracy"":0.1,""tpr"":0.1,""tnr"":0.7,""local_consistency"":0.1}",6,0.838235294117647,0.6986458333333333,0.8911764705882352,0.18552083333333336,0.8647058823529411,0.44208333333333333,1,0.6986458333333333,0.18552083333333336,0.44208333333333333,0.8647058823529411,0.4226225490196078,,,26,0.920135875813067,0.5536271870294966,,,,,,,0.44208333333333333,0.1296133572048611,354,other,0.01695110102426034,0.44021936566531655
compas,multi_optimal,fairness_advocates,defendants,"{""accuracy"":0.1,""tpr"":0.1,""tnr"":0.1,""local_consistency"":0.7}","{""accuracy"":0.1,""tpr"":0.1,""tnr"":0.7,""local_consistency"":0.1}",6,0.838235294117647,0.6986458333333333,0.8911764705882352,0.18552083333333336,0.8647058823529411,0.44208333333333333,1,0.6986458333333333,0.18552083333333336,0.44208333333333333,0.8647058823529411,0.4226225490196078,,,26,0.920135875813067,0.5536271870294966,,,,,,,0.44208333333333333,0.1296133572048611,354,other,0.01695110102426034,0.44021936566531655
compas,aggregate,fairness_advocates,defendants,"{""accuracy"":0.1,""tpr"":0.1,""tnr"":0.1,""local_consistency"":0.7}","{""accuracy"":0.1,""tpr"":0.1,""tnr"":0.7,""local_consistency"":0.1}",6,0.838235294117647,0.6986458333333333,0.8911764705882352,0.18552083333333336,0.8647058823529411,0.44208333333333333,1,0.6986458333333333,0.18552083333333336,0.44208333333333333,0.8647058823529411,0.4226225490196078,,,,,,,,,,,,0.44208333333333333,0.1296133572048611,354,other,0.01695110102426034,0.44021936566531655
compas,negotiate,fairness_advocates,defendants,"{""accuracy"":0.1,""tpr"":0.1,""tnr"":0.1,""local_consistency"":0.7}","{""accuracy"":0.1,""tpr"":0.1,""tnr"":0.7,""local_consistency"":0.1}",6,0.838235294117647,0.6986458333333333,0.8911764705882352,0.18552083333333336,0.8647058823529411,0.44208333333333333,0,0.838235294117647,0.8911764705882352,0.8647058823529411,0.8647058823529411,0,0,1,103,0.9031847747888067,0.8715891981695333,26,113,0.920135875813067,0.01695110102426034,other,,0.8647058823529411,0.747015570934256,354,other,0.01695110102426034,0.44021936566531655
compas,single,fairness_advocates,judges,"{""accuracy"":0.1,""tpr"":0.1,""tnr"":0.1,""local_consistency"":0.7}","{""accuracy"":0.7,""tpr"":0.1,""tnr"":0.1,""local_consistency"":0.1}",7,0.8582456140350878,0.6765591397849462,0.8940350877192982,0.18236559139784947,0.876140350877193,0.42946236559139783,1,0.6765591397849462,0.18236559139784947,0.42946236559139783,0.876140350877193,0.44667798528579516,,,0,0.5968423413421281,0.6596311859636421,,,,,,,0.42946236559139783,0.12338110764250201,495,self,0.0007234555969505285,0.27228791481948866
compas,self_optimal,fairness_advocates,judges,"{""accuracy"":0.1,""tpr"":0.1,""tnr"":0.1,""local_consistency"":0.7}","{""accuracy"":0.7,""tpr"":0.1,""tnr"":0.1,""local_consistency"":0.1}",7,0.8582456140350878,0.6765591397849462,0.8940350877192982,0.18236559139784947,0.876140350877193,0.42946236559139783,0,0.8582456140350878,0.8940350877192982,0.876140350877193,0.876140350877193,0,,,1,0.8961617850255182,0.6858032192884665,,,,,,,0.876140350877193,0.7673016928285626,495,self,0.0007234555969505285,0.27228791481948866
compas,multi_optimal,fairness_advocates,judges,"{""accuracy"":0.1,""tpr"":0.1,""tnr"":0.1,""local_consistency"":0.7}","{""accuracy"":0.7,""tpr"":0.1,""tnr"":0.1,""local_consistency"":0.1}",7,0.8582456140350878,0.6765591397849462,0.8940350877192982,0.18236559139784947,0.876140350877193,0.42946236559139783,0,0.8582456140350878,0.8940350877192982,0.876140350877193,0.876140350877193,0,,,1,0.8961617850255182,0.6858032192884665,,,,,,,0.876140350877193,0.7673016928285626,495,self,0.0007234555969505285,0.27228791481948866
compas,aggregate,fairness_advocates,judges,"{""accuracy"":0.1,""tpr"":0.1,""tnr"":0.1,""local_consistency"":0.7}","{""accuracy"":0.7,""tpr"":0.1,""tnr"":0.1,""local_consistency"":0.1}",7,0.8582456140350878,0.6765591397849462,0.8940350877192982,0.18236559139784947,0.876140350877193,0.42946236559139783,0,0.8582456140350878,0.8940350877192982,0.876140350877193,0.876140350877193,0,,,,,,,,,,,,0.876140350877193,0.7673016928285626,495,self,0.0007234555969505285,0.27228791481948866
compas,negotiate,fairness_advocates,judges,"{""accuracy"":0.1,""tpr"":0.1,""tnr"":0.1,""local_consistency"":0.7}","{""accuracy"":0.7,""tpr"":0.1,""tnr"":0.1,""local_consistency"":0.1}",7,0.8582456140350878,0.6765591397849462,0.8940350877192982,0.18236559139784947,0.876140350877193,0.42946236559139783,0,0.8582456140350878,0.8940350877192982,0.876140350877193,0.876140350877193,0,0,1,23,0.8954383294285677,0.6886654210620339,1,65,0.8961617850255182,0.0007234555969505285,self,,0.876140350877193,0.7673016928285626,495,self,0.0007234555969505285,0.27228791481948866
compas,single,fairness_advocates,judges,"{""accuracy"":0.1,""tpr"":0.1,""tnr"":0.1,""local_consistency"":0.7}","{""accuracy"":0.7,""tpr"":0.1,""tnr"":0.1,""local_consistency"":0.1}",8,0.8582456140350878,0.6765591397849462,0.8940350877192982,0.18236559139784947,0.876140350877193,0.42946236559139783,1,0.6765591397849462,0.18236559139784947,0.42946236559139783,0.876140350877193,0.44667798528579516,,,0,0.5968423413421281,0.6596311859636421,,,,,,,0.42946236559139783,0.12338110764250201,486,self,0.0007234555969505285,0.27228791481948866
compas,self_optimal,fairness_advocates,judges,"{""accuracy"":0.1,""tpr"":0.1,""tnr"":0.1,""local_consistency"":0.7}","{""accuracy"":0.7,""tpr"":0.1,""tnr"":0.1,""local_consistency"":0.1}",8,0.8582456140350878,0.6765591397849462,0.8940350877192982,0.18236559139784947,0.876140350877193,0.42946236559139783,0,0.8582456140350878,0.8940350877192982,0.876140350877193,0.876140350877193,0,,,1,0.8961617850255182,0.6858032192884665,,,,,,,0.876140350877193,0.7673016928285626,486,self,0.0007234555969505285,0.27228791481948866
compas,multi_optimal,fairness_advocates,judges,"{""accuracy"":0.1,""tpr"":0.1,""tnr"":0.1,""local_consistency"":0.7}","{""accuracy"":0.7,""tpr"":0.1,""tnr"":0.1,""local_consistency"":0.1}",8,0.8582456140350878,0.6765591397849462,0.8940350877192982,0.18236559139784947,0.876140350877193,0.42946236559139783,0,0.8582456140350878,0.8940350877192982,0.876140350877193,0.876140350877193,0,,,1,0.8961617850255182,0.6858032192884665,,,,,,,0.876140350877193,0.7673016928285626,486,self,0.0007234555969505285,0.27228791481948866
compas,aggregate,fairness_advocates,judges,"{""accuracy"":0.1,""tpr"":0.1,""tnr"":0.1,""local_consistency"":0.7}","{""accuracy"":0.7,""tpr"":0.1,""tnr"":0.1,""local_consistency"":0.1}",8,0.8582456140350878,0.6765591397849462,0.8940350877192982,0.18236559139784947,0.876140350877193,0.42946236559139783,0,0.8582456140350878,0.8940350877192982,0.876140350877193,0.876140350877193,0,,,,,,,,,,,,0.876140350877193,0.7673016928285626,486,self,0.0007234555969505285,0.27228791481948866
compas,negotiate,fairness_advocates,judges,"{""accuracy"":0.1,""tpr"":0.1,""tnr"":0.1,""local_consistency"":0.7}","{""accuracy"":0.7,""tpr"":0.1,""tnr"":0.1,""local_consistency"":0.1}",8,0.8582456140350878,0.6765591397849462,0.8940350877192982,0.18236559139784947,0.876140350877193,0.42946236559139783,0,0.8582456140350878,0.8940350877192982,0.876140350877193,0.876140350877193,0,0,1,23,0.8954383294285677,0.6886654210620339,1,65,0.8961617850255182,0.0007234555969505285,self,,0.876140350877193,0.7673016928285626,486,self,0.0007234555969505285,0.27228791481948866
compas,single,fairness_advocates,defendants,"{""accuracy"":0.1,""tpr"":0.1,""tnr"":0.1,""local_consistency"":0.7}","{""accuracy"":0.1,""tpr"":0.1,""tnr"":0.7,""local_consistency"":0.1}",9,0.6098765432098765,0.5576712328767123,0.7728395061728395,0.2510958904109589,0.691358024691358,0.4043835616438356,0,0.6098765432098765,0.7728395061728395,0.691358024691358,0.691358024691358,0,,,0,0.760917748917749,0.8180606060606063,,,,,,,0.691358024691358,0.47133668648071936,502,other,0.029103896103896076,0.14196082042429073
compas,self_optimal,fairness_advocates,defendants,"{""accuracy"":0.1,""tpr"":0.1,""tnr"":0.1,""local_consistency"":0.7}","{""accuracy"":0.1,""tpr"":0.1,""tnr"":0.7,""local_consistency"":0.1}",9,0.6098765432098765,0.5576712328767123,0.7728395061728395,0.2510958904109589,0.691358024691358,0.4043835616438356,1,0.5576712328767123,0.2510958904109589,0.4043835616438356,0.691358024691358,0.2869744630475224,,,73,0.9122597402597402,0.8265454545454546,,,,,,,0.4043835616438356,0.1400289547757553,502,other,0.029103896103896076,0.14196082042429073
compas,multi_optimal,fairness_advocates,defendants,"{""accuracy"":0.1,""tpr"":0.1,""tnr"":0.1,""local_consistency"":0.7}","{""accuracy"":0.1,""tpr"":0.1,""tnr"":0.7,""local_consistency"":0.1}",9,0.6098765432098765,0.5576712328767123,0.7728395061728395,0.2510958904109589,0.691358024691358,0.4043835616438356,0,0.6098765432098765,0.7728395061728395,0.691358024691358,0.691358024691358,0,,,3,0.8625454545454545,0.8625454545454546,,,,,,,0.691358024691358,0.47133668648071936,502,other,0.029103896103896076,0.14196082042429073
compas,aggregate,fairness_advocates,defendants,"{""accuracy"":0.1,""tpr"":0.1,""tnr"":0.1,""local_consistency"":0.7}","{""accuracy"":0.1,""tpr"":0.1,""tnr"":0.7,""local_consistency"":0.1}",9,0.6098765432098765,0.5576712328767123,0.7728395061728395,0.2510958904109589,0.691358024691358,0.4043835616438356,0,0.6098765432098765,0.7728395061728395,0.691358024691358,0.691358024691358,0,,,,,,,,,,,,0.691358024691358,0.47133668648071936,502,other,0.029103896103896076,0.14196082042429073
compas,negotiate,fairness_advocates,defendants,"{""accuracy"":0.1,""tpr"":0.1,""tnr"":0.1,""local_consistency"":0.7}","{""accuracy"":0.1,""tpr"":0.1,""tnr"":0.7,""local_consistency"":0.1}",9,0.6098765432098765,0.5576712328767123,0.7728395061728395,0.2510958904109589,0.691358024691358,0.4043835616438356,0,0.6098765432098765,0.7728395061728395,0.691358024691358,0.691358024691358,0,0,1,258,0.8831558441558441,0.8617272727272728,73,3,0.9122597402597402,0.029103896103896076,other,,0.691358024691358,0.47133668648071936,502,other,0.029103896103896076,0.14196082042429073
compas,single,fairness_advocates,judges,"{""accuracy"":0.1,""tpr"":0.1,""tnr"":0.1,""local_consistency"":0.7}","{""accuracy"":0.7,""tpr"":0.1,""tnr"":0.1,""local_consistency"":0.1}",10,0.838235294117647,0.6986458333333333,0.8911764705882352,0.18552083333333336,0.8647058823529411,0.44208333333333333,1,0.6986458333333333,0.18552083333333336,0.44208333333333333,0.8647058823529411,0.4226225490196078,,,0,0.6479585977302442,0.6150974079285447,,,,,,,0.44208333333333333,0.1296133572048611,485,other,0.003747182692033113,0.44682132483143017
compas,self_optimal,fairness_advocates,judges,"{""accuracy"":0.1,""tpr"":0.1,""tnr"":0.1,""local_consistency"":0.7}","{""accuracy"":0.7,""tpr"":0.1,""tnr"":0.1,""local_consistency"":0.1}",10,0.838235294117647,0.6986458333333333,0.8911764705882352,0.18552083333333336,0.8647058823529411,0.44208333333333333,1,0.6986458333333333,0.18552083333333336,0.44208333333333333,0.8647058823529411,0.4226225490196078,,,35,0.8928141746306416,0.6837490188232762,,,,,,,0.44208333333333333,0.1296133572048611,485,other,0.003747182692033113,0.44682132483143017
compas,multi_optimal,fairness_advocates,judges,"{""accuracy"":0.1,""tpr"":0.1,""tnr"":0.1,""local_consistency"":0.7}","{""accuracy"":0.7,""tpr"":0.1,""tnr"":0.1,""local_consistency"":0.1}",10,0.838235294117647,0.6986458333333333,0.8911764705882352,0.18552083333333336,0.8647058823529411,0.44208333333333333,1,0.6986458333333333,0.18552083333333336,0.44208333333333333,0.8647058823529411,0.4226225490196078,,,35,0.8928141746306416,0.6837490188232762,,,,,,,0.44208333333333333,0.1296133572048611,485,other,0.003747182692033113,0.44682132483143017
compas,aggregate,fairness_advocates,judges,"{""accuracy"":0.1,""tpr"":0.1,""tnr"":0.1,""local_consistency"":0.7}","{""accuracy"":0.7,""tpr"":0.1,""tnr"":0.1,""local_consistency"":0.1}",10,0.838235294117647,0.6986458333333333,0.8911764705882352,0.18552083333333336,0.8647058823529411,0.44208333333333333,1,0.6986458333333333,0.18552083333333336,0.44208333333333333,0.8647058823529411,0.4226225490196078,,,,,,,,,,,,0.44208333333333333,0.1296133572048611,485,other,0.003747182692033113,0.44682132483143017
compas,negotiate,fairness_advocates,judges,"{""accuracy"":0.1,""tpr"":0.1,""tnr"":0.1,""local_consistency"":0.7}","{""accuracy"":0.7,""tpr"":0.1,""tnr"":0.1,""local_consistency"":0.1}",10,0.838235294117647,0.6986458333333333,0.8911764705882352,0.18552083333333336,0.8647058823529411,0.44208333333333333,0,0.838235294117647,0.8911764705882352,0.8647058823529411,0.8647058823529411,0,0,1,21,0.8890669919386085,0.6902001364145293,35,86,0.8928141746306416,0.003747182692033113,other,,0.8647058823529411,0.747015570934256,485,other,0.003747182692033113,0.44682132483143017
compas,single,fairness_advocates,community_members,"{""accuracy"":0.1,""tpr"":0.1,""tnr"":0.1,""local_consistency"":0.7}","{""accuracy"":0.1,""tpr"":0.7,""tnr"":0.1,""local_consistency"":0.1}",11,0.7289629629629629,0.6013333333333333,0.18985185185185185,0.8573333333333333,0.4594074074074074,0.7293333333333333,0,0.7289629629629629,0.18985185185185185,0.4594074074074074,0.7293333333333333,0.2699259259259259,,,0,0.8852986622561418,0.6023565652295377,,,,,,,0.4594074074074074,0.1383949684499314,48,other,0.12708566653563658,0.3632627209159951
compas,self_optimal,fairness_advocates,community_members,"{""accuracy"":0.1,""tpr"":0.1,""tnr"":0.1,""local_consistency"":0.7}","{""accuracy"":0.1,""tpr"":0.7,""tnr"":0.1,""local_consistency"":0.1}",11,0.7289629629629629,0.6013333333333333,0.18985185185185185,0.8573333333333333,0.4594074074074074,0.7293333333333333,0,0.7289629629629629,0.18985185185185185,0.4594074074074074,0.7293333333333333,0.2699259259259259,,,35,0.9196204080724474,0.6332354315466258,,,,,,,0.4594074074074074,0.1383949684499314,48,other,0.12708566653563658,0.3632627209159951
compas,multi_optimal,fairness_advocates,community_members,"{""accuracy"":0.1,""tpr"":0.1,""tnr"":0.1,""local_consistency"":0.7}","{""accuracy"":0.1,""tpr"":0.7,""tnr"":0.1,""local_consistency"":0.1}",11,0.7289629629629629,0.6013333333333333,0.18985185185185185,0.8573333333333333,0.4594074074074074,0.7293333333333333,0,0.7289629629629629,0.18985185185185185,0.4594074074074074,0.7293333333333333,0.2699259259259259,,,35,0.9196204080724474,0.6332354315466258,,,,,,,0.4594074074074074,0.1383949684499314,48,other,0.12708566653563658,0.3632627209159951
compas,aggregate,fairness_advocates,community_members,"{""accuracy"":0.1,""tpr"":0.1,""tnr"":0.1,""local_consistency"":0.7}","{""accuracy"":0.1,""tpr"":0.7,""tnr"":0.1,""local_consistency"":0.1}",11,0.7289629629629629,0.6013333333333333,0.18985185185185185,0.8573333333333333,0.4594074074074074,0.7293333333333333,0,0.7289629629629629,0.18985185185185185,0.4594074074074074,0.7293333333333333,0.2699259259259259,,,,,,,,,,,,0.4594074074074074,0.1383949684499314,48,other,0.12708566653563658,0.3632627209159951
compas,negotiate,fairness_advocates,community_members,"{""accuracy"":0.1,""tpr"":0.1,""tnr"":0.1,""local_consistency"":0.7}","{""accuracy"":0.1,""tpr"":0.7,""tnr"":0.1,""local_consistency"":0.1}",11,0.7289629629629629,0.6013333333333333,0.18985185185185185,0.8573333333333333,0.4594074074074074,0.7293333333333333,1,0.6013333333333333,0.8573333333333333,0.7293333333333333,0.7293333333333333,0,1,1,129,0.7925347415368108,0.6735989042911146,35,26,0.9196204080724474,0.12708566653563658,other,,0.7293333333333333,0.5155431111111111,48,other,0.12708566653563658,0.3632627209159951
compas,single,fairness_advocates,judges,"{""accuracy"":0.1,""tpr"":0.1,""tnr"":0.1,""local_consistency"":0.7}","{""accuracy"":0.7,""tpr"":0.1,""tnr"":0.1,""local_consistency"":0.1}",12,0.8501025641025641,0.6726666666666666,0.8928717948717948,0.1818095238095238,0.8714871794871795,0.4272380952380952,1,0.6726666666666666,0.1818095238095238,0.4272380952380952,0.8714871794871795,0.44424908424908427,,,0,0.6479585977302442,0.6150974079285447,,,,,,,0.4272380952380952,0.12229720634920635,482,other,0.003747182692033113,0.44624798656325354
compas,self_optimal,fairness_advocates,judges,"{""accuracy"":0.1,""tpr"":0.1,""tnr"":0.1,""local_consistency"":0.7}","{""accuracy"":0.7,""tpr"":0.1,""tnr"":0.1,""local_consistency"":0.1}",12,0.8501025641025641,0.6726666666666666,0.8928717948717948,0.1818095238095238,0.8714871794871795,0.4272380952380952,1,0.6726666666666666,0.1818095238095238,0.4272380952380952,0.8714871794871795,0.44424908424908427,,,35,0.8928141746306416,0.6837490188232762,,,,,,,0.4272380952380952,0.12229720634920635,482,other,0.003747182692033113,0.44624798656325354
compas,multi_optimal,fairness_advocates,judges,"{""accuracy"":0.1,""tpr"":0.1,""tnr"":0.1,""local_consistency"":0.7}","{""accuracy"":0.7,""tpr"":0.1,""tnr"":0.1,""local_consistency"":0.1}",12,0.8501025641025641,0.6726666666666666,0.8928717948717948,0.1818095238095238,0.8714871794871795,0.4272380952380952,1,0.6726666666666666,0.1818095238095238,0.4272380952380952,0.8714871794871795,0.44424908424908427,,,35,0.8928141746306416,0.6837490188232762,,,,,,,0.4272380952380952,0.12229720634920635,482,other,0.003747182692033113,0.44624798656325354
compas,aggregate,fairness_advocates,judges,"{""accuracy"":0.1,""tpr"":0.1,""tnr"":0.1,""local_consistency"":0.7}","{""accuracy"":0.7,""tpr"":0.1,""tnr"":0.1,""local_consistency"":0.1}",12,0.8501025641025641,0.6726666666666666,0.8928717948717948,0.1818095238095238,0.8714871794871795,0.4272380952380952,1,0.6726666666666666,0.1818095238095238,0.4272380952380952,0.8714871794871795,0.44424908424908427,,,,,,,,,,,,0.4272380952380952,0.12229720634920635,482,other,0.003747182692033113,0.44624798656325354
compas,negotiate,fairness_advocates,judges,"{""accuracy"":0.1,""tpr"":0.1,""tnr"":0.1,""local_consistency"":0.7}","{""accuracy"":0.7,""tpr"":0.1,""tnr"":0.1,""local_consistency"":0.1}",12,0.8501025641025641,0.6726666666666666,0.8928717948717948,0.1818095238095238,0.8714871794871795,0.4272380952380952,0,0.8501025641025641,0.8928717948717948,0.8714871794871795,0.8714871794871795,0,0,1,21,0.8890669919386085,0.6902001364145293,35,86,0.8928141746306416,0.003747182692033113,other,,0.8714871794871795,0.7590326022353714,482,other,0.003747182692033113,0.44624798656325354
compas,single,fairness_advocates,judges,"{""accuracy"":0.1,""tpr"":0.1,""tnr"":0.1,""local_consistency"":0.7}","{""accuracy"":0.7,""tpr"":0.1,""tnr"":0.1,""local_consistency"":0.1}",13,0.8582456140350878,0.6765591397849462,0.8940350877192982,0.18236559139784947,0.876140350877193,0.42946236559139783,1,0.6765591397849462,0.18236559139784947,0.42946236559139783,0.876140350877193,0.44667798528579516,,,0,0.5968423413421281,0.6596311859636421,,,,,,,0.42946236559139783,0.12338110764250201,493,self,0.0007234555969505285,0.27228791481948866
compas,self_optimal,fairness_advocates,judges,"{""accuracy"":0.1,""tpr"":0.1,""tnr"":0.1,""local_consistency"":0.7}","{""accuracy"":0.7,""tpr"":0.1,""tnr"":0.1,""local_consistency"":0.1}",13,0.8582456140350878,0.6765591397849462,0.8940350877192982,0.18236559139784947,0.876140350877193,0.42946236559139783,0,0.8582456140350878,0.8940350877192982,0.876140350877193,0.876140350877193,0,,,1,0.8961617850255182,0.6858032192884665,,,,,,,0.876140350877193,0.7673016928285626,493,self,0.0007234555969505285,0.27228791481948866
compas,multi_optimal,fairness_advocates,judges,"{""accuracy"":0.1,""tpr"":0.1,""tnr"":0.1,""local_consistency"":0.7}","{""accuracy"":0.7,""tpr"":0.1,""tnr"":0.1,""local_consistency"":0.1}",13,0.8582456140350878,0.6765591397849462,0.8940350877192982,0.18236559139784947,0.876140350877193,0.42946236559139783,0,0.8582456140350878,0.8940350877192982,0.876140350877193,0.876140350877193,0,,,1,0.8961617850255182,0.6858032192884665,,,,,,,0.876140350877193,0.7673016928285626,493,self,0.0007234555969505285,0.27228791481948866
compas,aggregate,fairness_advocates,judges,"{""accuracy"":0.1,""tpr"":0.1,""tnr"":0.1,""local_consistency"":0.7}","{""accuracy"":0.7,""tpr"":0.1,""tnr"":0.1,""local_consistency"":0.1}",13,0.8582456140350878,0.6765591397849462,0.8940350877192982,0.18236559139784947,0.876140350877193,0.42946236559139783,0,0.8582456140350878,0.8940350877192982,0.876140350877193,0.876140350877193,0,,,,,,,,,,,,0.876140350877193,0.7673016928285626,493,self,0.0007234555969505285,0.27228791481948866
compas,negotiate,fairness_advocates,judges,"{""accuracy"":0.1,""tpr"":0.1,""tnr"":0.1,""local_consistency"":0.7}","{""accuracy"":0.7,""tpr"":0.1,""tnr"":0.1,""local_consistency"":0.1}",13,0.8582456140350878,0.6765591397849462,0.8940350877192982,0.18236559139784947,0.876140350877193,0.42946236559139783,0,0.8582456140350878,0.8940350877192982,0.876140350877193,0.876140350877193,0,0,1,23,0.8954383294285677,0.6886654210620339,1,65,0.8961617850255182,0.0007234555969505285,self,,0.876140350877193,0.7673016928285626,493,self,0.0007234555969505285,0.27228791481948866
compas,single,fairness_advocates,judges,"{""accuracy"":0.1,""tpr"":0.1,""tnr"":0.1,""local_consistency"":0.7}","{""accuracy"":0.7,""tpr"":0.1,""tnr"":0.1,""local_consistency"":0.1}",14,0.8582456140350878,0.6765591397849462,0.8940350877192982,0.18236559139784947,0.876140350877193,0.42946236559139783,1,0.6765591397849462,0.18236559139784947,0.42946236559139783,0.876140350877193,0.44667798528579516,,,0,0.5968423413421281,0.6596311859636421,,,,,,,0.42946236559139783,0.12338110764250201,491,self,0.0007234555969505285,0.27228791481948866
compas,self_optimal,fairness_advocates,judges,"{""accuracy"":0.1,""tpr"":0.1,""tnr"":0.1,""local_consistency"":0.7}","{""accuracy"":0.7,""tpr"":0.1,""tnr"":0.1,""local_consistency"":0.1}",14,0.8582456140350878,0.6765591397849462,0.8940350877192982,0.18236559139784947,0.876140350877193,0.42946236559139783,0,0.8582456140350878,0.8940350877192982,0.876140350877193,0.876140350877193,0,,,1,0.8961617850255182,0.6858032192884665,,,,,,,0.876140350877193,0.7673016928285626,491,self,0.0007234555969505285,0.27228791481948866
compas,multi_optimal,fairness_advocates,judges,"{""accuracy"":0.1,""tpr"":0.1,""tnr"":0.1,""local_consistency"":0.7}","{""accuracy"":0.7,""tpr"":0.1,""tnr"":0.1,""local_consistency"":0.1}",14,0.8582456140350878,0.6765591397849462,0.8940350877192982,0.18236559139784947,0.876140350877193,0.42946236559139783,0,0.8582456140350878,0.8940350877192982,0.876140350877193,0.876140350877193,0,,,1,0.8961617850255182,0.6858032192884665,,,,,,,0.876140350877193,0.7673016928285626,491,self,0.0007234555969505285,0.27228791481948866
compas,aggregate,fairness_advocates,judges,"{""accuracy"":0.1,""tpr"":0.1,""tnr"":0.1,""local_consistency"":0.7}","{""accuracy"":0.7,""tpr"":0.1,""tnr"":0.1,""local_consistency"":0.1}",14,0.8582456140350878,0.6765591397849462,0.8940350877192982,0.18236559139784947,0.876140350877193,0.42946236559139783,0,0.8582456140350878,0.8940350877192982,0.876140350877193,0.876140350877193,0,,,,,,,,,,,,0.876140350877193,0.7673016928285626,491,self,0.0007234555969505285,0.27228791481948866
compas,negotiate,fairness_advocates,judges,"{""accuracy"":0.1,""tpr"":0.1,""tnr"":0.1,""local_consistency"":0.7}","{""accuracy"":0.7,""tpr"":0.1,""tnr"":0.1,""local_consistency"":0.1}",14,0.8582456140350878,0.6765591397849462,0.8940350877192982,0.18236559139784947,0.876140350877193,0.42946236559139783,0,0.8582456140350878,0.8940350877192982,0.876140350877193,0.876140350877193,0,0,1,23,0.8954383294285677,0.6886654210620339,1,65,0.8961617850255182,0.0007234555969505285,self,,0.876140350877193,0.7673016928285626,491,self,0.0007234555969505285,0.27228791481948866
compas,single,fairness_advocates,community_members,"{""accuracy"":0.1,""tpr"":0.1,""tnr"":0.1,""local_consistency"":0.7}","{""accuracy"":0.1,""tpr"":0.7,""tnr"":0.1,""local_consistency"":0.1}",15,0.7009829059829059,0.5754545454545454,0.18585470085470088,0.8536363636363635,0.4434188034188034,0.7145454545454545,0,0.7009829059829059,0.18585470085470088,0.4434188034188034,0.7145454545454545,0.2711266511266511,,,0,0.4101756746754615,0.6751941248599633,,,,,,,0.4434188034188034,0.1302809682957119,250,other,0.08393373487726696,0.3804884591107343
compas,self_optimal,fairness_advocates,community_members,"{""accuracy"":0.1,""tpr"":0.1,""tnr"":0.1,""local_consistency"":0.7}","{""accuracy"":0.1,""tpr"":0.7,""tnr"":0.1,""local_consistency"":0.1}",15,0.7009829059829059,0.5754545454545454,0.18585470085470088,0.8536363636363635,0.4434188034188034,0.7145454545454545,0,0.7009829059829059,0.18585470085470088,0.4434188034188034,0.7145454545454545,0.2711266511266511,,,18,0.8989183312436425,0.7217965600259304,,,,,,,0.4434188034188034,0.1302809682957119,250,other,0.08393373487726696,0.3804884591107343
compas,multi_optimal,fairness_advocates,community_members,"{""accuracy"":0.1,""tpr"":0.1,""tnr"":0.1,""local_consistency"":0.7}","{""accuracy"":0.1,""tpr"":0.7,""tnr"":0.1,""local_consistency"":0.1}",15,0.7009829059829059,0.5754545454545454,0.18585470085470088,0.8536363636363635,0.4434188034188034,0.7145454545454545,0,0.7009829059829059,0.18585470085470088,0.4434188034188034,0.7145454545454545,0.2711266511266511,,,18,0.8989183312436425,0.7217965600259304,,,,,,,0.4434188034188034,0.1302809682957119,250,other,0.08393373487726696,0.3804884591107343
compas,aggregate,fairness_advocates,community_members,"{""accuracy"":0.1,""tpr"":0.1,""tnr"":0.1,""local_consistency"":0.7}","{""accuracy"":0.1,""tpr"":0.7,""tnr"":0.1,""local_consistency"":0.1}",15,0.7009829059829059,0.5754545454545454,0.18585470085470088,0.8536363636363635,0.4434188034188034,0.7145454545454545,0,0.7009829059829059,0.18585470085470088,0.4434188034188034,0.7145454545454545,0.2711266511266511,,,,,,,,,,,,0.4434188034188034,0.1302809682957119,250,other,0.08393373487726696,0.3804884591107343
compas,negotiate,fairness_advocates,community_members,"{""accuracy"":0.1,""tpr"":0.1,""tnr"":0.1,""local_consistency"":0.7}","{""accuracy"":0.1,""tpr"":0.7,""tnr"":0.1,""local_consistency"":0.1}",15,0.7009829059829059,0.5754545454545454,0.18585470085470088,0.8536363636363635,0.4434188034188034,0.7145454545454545,1,0.5754545454545454,0.8536363636363635,0.7145454545454545,0.7145454545454545,0,1,1,30,0.8149845963663755,0.7864237107575196,18,26,0.8989183312436425,0.08393373487726696,other,,0.7145454545454545,0.4912289256198346,250,other,0.08393373487726696,0.3804884591107343
compas,single,fairness_advocates,community_members,"{""accuracy"":0.1,""tpr"":0.1,""tnr"":0.1,""local_consistency"":0.7}","{""accuracy"":0.1,""tpr"":0.7,""tnr"":0.1,""local_consistency"":0.1}",16,0.7174736842105263,0.8206666666666667,0.1882105263157895,0.8886666666666666,0.4528421052631579,0.8546666666666667,0,0.7174736842105263,0.1882105263157895,0.4528421052631579,0.8546666666666667,0.4018245614035088,,,0,0.6144935561909732,0.7089585008404196,,,,,,,0.4528421052631579,0.1350360997229917,452,other,0.005640662467230717,0.4452892812625372
compas,self_optimal,fairness_advocates,community_members,"{""accuracy"":0.1,""tpr"":0.1,""tnr"":0.1,""local_consistency"":0.7}","{""accuracy"":0.1,""tpr"":0.7,""tnr"":0.1,""local_consistency"":0.1}",16,0.7174736842105263,0.8206666666666667,0.1882105263157895,0.8886666666666666,0.4528421052631579,0.8546666666666667,0,0.7174736842105263,0.1882105263157895,0.4528421052631579,0.8546666666666667,0.4018245614035088,,,3,0.9214194306445229,0.5942361588118046,,,,,,,0.4528421052631579,0.1350360997229917,452,other,0.005640662467230717,0.4452892812625372
compas,multi_optimal,fairness_advocates,community_members,"{""accuracy"":0.1,""tpr"":0.1,""tnr"":0.1,""local_consistency"":0.7}","{""accuracy"":0.1,""tpr"":0.7,""tnr"":0.1,""local_consistency"":0.1}",16,0.7174736842105263,0.8206666666666667,0.1882105263157895,0.8886666666666666,0.4528421052631579,0.8546666666666667,0,0.7174736842105263,0.1882105263157895,0.4528421052631579,0.8546666666666667,0.4018245614035088,,,3,0.9214194306445229,0.5942361588118046,,,,,,,0.4528421052631579,0.1350360997229917,452,other,0.005640662467230717,0.4452892812625372
compas,aggregate,fairness_advocates,community_members,"{""accuracy"":0.1,""tpr"":0.1,""tnr"":0.1,""local_consistency"":0.7}","{""accuracy"":0.1,""tpr"":0.7,""tnr"":0.1,""local_consistency"":0.1}",16,0.7174736842105263,0.8206666666666667,0.1882105263157895,0.8886666666666666,0.4528421052631579,0.8546666666666667,0,0.7174736842105263,0.1882105263157895,0.4528421052631579,0.8546666666666667,0.4018245614035088,,,,,,,,,,,,0.4528421052631579,0.1350360997229917,452,other,0.005640662467230717,0.4452892812625372
compas,negotiate,fairness_advocates,community_members,"{""accuracy"":0.1,""tpr"":0.1,""tnr"":0.1,""local_consistency"":0.7}","{""accuracy"":0.1,""tpr"":0.7,""tnr"":0.1,""local_consistency"":0.1}",16,0.7174736842105263,0.8206666666666667,0.1882105263157895,0.8886666666666666,0.4528421052631579,0.8546666666666667,1,0.8206666666666667,0.8886666666666666,0.8546666666666667,0.8546666666666667,0,1,1,9,0.9157787681772922,0.8173777841674521,3,5,0.9214194306445229,0.005640662467230717,other,,0.8546666666666667,0.729299111111111,452,other,0.005640662467230717,0.4452892812625372
compas,single,fairness_advocates,defendants,"{""accuracy"":0.1,""tpr"":0.1,""tnr"":0.1,""local_consistency"":0.7}","{""accuracy"":0.1,""tpr"":0.1,""tnr"":0.7,""local_consistency"":0.1}",17,0.8142051282051281,0.6933333333333332,0.8877435897435897,0.18476190476190477,0.8509743589743589,0.439047619047619,1,0.6933333333333332,0.18476190476190477,0.439047619047619,0.8509743589743589,0.4119267399267399,,,0,0.7135090080087948,0.6267557612555482,,,,,,,0.439047619047619,0.1281015873015873,390,other,0.014604402472854883,0.4383920627816057
compas,self_optimal,fairness_advocates,defendants,"{""accuracy"":0.1,""tpr"":0.1,""tnr"":0.1,""local_consistency"":0.7}","{""accuracy"":0.1,""tpr"":0.1,""tnr"":0.7,""local_consistency"":0.1}",17,0.8142051282051281,0.6933333333333332,0.8877435897435897,0.18476190476190477,0.8509743589743589,0.439047619047619,1,0.6933333333333332,0.18476190476190477,0.439047619047619,0.8509743589743589,0.4119267399267399,,,18,0.8989183312436425,0.6703469026722141,,,,,,,0.439047619047619,0.1281015873015873,390,other,0.014604402472854883,0.4383920627816057
compas,multi_optimal,fairness_advocates,defendants,"{""accuracy"":0.1,""tpr"":0.1,""tnr"":0.1,""local_consistency"":0.7}","{""accuracy"":0.1,""tpr"":0.1,""tnr"":0.7,""local_consistency"":0.1}",17,0.8142051282051281,0.6933333333333332,0.8877435897435897,0.18476190476190477,0.8509743589743589,0.439047619047619,0,0.8142051282051281,0.8877435897435897,0.8509743589743589,0.8509743589743589,0,,,116,0.8751016890569381,0.8101666241218732,,,,,,,0.8509743589743589,0.7228053833004601,390,other,0.014604402472854883,0.4383920627816057
compas,aggregate,fairness_advocates,defendants,"{""accuracy"":0.1,""tpr"":0.1,""tnr"":0.1,""local_consistency"":0.7}","{""accuracy"":0.1,""tpr"":0.1,""tnr"":0.7,""local_consistency"":0.1}",17,0.8142051282051281,0.6933333333333332,0.8877435897435897,0.18476190476190477,0.8509743589743589,0.439047619047619,1,0.6933333333333332,0.18476190476190477,0.439047619047619,0.8509743589743589,0.4119267399267399,,,,,,,,,,,,0.439047619047619,0.1281015873015873,390,other,0.014604402472854883,0.4383920627816057
compas,negotiate,fairness_advocates,defendants,"{""accuracy"":0.1,""tpr"":0.1,""tnr"":0.1,""local_consistency"":0.7}","{""accuracy"":0.1,""tpr"":0.1,""tnr"":0.7,""local_consistency"":0.1}",17,0.8142051282051281,0.6933333333333332,0.8877435897435897,0.18476190476190477,0.8509743589743589,0.439047619047619,0,0.8142051282051281,0.8877435897435897,0.8509743589743589,0.8509743589743589,0,0,1,76,0.8843139287707876,0.8011970456539047,18,116,0.8989183312436425,0.014604402472854883,other,,0.8509743589743589,0.7228053833004601,390,other,0.014604402472854883,0.4383920627816057
compas,single,fairness_advocates,judges,"{""accuracy"":0.1,""tpr"":0.1,""tnr"":0.1,""local_consistency"":0.7}","{""accuracy"":0.7,""tpr"":0.1,""tnr"":0.1,""local_consistency"":0.1}",18,0.5521940928270042,0.8344444444444445,0.16459915611814346,0.8906349206349206,0.3583966244725738,0.8625396825396825,0,0.5521940928270042,0.16459915611814346,0.3583966244725738,0.8625396825396825,0.5041430580671087,,,0,0.36795859773024425,0.5750974079285447,,,,,,,0.3583966244725738,0.09089068169274866,469,self,0.0025255503051740957,0.28784665932901
compas,self_optimal,fairness_advocates,judges,"{""accuracy"":0.1,""tpr"":0.1,""tnr"":0.1,""local_consistency"":0.7}","{""accuracy"":0.7,""tpr"":0.1,""tnr"":0.1,""local_consistency"":0.1}",18,0.5521940928270042,0.8344444444444445,0.16459915611814346,0.8906349206349206,0.3583966244725738,0.8625396825396825,1,0.8344444444444445,0.8906349206349206,0.8625396825396825,0.8625396825396825,0,,,26,0.8884622315745364,0.6505018916311937,,,,,,,0.8625396825396825,0.7431853615520282,469,self,0.0025255503051740957,0.28784665932901
compas,multi_optimal,fairness_advocates,judges,"{""accuracy"":0.1,""tpr"":0.1,""tnr"":0.1,""local_consistency"":0.7}","{""accuracy"":0.7,""tpr"":0.1,""tnr"":0.1,""local_consistency"":0.1}",18,0.5521940928270042,0.8344444444444445,0.16459915611814346,0.8906349206349206,0.3583966244725738,0.8625396825396825,1,0.8344444444444445,0.8906349206349206,0.8625396825396825,0.8625396825396825,0,,,26,0.8884622315745364,0.6505018916311937,,,,,,,0.8625396825396825,0.7431853615520282,469,self,0.0025255503051740957,0.28784665932901
compas,aggregate,fairness_advocates,judges,"{""accuracy"":0.1,""tpr"":0.1,""tnr"":0.1,""local_consistency"":0.7}","{""accuracy"":0.7,""tpr"":0.1,""tnr"":0.1,""local_consistency"":0.1}",18,0.5521940928270042,0.8344444444444445,0.16459915611814346,0.8906349206349206,0.3583966244725738,0.8625396825396825,1,0.8344444444444445,0.8906349206349206,0.8625396825396825,0.8625396825396825,0,,,,,,,,,,,,0.8625396825396825,0.7431853615520282,469,self,0.0025255503051740957,0.28784665932901
compas,negotiate,fairness_advocates,judges,"{""accuracy"":0.1,""tpr"":0.1,""tnr"":0.1,""local_consistency"":0.7}","{""accuracy"":0.7,""tpr"":0.1,""tnr"":0.1,""local_consistency"":0.1}",18,0.5521940928270042,0.8344444444444445,0.16459915611814346,0.8906349206349206,0.3583966244725738,0.8625396825396825,1,0.8344444444444445,0.8906349206349206,0.8625396825396825,0.8625396825396825,0,1,1,2,0.8859366812693623,0.6717723753203539,26,112,0.8884622315745364,0.0025255503051740957,self,,0.8625396825396825,0.7431853615520282,469,self,0.0025255503051740957,0.28784665932901
compas,single,fairness_advocates,community_members,"{""accuracy"":0.1,""tpr"":0.1,""tnr"":0.1,""local_consistency"":0.7}","{""accuracy"":0.1,""tpr"":0.7,""tnr"":0.1,""local_consistency"":0.1}",19,0.7734482758620689,0.6487179487179487,0.19620689655172416,0.864102564102564,0.48482758620689653,0.7564102564102564,0,0.7734482758620689,0.19620689655172416,0.48482758620689653,0.7564102564102564,0.27158267020335985,,,0,0.7299555296301872,0.31149399116864873,,,,,,,0.48482758620689653,0.15175588585017835,275,other,0.0053424030307591686,0.4316338701878696
compas,self_optimal,fairness_advocates,community_members,"{""accuracy"":0.1,""tpr"":0.1,""tnr"":0.1,""local_consistency"":0.7}","{""accuracy"":0.1,""tpr"":0.7,""tnr"":0.1,""local_consistency"":0.1}",19,0.7734482758620689,0.6487179487179487,0.19620689655172416,0.864102564102564,0.48482758620689653,0.7564102564102564,0,0.7734482758620689,0.19620689655172416,0.48482758620689653,0.7564102564102564,0.27158267020335985,,,139,0.8868006422800943,0.5944929499724021,,,,,,,0.48482758620689653,0.15175588585017835,275,other,0.0053424030307591686,0.4316338701878696
compas,multi_optimal,fairness_advocates,community_members,"{""accuracy"":0.1,""tpr"":0.1,""tnr"":0.1,""local_consistency"":0.7}","{""accuracy"":0.1,""tpr"":0.7,""tnr"":0.1,""local_consistency"":0.1}",19,0.7734482758620689,0.6487179487179487,0.19620689655172416,0.864102564102564,0.48482758620689653,0.7564102564102564,0,0.7734482758620689,0.19620689655172416,0.48482758620689653,0.7564102564102564,0.27158267020335985,,,139,0.8868006422800943,0.5944929499724021,,,,,,,0.48482758620689653,0.15175588585017835,275,other,0.0053424030307591686,0.4316338701878696
compas,aggregate,fairness_advocates,community_members,"{""accuracy"":0.1,""tpr"":0.1,""tnr"":0.1,""local_consistency"":0.7}","{""accuracy"":0.1,""tpr"":0.7,""tnr"":0.1,""local_consistency"":0.1}",19,0.7734482758620689,0.6487179487179487,0.19620689655172416,0.864102564102564,0.48482758620689653,0.7564102564102564,0,0.7734482758620689,0.19620689655172416,0.48482758620689653,0.7564102564102564,0.27158267020335985,,,,,,,,,,,,0.48482758620689653,0.15175588585017835,275,other,0.0053424030307591686,0.4316338701878696
compas,negotiate,fairness_advocates,community_members,"{""accuracy"":0.1,""tpr"":0.1,""tnr"":0.1,""local_consistency"":0.7}","{""accuracy"":0.1,""tpr"":0.7,""tnr"":0.1,""local_consistency"":0.1}",19,0.7734482758620689,0.6487179487179487,0.19620689655172416,0.864102564102564,0.48482758620689653,0.7564102564102564,1,0.6487179487179487,0.864102564102564,0.7564102564102564,0.7564102564102564,0,1,1,9,0.8814582392493351,0.6660736238647198,139,52,0.8868006422800943,0.0053424030307591686,other,,0.7564102564102564,0.5605588428665351,275,other,0.0053424030307591686,0.4316338701878696
compas,single,judges,defendants,"{""accuracy"":0.7,""tpr"":0.1,""tnr"":0.1,""local_consistency"":0.1}","{""accuracy"":0.1,""tpr"":0.1,""tnr"":0.7,""local_consistency"":0.1}",0,0.19154320987654322,0.8656521739130434,0.7915432098765431,0.2656521739130435,0.4915432098765432,0.5656521739130435,1,0.8656521739130434,0.2656521739130435,0.5656521739130435,0.5656521739130435,0,,,0,0.5843602915349492,0.7604121506347535,,,,,,,0.5656521739130435,0.229962381852552,406,other,0.006256585879873655,0.35875755238173385
compas,self_optimal,judges,defendants,"{""accuracy"":0.7,""tpr"":0.1,""tnr"":0.1,""local_consistency"":0.1}","{""accuracy"":0.1,""tpr"":0.1,""tnr"":0.7,""local_consistency"":0.1}",0,0.19154320987654322,0.8656521739130434,0.7915432098765431,0.2656521739130435,0.4915432098765432,0.5656521739130435,1,0.8656521739130434,0.2656521739130435,0.5656521739130435,0.5656521739130435,0,,,139,0.6725149279943802,0.7141979025540669,,,,,,,0.5656521739130435,0.229962381852552,406,other,0.006256585879873655,0.35875755238173385
compas,multi_optimal,judges,defendants,"{""accuracy"":0.7,""tpr"":0.1,""tnr"":0.1,""local_consistency"":0.1}","{""accuracy"":0.1,""tpr"":0.1,""tnr"":0.7,""local_consistency"":0.1}",0,0.19154320987654322,0.8656521739130434,0.7915432098765431,0.2656521739130435,0.4915432098765432,0.5656521739130435,0,0.19154320987654322,0.7915432098765431,0.4915432098765432,0.5656521739130435,0.07410896403650025,,,149,0.6529166666666667,0.8618452380952382,,,,,,,0.4915432098765432,0.1516147271757354,406,other,0.006256585879873655,0.35875755238173385
compas,aggregate,judges,defendants,"{""accuracy"":0.7,""tpr"":0.1,""tnr"":0.1,""local_consistency"":0.1}","{""accuracy"":0.1,""tpr"":0.1,""tnr"":0.7,""local_consistency"":0.1}",0,0.19154320987654322,0.8656521739130434,0.7915432098765431,0.2656521739130435,0.4915432098765432,0.5656521739130435,1,0.8656521739130434,0.2656521739130435,0.5656521739130435,0.5656521739130435,0,,,,,,,,,,,,0.5656521739130435,0.229962381852552,406,other,0.006256585879873655,0.35875755238173385
compas,negotiate,judges,defendants,"{""accuracy"":0.7,""tpr"":0.1,""tnr"":0.1,""local_consistency"":0.1}","{""accuracy"":0.1,""tpr"":0.1,""tnr"":0.7,""local_consistency"":0.1}",0,0.19154320987654322,0.8656521739130434,0.7915432098765431,0.2656521739130435,0.4915432098765432,0.5656521739130435,0,0.19154320987654322,0.7915432098765431,0.4915432098765432,0.5656521739130435,0.07410896403650025,0,1,56,0.6662583421145065,0.8616105926037433,139,149,0.6725149279943802,0.006256585879873655,other,,0.4915432098765432,0.1516147271757354,406,other,0.006256585879873655,0.35875755238173385
compas,single,judges,defendants,"{""accuracy"":0.7,""tpr"":0.1,""tnr"":0.1,""local_consistency"":0.1}","{""accuracy"":0.1,""tpr"":0.1,""tnr"":0.7,""local_consistency"":0.1}",1,0.1861038961038961,0.8820289855072463,0.7861038961038961,0.2820289855072464,0.4861038961038961,0.5820289855072464,0,0.1861038961038961,0.7861038961038961,0.4861038961038961,0.5820289855072464,0.09592508940335026,,,0,0.6376936248682825,0.8137454839680869,,,,,,,0.4861038961038961,0.14629699780738742,420,other,0.006256585879873655,0.3968717070600631
compas,self_optimal,judges,defendants,"{""accuracy"":0.7,""tpr"":0.1,""tnr"":0.1,""local_consistency"":0.1}","{""accuracy"":0.1,""tpr"":0.1,""tnr"":0.7,""local_consistency"":0.1}",1,0.1861038961038961,0.8820289855072463,0.7861038961038961,0.2820289855072464,0.4861038961038961,0.5820289855072464,1,0.8820289855072463,0.2820289855072464,0.5820289855072464,0.5820289855072464,0,,,139,0.6725149279943802,0.7141979025540669,,,,,,,0.5820289855072464,0.24875773997059442,420,other,0.006256585879873655,0.3968717070600631
compas,multi_optimal,judges,defendants,"{""accuracy"":0.7,""tpr"":0.1,""tnr"":0.1,""local_consistency"":0.1}","{""accuracy"":0.1,""tpr"":0.1,""tnr"":0.7,""local_consistency"":0.1}",1,0.1861038961038961,0.8820289855072463,0.7861038961038961,0.2820289855072464,0.4861038961038961,0.5820289855072464,0,0.1861038961038961,0.7861038961038961,0.4861038961038961,0.5820289855072464,0.09592508940335026,,,149,0.6529166666666667,0.8618452380952382,,,,,,,0.4861038961038961,0.14629699780738742,420,other,0.006256585879873655,0.3968717070600631
compas,aggregate,judges,defendants,"{""accuracy"":0.7,""tpr"":0.1,""tnr"":0.1,""local_consistency"":0.1}","{""accuracy"":0.1,""tpr"":0.1,""tnr"":0.7,""local_consistency"":0.1}",1,0.1861038961038961,0.8820289855072463,0.7861038961038961,0.2820289855072464,0.4861038961038961,0.5820289855072464,1,0.8820289855072463,0.2820289855072464,0.5820289855072464,0.5820289855072464,0,,,,,,,,,,,,0.5820289855072464,0.24875773997059442,420,other,0.006256585879873655,0.3968717070600631
compas,negotiate,judges,defendants,"{""accuracy"":0.7,""tpr"":0.1,""tnr"":0.1,""local_consistency"":0.1}","{""accuracy"":0.1,""tpr"":0.1,""tnr"":0.7,""local_consistency"":0.1}",1,0.1861038961038961,0.8820289855072463,0.7861038961038961,0.2820289855072464,0.4861038961038961,0.5820289855072464,0,0.1861038961038961,0.7861038961038961,0.4861038961038961,0.5820289855072464,0.09592508940335026,0,1,56,0.6662583421145065,0.8616105926037433,139,149,0.6725149279943802,0.006256585879873655,other,,0.4861038961038961,0.14629699780738742,420,other,0.006256585879873655,0.3968717070600631
compas,single,judges,defendants,"{""accuracy"":0.7,""tpr"":0.1,""tnr"":0.1,""local_consistency"":0.1}","{""accuracy"":0.1,""tpr"":0.1,""tnr"":0.7,""local_consistency"":0.1}",2,0.17374074074074075,0.8939999999999999,0.7737407407407407,0.29400000000000004,0.47374074074074074,0.594,0,0.17374074074074075,0.7737407407407407,0.47374074074074074,0.594,0.12025925925925923,,,0,0.6396311859636421,0.5900890945888815,,,,,,,0.47374074074074074,0.13443028943758573,192,other,0.03836428284084159,0.3808178585795791
compas,self_optimal,judges,defendants,"{""accuracy"":0.7,""tpr"":0.1,""tnr"":0.1,""local_consistency"":0.1}","{""accuracy"":0.1,""tpr"":0.1,""tnr"":0.7,""local_consistency"":0.1}",2,0.17374074074074075,0.8939999999999999,0.7737407407407407,0.29400000000000004,0.47374074074074074,0.594,1,0.8939999999999999,0.29400000000000004,0.594,0.594,0,,,23,0.6819987543953673,0.6342262082164466,,,,,,,0.594,0.262836,192,other,0.03836428284084159,0.3808178585795791
compas,multi_optimal,judges,defendants,"{""accuracy"":0.7,""tpr"":0.1,""tnr"":0.1,""local_consistency"":0.1}","{""accuracy"":0.1,""tpr"":0.1,""tnr"":0.7,""local_consistency"":0.1}",2,0.17374074074074075,0.8939999999999999,0.7737407407407407,0.29400000000000004,0.47374074074074074,0.594,1,0.8939999999999999,0.29400000000000004,0.594,0.594,0,,,23,0.6819987543953673,0.6342262082164466,,,,,,,0.594,0.262836,192,other,0.03836428284084159,0.3808178585795791
compas,aggregate,judges,defendants,"{""accuracy"":0.7,""tpr"":0.1,""tnr"":0.1,""local_consistency"":0.1}","{""accuracy"":0.1,""tpr"":0.1,""tnr"":0.7,""local_consistency"":0.1}",2,0.17374074074074075,0.8939999999999999,0.7737407407407407,0.29400000000000004,0.47374074074074074,0.594,1,0.8939999999999999,0.29400000000000004,0.594,0.594,0,,,,,,,,,,,,0.594,0.262836,192,other,0.03836428284084159,0.3808178585795791
compas,negotiate,judges,defendants,"{""accuracy"":0.7,""tpr"":0.1,""tnr"":0.1,""local_consistency"":0.1}","{""accuracy"":0.1,""tpr"":0.1,""tnr"":0.7,""local_consistency"":0.1}",2,0.17374074074074075,0.8939999999999999,0.7737407407407407,0.29400000000000004,0.47374074074074074,0.594,0,0.17374074074074075,0.7737407407407407,0.47374074074074074,0.594,0.12025925925925923,0,1,79,0.6436344715545257,0.8059514374571489,23,116,0.6819987543953673,0.03836428284084159,other,,0.47374074074074074,0.13443028943758573,192,other,0.03836428284084159,0.3808178585795791
compas,single,judges,community_members,"{""accuracy"":0.7,""tpr"":0.1,""tnr"":0.1,""local_consistency"":0.1}","{""accuracy"":0.1,""tpr"":0.7,""tnr"":0.1,""local_consistency"":0.1}",3,0.8891851851851851,0.15466666666666667,0.2891851851851852,0.7546666666666666,0.5891851851851851,0.45466666666666666,0,0.8891851851851851,0.2891851851851852,0.5891851851851851,0.5891851851851851,0,,,0,0.6450974079285448,0.6033107104063007,,,,,,,0.5891851851851851,0.257139182441701,99,other,0.029797718595899747,0.3163671599064396
compas,self_optimal,judges,community_members,"{""accuracy"":0.7,""tpr"":0.1,""tnr"":0.1,""local_consistency"":0.1}","{""accuracy"":0.1,""tpr"":0.7,""tnr"":0.1,""local_consistency"":0.1}",3,0.8891851851851851,0.15466666666666667,0.2891851851851852,0.7546666666666666,0.5891851851851851,0.45466666666666666,0,0.8891851851851851,0.2891851851851852,0.5891851851851851,0.5891851851851851,0,,,112,0.697186634704242,0.5208230708850664,,,,,,,0.5891851851851851,0.257139182441701,99,other,0.029797718595899747,0.3163671599064396
compas,multi_optimal,judges,community_members,"{""accuracy"":0.7,""tpr"":0.1,""tnr"":0.1,""local_consistency"":0.1}","{""accuracy"":0.1,""tpr"":0.7,""tnr"":0.1,""local_consistency"":0.1}",3,0.8891851851851851,0.15466666666666667,0.2891851851851852,0.7546666666666666,0.5891851851851851,0.45466666666666666,0,0.8891851851851851,0.2891851851851852,0.5891851851851851,0.5891851851851851,0,,,112,0.697186634704242,0.5208230708850664,,,,,,,0.5891851851851851,0.257139182441701,99,other,0.029797718595899747,0.3163671599064396
compas,aggregate,judges,community_members,"{""accuracy"":0.7,""tpr"":0.1,""tnr"":0.1,""local_consistency"":0.1}","{""accuracy"":0.1,""tpr"":0.7,""tnr"":0.1,""local_consistency"":0.1}",3,0.8891851851851851,0.15466666666666667,0.2891851851851852,0.7546666666666666,0.5891851851851851,0.45466666666666666,0,0.8891851851851851,0.2891851851851852,0.5891851851851851,0.5891851851851851,0,,,,,,,,,,,,0.5891851851851851,0.257139182441701,99,other,0.029797718595899747,0.3163671599064396
compas,negotiate,judges,community_members,"{""accuracy"":0.7,""tpr"":0.1,""tnr"":0.1,""local_consistency"":0.1}","{""accuracy"":0.1,""tpr"":0.7,""tnr"":0.1,""local_consistency"":0.1}",3,0.8891851851851851,0.15466666666666667,0.2891851851851852,0.7546666666666666,0.5891851851851851,0.45466666666666666,1,0.15466666666666667,0.7546666666666666,0.45466666666666666,0.5891851851851851,0.13451851851851848,1,1,129,0.6673889161083423,0.671111535108462,112,26,0.697186634704242,0.029797718595899747,other,,0.45466666666666666,0.11672177777777777,99,other,0.029797718595899747,0.3163671599064396
compas,single,judges,defendants,"{""accuracy"":0.7,""tpr"":0.1,""tnr"":0.1,""local_consistency"":0.1}","{""accuracy"":0.1,""tpr"":0.1,""tnr"":0.7,""local_consistency"":0.1}",4,0.19154320987654322,0.8656521739130434,0.7915432098765431,0.2656521739130435,0.4915432098765432,0.5656521739130435,1,0.8656521739130434,0.2656521739130435,0.5656521739130435,0.5656521739130435,0,,,0,0.5843602915349492,0.7604121506347535,,,,,,,0.5656521739130435,0.229962381852552,408,other,0.006256585879873655,0.35875755238173385
compas,self_optimal,judges,defendants,"{""accuracy"":0.7,""tpr"":0.1,""tnr"":0.1,""local_consistency"":0.1}","{""accuracy"":0.1,""tpr"":0.1,""tnr"":0.7,""local_consistency"":0.1}",4,0.19154320987654322,0.8656521739130434,0.7915432098765431,0.2656521739130435,0.4915432098765432,0.5656521739130435,1,0.8656521739130434,0.2656521739130435,0.5656521739130435,0.5656521739130435,0,,,139,0.6725149279943802,0.7141979025540669,,,,,,,0.5656521739130435,0.229962381852552,408,other,0.006256585879873655,0.35875755238173385
compas,multi_optimal,judges,defendants,"{""accuracy"":0.7,""tpr"":0.1,""tnr"":0.1,""local_consistency"":0.1}","{""accuracy"":0.1,""tpr"":0.1,""tnr"":0.7,""local_consistency"":0.1}",4,0.19154320987654322,0.8656521739130434,0.7915432098765431,0.2656521739130435,0.4915432098765432,0.5656521739130435,0,0.19154320987654322,0.7915432098765431,0.4915432098765432,0.5656521739130435,0.07410896403650025,,,149,0.6529166666666667,0.8618452380952382,,,,,,,0.4915432098765432,0.1516147271757354,408,other,0.006256585879873655,0.35875755238173385
compas,aggregate,judges,defendants,"{""accuracy"":0.7,""tpr"":0.1,""tnr"":0.1,""local_consistency"":0.1}","{""accuracy"":0.1,""tpr"":0.1,""tnr"":0.7,""local_consistency"":0.1}",4,0.19154320987654322,0.8656521739130434,0.7915432098765431,0.2656521739130435,0.4915432098765432,0.5656521739130435,1,0.8656521739130434,0.2656521739130435,0.5656521739130435,0.5656521739130435,0,,,,,,,,,,,,0.5656521739130435,0.229962381852552,408,other,0.006256585879873655,0.35875755238173385
compas,negotiate,judges,defendants,"{""accuracy"":0.7,""tpr"":0.1,""tnr"":0.1,""local_consistency"":0.1}","{""accuracy"":0.1,""tpr"":0.1,""tnr"":0.7,""local_consistency"":0.1}",4,0.19154320987654322,0.8656521739130434,0.7915432098765431,0.2656521739130435,0.4915432098765432,0.5656521739130435,0,0.19154320987654322,0.7915432098765431,0.4915432098765432,0.5656521739130435,0.07410896403650025,0,1,56,0.6662583421145065,0.8616105926037433,139,149,0.6725149279943802,0.006256585879873655,other,,0.4915432098765432,0.1516147271757354,408,other,0.006256585879873655,0.35875755238173385
compas,single,judges,fairness_advocates,"{""accuracy"":0.7,""tpr"":0.1,""tnr"":0.1,""local_consistency"":0.1}","{""accuracy"":0.1,""tpr"":0.1,""tnr"":0.1,""local_consistency"":0.7}",5,0.8893478260869565,0.1725,0.8254347826086956,0.6074999999999999,0.8573913043478261,0.38999999999999996,0,0.8893478260869565,0.8254347826086956,0.8573913043478261,0.8573913043478261,0,,,0,0.6343602915349492,0.6832888629635205,,,,,,,0.8573913043478261,0.734098629489603,470,self,0.014749297506146841,-0.007374648753073421
compas,self_optimal,judges,fairness_advocates,"{""accuracy"":0.7,""tpr"":0.1,""tnr"":0.1,""local_consistency"":0.1}","{""accuracy"":0.1,""tpr"":0.1,""tnr"":0.1,""local_consistency"":0.7}",5,0.8893478260869565,0.1725,0.8254347826086956,0.6074999999999999,0.8573913043478261,0.38999999999999996,0,0.8893478260869565,0.8254347826086956,0.8573913043478261,0.8573913043478261,0,,,28,0.6829416930101863,0.855798835867329,,,,,,,0.8573913043478261,0.734098629489603,470,self,0.014749297506146841,-0.007374648753073421
compas,multi_optimal,judges,fairness_advocates,"{""accuracy"":0.7,""tpr"":0.1,""tnr"":0.1,""local_consistency"":0.1}","{""accuracy"":0.1,""tpr"":0.1,""tnr"":0.1,""local_consistency"":0.7}",5,0.8893478260869565,0.1725,0.8254347826086956,0.6074999999999999,0.8573913043478261,0.38999999999999996,0,0.8893478260869565,0.8254347826086956,0.8573913043478261,0.8573913043478261,0,,,28,0.6829416930101863,0.855798835867329,,,,,,,0.8573913043478261,0.734098629489603,470,self,0.014749297506146841,-0.007374648753073421
compas,aggregate,judges,fairness_advocates,"{""accuracy"":0.7,""tpr"":0.1,""tnr"":0.1,""local_consistency"":0.1}","{""accuracy"":0.1,""tpr"":0.1,""tnr"":0.1,""local_consistency"":0.7}",5,0.8893478260869565,0.1725,0.8254347826086956,0.6074999999999999,0.8573913043478261,0.38999999999999996,0,0.8893478260869565,0.8254347826086956,0.8573913043478261,0.8573913043478261,0,,,,,,,,,,,,0.8573913043478261,0.734098629489603,470,self,0.014749297506146841,-0.007374648753073421
compas,negotiate,judges,fairness_advocates,"{""accuracy"":0.7,""tpr"":0.1,""tnr"":0.1,""local_consistency"":0.1}","{""accuracy"":0.1,""tpr"":0.1,""tnr"":0.1,""local_consistency"":0.7}",5,0.8893478260869565,0.1725,0.8254347826086956,0.6074999999999999,0.8573913043478261,0.38999999999999996,0,0.8893478260869565,0.8254347826086956,0.8573913043478261,0.8573913043478261,0,0,1,190,0.6681923955040394,0.8771209669326108,28,9,0.6829416930101863,0.014749297506146841,self,,0.8573913043478261,0.734098629489603,470,self,0.014749297506146841,-0.007374648753073421
compas,single,judges,fairness_advocates,"{""accuracy"":0.7,""tpr"":0.1,""tnr"":0.1,""local_consistency"":0.1}","{""accuracy"":0.1,""tpr"":0.1,""tnr"":0.1,""local_consistency"":0.7}",6,0.1911764705882353,0.8855208333333333,0.738235294117647,0.7986458333333333,0.46470588235294114,0.8420833333333333,1,0.8855208333333333,0.7986458333333333,0.8420833333333333,0.8420833333333333,0,,,0,0.6150974079285447,0.6479585977302442,,,,,,,0.8420833333333333,0.7072175238715277,452,self,0.00033162433826317006,-0.23603125138384165
compas,self_optimal,judges,fairness_advocates,"{""accuracy"":0.7,""tpr"":0.1,""tnr"":0.1,""local_consistency"":0.1}","{""accuracy"":0.1,""tpr"":0.1,""tnr"":0.1,""local_consistency"":0.7}",6,0.1911764705882353,0.8855208333333333,0.738235294117647,0.7986458333333333,0.46470588235294114,0.8420833333333333,0,0.1911764705882353,0.738235294117647,0.46470588235294114,0.8420833333333333,0.37737745098039216,,,86,0.6905317607527924,0.8059991828491097,,,,,,,0.46470588235294114,0.1411332179930796,452,self,0.00033162433826317006,-0.23603125138384165
compas,multi_optimal,judges,fairness_advocates,"{""accuracy"":0.7,""tpr"":0.1,""tnr"":0.1,""local_consistency"":0.1}","{""accuracy"":0.1,""tpr"":0.1,""tnr"":0.1,""local_consistency"":0.7}",6,0.1911764705882353,0.8855208333333333,0.738235294117647,0.7986458333333333,0.46470588235294114,0.8420833333333333,0,0.1911764705882353,0.738235294117647,0.46470588235294114,0.8420833333333333,0.37737745098039216,,,86,0.6905317607527924,0.8059991828491097,,,,,,,0.46470588235294114,0.1411332179930796,452,self,0.00033162433826317006,-0.23603125138384165
compas,aggregate,judges,fairness_advocates,"{""accuracy"":0.7,""tpr"":0.1,""tnr"":0.1,""local_consistency"":0.1}","{""accuracy"":0.1,""tpr"":0.1,""tnr"":0.1,""local_consistency"":0.7}",6,0.1911764705882353,0.8855208333333333,0.738235294117647,0.7986458333333333,0.46470588235294114,0.8420833333333333,0,0.1911764705882353,0.738235294117647,0.46470588235294114,0.8420833333333333,0.37737745098039216,,,,,,,,,,,,0.46470588235294114,0.1411332179930796,452,self,0.00033162433826317006,-0.23603125138384165
compas,negotiate,judges,fairness_advocates,"{""accuracy"":0.7,""tpr"":0.1,""tnr"":0.1,""local_consistency"":0.1}","{""accuracy"":0.1,""tpr"":0.1,""tnr"":0.1,""local_consistency"":0.7}",6,0.1911764705882353,0.8855208333333333,0.738235294117647,0.7986458333333333,0.46470588235294114,0.8420833333333333,0,0.1911764705882353,0.738235294117647,0.46470588235294114,0.8420833333333333,0.37737745098039216,0,1,21,0.6902001364145293,0.8890669919386085,86,35,0.6905317607527924,0.00033162433826317006,self,,0.46470588235294114,0.1411332179930796,452,self,0.00033162433826317006,-0.23603125138384165
compas,single,judges,fairness_advocates,"{""accuracy"":0.7,""tpr"":0.1,""tnr"":0.1,""local_consistency"":0.1}","{""accuracy"":0.1,""tpr"":0.1,""tnr"":0.1,""local_consistency"":0.7}",7,0.8928717948717948,0.1818095238095238,0.8501025641025641,0.6726666666666666,0.8714871794871795,0.4272380952380952,1,0.1818095238095238,0.6726666666666666,0.4272380952380952,0.8714871794871795,0.44424908424908427,,,0,0.6150974079285447,0.6479585977302442,,,,,,,0.4272380952380952,0.12229720634920635,451,self,0.00033162433826317006,0.27008030786468074
compas,self_optimal,judges,fairness_advocates,"{""accuracy"":0.7,""tpr"":0.1,""tnr"":0.1,""local_consistency"":0.1}","{""accuracy"":0.1,""tpr"":0.1,""tnr"":0.1,""local_consistency"":0.7}",7,0.8928717948717948,0.1818095238095238,0.8501025641025641,0.6726666666666666,0.8714871794871795,0.4272380952380952,0,0.8928717948717948,0.8501025641025641,0.8714871794871795,0.8714871794871795,0,,,86,0.6905317607527924,0.8059991828491097,,,,,,,0.8714871794871795,0.7590326022353714,451,self,0.00033162433826317006,0.27008030786468074
compas,multi_optimal,judges,fairness_advocates,"{""accuracy"":0.7,""tpr"":0.1,""tnr"":0.1,""local_consistency"":0.1}","{""accuracy"":0.1,""tpr"":0.1,""tnr"":0.1,""local_consistency"":0.7}",7,0.8928717948717948,0.1818095238095238,0.8501025641025641,0.6726666666666666,0.8714871794871795,0.4272380952380952,0,0.8928717948717948,0.8501025641025641,0.8714871794871795,0.8714871794871795,0,,,86,0.6905317607527924,0.8059991828491097,,,,,,,0.8714871794871795,0.7590326022353714,451,self,0.00033162433826317006,0.27008030786468074
compas,aggregate,judges,fairness_advocates,"{""accuracy"":0.7,""tpr"":0.1,""tnr"":0.1,""local_consistency"":0.1}","{""accuracy"":0.1,""tpr"":0.1,""tnr"":0.1,""local_consistency"":0.7}",7,0.8928717948717948,0.1818095238095238,0.8501025641025641,0.6726666666666666,0.8714871794871795,0.4272380952380952,0,0.8928717948717948,0.8501025641025641,0.8714871794871795,0.8714871794871795,0,,,,,,,,,,,,0.8714871794871795,0.7590326022353714,451,self,0.00033162433826317006,0.27008030786468074
compas,negotiate,judges,fairness_advocates,"{""accuracy"":0.7,""tpr"":0.1,""tnr"":0.1,""local_consistency"":0.1}","{""accuracy"":0.1,""tpr"":0.1,""tnr"":0.1,""local_consistency"":0.7}",7,0.8928717948717948,0.1818095238095238,0.8501025641025641,0.6726666666666666,0.8714871794871795,0.4272380952380952,0,0.8928717948717948,0.8501025641025641,0.8714871794871795,0.8714871794871795,0,0,1,21,0.6902001364145293,0.8890669919386085,86,35,0.6905317607527924,0.00033162433826317006,self,,0.8714871794871795,0.7590326022353714,451,self,0.00033162433826317006,0.27008030786468074
compas,single,judges,defendants,"{""accuracy"":0.7,""tpr"":0.1,""tnr"":0.1,""local_consistency"":0.1}","{""accuracy"":0.1,""tpr"":0.1,""tnr"":0.7,""local_consistency"":0.1}",8,0.17181818181818181,0.8896296296296295,0.7718181818181817,0.2896296296296297,0.4718181818181818,0.5896296296296296,1,0.8896296296296295,0.2896296296296297,0.5896296296296296,0.5896296296296296,0,,,0,0.6450974079285448,0.6732192612373533,,,,,,,0.5896296296296296,0.25766310013717425,388,other,0.014905956105936813,0.3318314841334297
compas,self_optimal,judges,defendants,"{""accuracy"":0.7,""tpr"":0.1,""tnr"":0.1,""local_consistency"":0.1}","{""accuracy"":0.1,""tpr"":0.1,""tnr"":0.7,""local_consistency"":0.1}",8,0.17181818181818181,0.8896296296296295,0.7718181818181817,0.2896296296296297,0.4718181818181818,0.5896296296296296,1,0.8896296296296295,0.2896296296296297,0.5896296296296296,0.5896296296296296,0,,,86,0.6938650940861257,0.7300908100213057,,,,,,,0.5896296296296296,0.25766310013717425,388,other,0.014905956105936813,0.3318314841334297
compas,multi_optimal,judges,defendants,"{""accuracy"":0.7,""tpr"":0.1,""tnr"":0.1,""local_consistency"":0.1}","{""accuracy"":0.1,""tpr"":0.1,""tnr"":0.7,""local_consistency"":0.1}",8,0.17181818181818181,0.8896296296296295,0.7718181818181817,0.2896296296296297,0.4718181818181818,0.5896296296296296,1,0.8896296296296295,0.2896296296296297,0.5896296296296296,0.5896296296296296,0,,,86,0.6938650940861257,0.7300908100213057,,,,,,,0.5896296296296296,0.25766310013717425,388,other,0.014905956105936813,0.3318314841334297
compas,aggregate,judges,defendants,"{""accuracy"":0.7,""tpr"":0.1,""tnr"":0.1,""local_consistency"":0.1}","{""accuracy"":0.1,""tpr"":0.1,""tnr"":0.7,""local_consistency"":0.1}",8,0.17181818181818181,0.8896296296296295,0.7718181818181817,0.2896296296296297,0.4718181818181818,0.5896296296296296,0,0.17181818181818181,0.7718181818181817,0.4718181818181818,0.5896296296296296,0.11781144781144781,,,,,,,,,,,,0.4718181818181818,0.13261239669421485,388,other,0.014905956105936813,0.3318314841334297
compas,negotiate,judges,defendants,"{""accuracy"":0.7,""tpr"":0.1,""tnr"":0.1,""local_consistency"":0.1}","{""accuracy"":0.1,""tpr"":0.1,""tnr"":0.7,""local_consistency"":0.1}",8,0.17181818181818181,0.8896296296296295,0.7718181818181817,0.2896296296296297,0.4718181818181818,0.5896296296296296,0,0.17181818181818181,0.7718181818181817,0.4718181818181818,0.5896296296296296,0.11781144781144781,0,1,53,0.6789591379801889,0.8556330098704189,86,113,0.6938650940861257,0.014905956105936813,other,,0.4718181818181818,0.13261239669421485,388,other,0.014905956105936813,0.3318314841334297
compas,single,judges,defendants,"{""accuracy"":0.7,""tpr"":0.1,""tnr"":0.1,""local_consistency"":0.1}","{""accuracy"":0.1,""tpr"":0.1,""tnr"":0.7,""local_consistency"":0.1}",9,0.1781818181818182,0.8723214285714285,0.7781818181818181,0.2723214285714286,0.47818181818181815,0.5723214285714285,1,0.8723214285714285,0.2723214285714286,0.5723214285714285,0.5723214285714285,0,,,0,0.5984307412618781,0.6265525945706867,,,,,,,0.5723214285714285,0.2375518176020408,471,other,0.010210582129242751,0.3466363147473831
compas,self_optimal,judges,defendants,"{""accuracy"":0.7,""tpr"":0.1,""tnr"":0.1,""local_consistency"":0.1}","{""accuracy"":0.1,""tpr"":0.1,""tnr"":0.7,""local_consistency"":0.1}",9,0.1781818181818182,0.8723214285714285,0.7781818181818181,0.2723214285714286,0.47818181818181815,0.5723214285714285,1,0.8723214285714285,0.2723214285714286,0.5723214285714285,0.5723214285714285,0,,,598,0.6864377219643466,0.8119267597313539,,,,,,,0.5723214285714285,0.2375518176020408,471,other,0.010210582129242751,0.3466363147473831
compas,multi_optimal,judges,defendants,"{""accuracy"":0.7,""tpr"":0.1,""tnr"":0.1,""local_consistency"":0.1}","{""accuracy"":0.1,""tpr"":0.1,""tnr"":0.7,""local_consistency"":0.1}",9,0.1781818181818182,0.8723214285714285,0.7781818181818181,0.2723214285714286,0.47818181818181815,0.5723214285714285,0,0.1781818181818182,0.7781818181818181,0.47818181818181815,0.5723214285714285,0.09413961038961038,,,71,0.6733096199473063,0.8664570495621178,,,,,,,0.47818181818181815,0.13865785123966942,471,other,0.010210582129242751,0.3466363147473831
compas,aggregate,judges,defendants,"{""accuracy"":0.7,""tpr"":0.1,""tnr"":0.1,""local_consistency"":0.1}","{""accuracy"":0.1,""tpr"":0.1,""tnr"":0.7,""local_consistency"":0.1}",9,0.1781818181818182,0.8723214285714285,0.7781818181818181,0.2723214285714286,0.47818181818181815,0.5723214285714285,1,0.8723214285714285,0.2723214285714286,0.5723214285714285,0.5723214285714285,0,,,,,,,,,,,,0.5723214285714285,0.2375518176020408,471,other,0.010210582129242751,0.3466363147473831
compas,negotiate,judges,defendants,"{""accuracy"":0.7,""tpr"":0.1,""tnr"":0.1,""local_consistency"":0.1}","{""accuracy"":0.1,""tpr"":0.1,""tnr"":0.7,""local_consistency"":0.1}",9,0.1781818181818182,0.8723214285714285,0.7781818181818181,0.2723214285714286,0.47818181818181815,0.5723214285714285,0,0.1781818181818182,0.7781818181818181,0.47818181818181815,0.5723214285714285,0.09413961038961038,0,1,77,0.6762271398351039,0.8648312508402995,598,71,0.6864377219643466,0.010210582129242751,other,,0.47818181818181815,0.13865785123966942,471,other,0.010210582129242751,0.3466363147473831
compas,single,judges,community_members,"{""accuracy"":0.7,""tpr"":0.1,""tnr"":0.1,""local_consistency"":0.1}","{""accuracy"":0.1,""tpr"":0.7,""tnr"":0.1,""local_consistency"":0.1}",10,0.8960215053763441,0.1680952380952381,0.2960215053763441,0.768095238095238,0.596021505376344,0.46809523809523806,0,0.8960215053763441,0.2960215053763441,0.596021505376344,0.596021505376344,0,,,0,0.648430741261878,0.606644043739634,,,,,,,0.596021505376344,0.2652416348710834,327,other,0.09336320245493201,0.28730471121634604
compas,self_optimal,judges,community_members,"{""accuracy"":0.7,""tpr"":0.1,""tnr"":0.1,""local_consistency"":0.1}","{""accuracy"":0.1,""tpr"":0.7,""tnr"":0.1,""local_consistency"":0.1}",10,0.8960215053763441,0.1680952380952381,0.2960215053763441,0.768095238095238,0.596021505376344,0.46809523809523806,0,0.8960215053763441,0.2960215053763441,0.596021505376344,0.596021505376344,0,,,86,0.7038650940861257,0.6500367415345557,,,,,,,0.596021505376344,0.2652416348710834,327,other,0.09336320245493201,0.28730471121634604
compas,multi_optimal,judges,community_members,"{""accuracy"":0.7,""tpr"":0.1,""tnr"":0.1,""local_consistency"":0.1}","{""accuracy"":0.1,""tpr"":0.7,""tnr"":0.1,""local_consistency"":0.1}",10,0.8960215053763441,0.1680952380952381,0.2960215053763441,0.768095238095238,0.596021505376344,0.46809523809523806,0,0.8960215053763441,0.2960215053763441,0.596021505376344,0.596021505376344,0,,,86,0.7038650940861257,0.6500367415345557,,,,,,,0.596021505376344,0.2652416348710834,327,other,0.09336320245493201,0.28730471121634604
compas,aggregate,judges,community_members,"{""accuracy"":0.7,""tpr"":0.1,""tnr"":0.1,""local_consistency"":0.1}","{""accuracy"":0.1,""tpr"":0.7,""tnr"":0.1,""local_consistency"":0.1}",10,0.8960215053763441,0.1680952380952381,0.2960215053763441,0.768095238095238,0.596021505376344,0.46809523809523806,0,0.8960215053763441,0.2960215053763441,0.596021505376344,0.596021505376344,0,,,,,,,,,,,,0.596021505376344,0.2652416348710834,327,other,0.09336320245493201,0.28730471121634604
compas,negotiate,judges,community_members,"{""accuracy"":0.7,""tpr"":0.1,""tnr"":0.1,""local_consistency"":0.1}","{""accuracy"":0.1,""tpr"":0.7,""tnr"":0.1,""local_consistency"":0.1}",10,0.8960215053763441,0.1680952380952381,0.2960215053763441,0.768095238095238,0.596021505376344,0.46809523809523806,1,0.1680952380952381,0.768095238095238,0.46809523809523806,0.596021505376344,0.12792626728110595,1,1,26,0.6105018916311937,0.7470537808703112,86,26,0.7038650940861257,0.09336320245493201,other,,0.46809523809523806,0.12911315192743764,327,other,0.09336320245493201,0.28730471121634604
compas,single,judges,fairness_advocates,"{""accuracy"":0.7,""tpr"":0.1,""tnr"":0.1,""local_consistency"":0.1}","{""accuracy"":0.1,""tpr"":0.1,""tnr"":0.1,""local_consistency"":0.7}",11,0.8911764705882352,0.18552083333333336,0.838235294117647,0.6986458333333333,0.8647058823529411,0.44208333333333333,1,0.18552083333333336,0.6986458333333333,0.44208333333333333,0.8647058823529411,0.4226225490196078,,,0,0.6150974079285447,0.6479585977302442,,,,,,,0.44208333333333333,0.1296133572048611,453,self,0.00033162433826317006,0.2598403785181191
compas,self_optimal,judges,fairness_advocates,"{""accuracy"":0.7,""tpr"":0.1,""tnr"":0.1,""local_consistency"":0.1}","{""accuracy"":0.1,""tpr"":0.1,""tnr"":0.1,""local_consistency"":0.7}",11,0.8911764705882352,0.18552083333333336,0.838235294117647,0.6986458333333333,0.8647058823529411,0.44208333333333333,0,0.8911764705882352,0.838235294117647,0.8647058823529411,0.8647058823529411,0,,,86,0.6905317607527924,0.8059991828491097,,,,,,,0.8647058823529411,0.747015570934256,453,self,0.00033162433826317006,0.2598403785181191
compas,multi_optimal,judges,fairness_advocates,"{""accuracy"":0.7,""tpr"":0.1,""tnr"":0.1,""local_consistency"":0.1}","{""accuracy"":0.1,""tpr"":0.1,""tnr"":0.1,""local_consistency"":0.7}",11,0.8911764705882352,0.18552083333333336,0.838235294117647,0.6986458333333333,0.8647058823529411,0.44208333333333333,0,0.8911764705882352,0.838235294117647,0.8647058823529411,0.8647058823529411,0,,,86,0.6905317607527924,0.8059991828491097,,,,,,,0.8647058823529411,0.747015570934256,453,self,0.00033162433826317006,0.2598403785181191
compas,aggregate,judges,fairness_advocates,"{""accuracy"":0.7,""tpr"":0.1,""tnr"":0.1,""local_consistency"":0.1}","{""accuracy"":0.1,""tpr"":0.1,""tnr"":0.1,""local_consistency"":0.7}",11,0.8911764705882352,0.18552083333333336,0.838235294117647,0.6986458333333333,0.8647058823529411,0.44208333333333333,0,0.8911764705882352,0.838235294117647,0.8647058823529411,0.8647058823529411,0,,,,,,,,,,,,0.8647058823529411,0.747015570934256,453,self,0.00033162433826317006,0.2598403785181191
compas,negotiate,judges,fairness_advocates,"{""accuracy"":0.7,""tpr"":0.1,""tnr"":0.1,""local_consistency"":0.1}","{""accuracy"":0.1,""tpr"":0.1,""tnr"":0.1,""local_consistency"":0.7}",11,0.8911764705882352,0.18552083333333336,0.838235294117647,0.6986458333333333,0.8647058823529411,0.44208333333333333,0,0.8911764705882352,0.838235294117647,0.8647058823529411,0.8647058823529411,0,0,1,21,0.6902001364145293,0.8890669919386085,86,35,0.6905317607527924,0.00033162433826317006,self,,0.8647058823529411,0.747015570934256,453,self,0.00033162433826317006,0.2598403785181191
compas,single,judges,defendants,"{""accuracy"":0.7,""tpr"":0.1,""tnr"":0.1,""local_consistency"":0.1}","{""accuracy"":0.1,""tpr"":0.1,""tnr"":0.7,""local_consistency"":0.1}",12,0.1861038961038961,0.8820289855072463,0.7861038961038961,0.2820289855072464,0.4861038961038961,0.5820289855072464,0,0.1861038961038961,0.7861038961038961,0.4861038961038961,0.5820289855072464,0.09592508940335026,,,0,0.6376936248682825,0.8137454839680869,,,,,,,0.4861038961038961,0.14629699780738742,415,other,0.006256585879873655,0.3968717070600631
compas,self_optimal,judges,defendants,"{""accuracy"":0.7,""tpr"":0.1,""tnr"":0.1,""local_consistency"":0.1}","{""accuracy"":0.1,""tpr"":0.1,""tnr"":0.7,""local_consistency"":0.1}",12,0.1861038961038961,0.8820289855072463,0.7861038961038961,0.2820289855072464,0.4861038961038961,0.5820289855072464,1,0.8820289855072463,0.2820289855072464,0.5820289855072464,0.5820289855072464,0,,,139,0.6725149279943802,0.7141979025540669,,,,,,,0.5820289855072464,0.24875773997059442,415,other,0.006256585879873655,0.3968717070600631
compas,multi_optimal,judges,defendants,"{""accuracy"":0.7,""tpr"":0.1,""tnr"":0.1,""local_consistency"":0.1}","{""accuracy"":0.1,""tpr"":0.1,""tnr"":0.7,""local_consistency"":0.1}",12,0.1861038961038961,0.8820289855072463,0.7861038961038961,0.2820289855072464,0.4861038961038961,0.5820289855072464,0,0.1861038961038961,0.7861038961038961,0.4861038961038961,0.5820289855072464,0.09592508940335026,,,149,0.6529166666666667,0.8618452380952382,,,,,,,0.4861038961038961,0.14629699780738742,415,other,0.006256585879873655,0.3968717070600631
compas,aggregate,judges,defendants,"{""accuracy"":0.7,""tpr"":0.1,""tnr"":0.1,""local_consistency"":0.1}","{""accuracy"":0.1,""tpr"":0.1,""tnr"":0.7,""local_consistency"":0.1}",12,0.1861038961038961,0.8820289855072463,0.7861038961038961,0.2820289855072464,0.4861038961038961,0.5820289855072464,1,0.8820289855072463,0.2820289855072464,0.5820289855072464,0.5820289855072464,0,,,,,,,,,,,,0.5820289855072464,0.24875773997059442,415,other,0.006256585879873655,0.3968717070600631
compas,negotiate,judges,defendants,"{""accuracy"":0.7,""tpr"":0.1,""tnr"":0.1,""local_consistency"":0.1}","{""accuracy"":0.1,""tpr"":0.1,""tnr"":0.7,""local_consistency"":0.1}",12,0.1861038961038961,0.8820289855072463,0.7861038961038961,0.2820289855072464,0.4861038961038961,0.5820289855072464,0,0.1861038961038961,0.7861038961038961,0.4861038961038961,0.5820289855072464,0.09592508940335026,0,1,56,0.6662583421145065,0.8616105926037433,139,149,0.6725149279943802,0.006256585879873655,other,,0.4861038961038961,0.14629699780738742,415,other,0.006256585879873655,0.3968717070600631
compas,single,judges,fairness_advocates,"{""accuracy"":0.7,""tpr"":0.1,""tnr"":0.1,""local_consistency"":0.1}","{""accuracy"":0.1,""tpr"":0.1,""tnr"":0.1,""local_consistency"":0.7}",13,0.18934782608695655,0.8724999999999999,0.7254347826086956,0.7075,0.4573913043478261,0.79,0,0.18934782608695655,0.7254347826086956,0.4573913043478261,0.79,0.33260869565217394,,,0,0.6343602915349492,0.6832888629635205,,,,,,,0.4573913043478261,0.13735949905482042,469,self,0.014749297506146841,-0.007374648753073421
compas,self_optimal,judges,fairness_advocates,"{""accuracy"":0.7,""tpr"":0.1,""tnr"":0.1,""local_consistency"":0.1}","{""accuracy"":0.1,""tpr"":0.1,""tnr"":0.1,""local_consistency"":0.7}",13,0.18934782608695655,0.8724999999999999,0.7254347826086956,0.7075,0.4573913043478261,0.79,0,0.18934782608695655,0.7254347826086956,0.4573913043478261,0.79,0.33260869565217394,,,28,0.6829416930101863,0.855798835867329,,,,,,,0.4573913043478261,0.13735949905482042,469,self,0.014749297506146841,-0.007374648753073421
compas,multi_optimal,judges,fairness_advocates,"{""accuracy"":0.7,""tpr"":0.1,""tnr"":0.1,""local_consistency"":0.1}","{""accuracy"":0.1,""tpr"":0.1,""tnr"":0.1,""local_consistency"":0.7}",13,0.18934782608695655,0.8724999999999999,0.7254347826086956,0.7075,0.4573913043478261,0.79,0,0.18934782608695655,0.7254347826086956,0.4573913043478261,0.79,0.33260869565217394,,,28,0.6829416930101863,0.855798835867329,,,,,,,0.4573913043478261,0.13735949905482042,469,self,0.014749297506146841,-0.007374648753073421
compas,aggregate,judges,fairness_advocates,"{""accuracy"":0.7,""tpr"":0.1,""tnr"":0.1,""local_consistency"":0.1}","{""accuracy"":0.1,""tpr"":0.1,""tnr"":0.1,""local_consistency"":0.7}",13,0.18934782608695655,0.8724999999999999,0.7254347826086956,0.7075,0.4573913043478261,0.79,0,0.18934782608695655,0.7254347826086956,0.4573913043478261,0.79,0.33260869565217394,,,,,,,,,,,,0.4573913043478261,0.13735949905482042,469,self,0.014749297506146841,-0.007374648753073421
compas,negotiate,judges,fairness_advocates,"{""accuracy"":0.7,""tpr"":0.1,""tnr"":0.1,""local_consistency"":0.1}","{""accuracy"":0.1,""tpr"":0.1,""tnr"":0.1,""local_consistency"":0.7}",13,0.18934782608695655,0.8724999999999999,0.7254347826086956,0.7075,0.4573913043478261,0.79,0,0.18934782608695655,0.7254347826086956,0.4573913043478261,0.79,0.33260869565217394,0,1,190,0.6681923955040394,0.8771209669326108,28,9,0.6829416930101863,0.014749297506146841,self,,0.4573913043478261,0.13735949905482042,469,self,0.014749297506146841,-0.007374648753073421
compas,single,judges,fairness_advocates,"{""accuracy"":0.7,""tpr"":0.1,""tnr"":0.1,""local_consistency"":0.1}","{""accuracy"":0.1,""tpr"":0.1,""tnr"":0.1,""local_consistency"":0.7}",14,0.8928717948717948,0.1818095238095238,0.8501025641025641,0.6726666666666666,0.8714871794871795,0.4272380952380952,1,0.1818095238095238,0.6726666666666666,0.4272380952380952,0.8714871794871795,0.44424908424908427,,,0,0.6150974079285447,0.6479585977302442,,,,,,,0.4272380952380952,0.12229720634920635,450,self,0.00033162433826317006,0.27008030786468074
compas,self_optimal,judges,fairness_advocates,"{""accuracy"":0.7,""tpr"":0.1,""tnr"":0.1,""local_consistency"":0.1}","{""accuracy"":0.1,""tpr"":0.1,""tnr"":0.1,""local_consistency"":0.7}",14,0.8928717948717948,0.1818095238095238,0.8501025641025641,0.6726666666666666,0.8714871794871795,0.4272380952380952,0,0.8928717948717948,0.8501025641025641,0.8714871794871795,0.8714871794871795,0,,,86,0.6905317607527924,0.8059991828491097,,,,,,,0.8714871794871795,0.7590326022353714,450,self,0.00033162433826317006,0.27008030786468074
compas,multi_optimal,judges,fairness_advocates,"{""accuracy"":0.7,""tpr"":0.1,""tnr"":0.1,""local_consistency"":0.1}","{""accuracy"":0.1,""tpr"":0.1,""tnr"":0.1,""local_consistency"":0.7}",14,0.8928717948717948,0.1818095238095238,0.8501025641025641,0.6726666666666666,0.8714871794871795,0.4272380952380952,0,0.8928717948717948,0.8501025641025641,0.8714871794871795,0.8714871794871795,0,,,86,0.6905317607527924,0.8059991828491097,,,,,,,0.8714871794871795,0.7590326022353714,450,self,0.00033162433826317006,0.27008030786468074
compas,aggregate,judges,fairness_advocates,"{""accuracy"":0.7,""tpr"":0.1,""tnr"":0.1,""local_consistency"":0.1}","{""accuracy"":0.1,""tpr"":0.1,""tnr"":0.1,""local_consistency"":0.7}",14,0.8928717948717948,0.1818095238095238,0.8501025641025641,0.6726666666666666,0.8714871794871795,0.4272380952380952,0,0.8928717948717948,0.8501025641025641,0.8714871794871795,0.8714871794871795,0,,,,,,,,,,,,0.8714871794871795,0.7590326022353714,450,self,0.00033162433826317006,0.27008030786468074
compas,negotiate,judges,fairness_advocates,"{""accuracy"":0.7,""tpr"":0.1,""tnr"":0.1,""local_consistency"":0.1}","{""accuracy"":0.1,""tpr"":0.1,""tnr"":0.1,""local_consistency"":0.7}",14,0.8928717948717948,0.1818095238095238,0.8501025641025641,0.6726666666666666,0.8714871794871795,0.4272380952380952,0,0.8928717948717948,0.8501025641025641,0.8714871794871795,0.8714871794871795,0,0,1,21,0.6902001364145293,0.8890669919386085,86,35,0.6905317607527924,0.00033162433826317006,self,,0.8714871794871795,0.7590326022353714,450,self,0.00033162433826317006,0.27008030786468074
compas,single,judges,fairness_advocates,"{""accuracy"":0.7,""tpr"":0.1,""tnr"":0.1,""local_consistency"":0.1}","{""accuracy"":0.1,""tpr"":0.1,""tnr"":0.1,""local_consistency"":0.7}",15,0.8898467432950191,0.16717948717948716,0.828927203065134,0.5702564102564102,0.8593869731800765,0.36871794871794866,0,0.8898467432950191,0.828927203065134,0.8593869731800765,0.8593869731800765,0,,,0,0.6310269582016159,0.6599555296301871,,,,,,,0.8593869731800765,0.7376181720761585,466,self,0.011415964172813542,-0.005707982086406771
compas,self_optimal,judges,fairness_advocates,"{""accuracy"":0.7,""tpr"":0.1,""tnr"":0.1,""local_consistency"":0.1}","{""accuracy"":0.1,""tpr"":0.1,""tnr"":0.1,""local_consistency"":0.7}",15,0.8898467432950191,0.16717948717948716,0.828927203065134,0.5702564102564102,0.8593869731800765,0.36871794871794866,0,0.8898467432950191,0.828927203065134,0.8593869731800765,0.8593869731800765,0,,,28,0.679608359676853,0.8324655025339956,,,,,,,0.8593869731800765,0.7376181720761585,466,self,0.011415964172813542,-0.005707982086406771
compas,multi_optimal,judges,fairness_advocates,"{""accuracy"":0.7,""tpr"":0.1,""tnr"":0.1,""local_consistency"":0.1}","{""accuracy"":0.1,""tpr"":0.1,""tnr"":0.1,""local_consistency"":0.7}",15,0.8898467432950191,0.16717948717948716,0.828927203065134,0.5702564102564102,0.8593869731800765,0.36871794871794866,0,0.8898467432950191,0.828927203065134,0.8593869731800765,0.8593869731800765,0,,,28,0.679608359676853,0.8324655025339956,,,,,,,0.8593869731800765,0.7376181720761585,466,self,0.011415964172813542,-0.005707982086406771
compas,aggregate,judges,fairness_advocates,"{""accuracy"":0.7,""tpr"":0.1,""tnr"":0.1,""local_consistency"":0.1}","{""accuracy"":0.1,""tpr"":0.1,""tnr"":0.1,""local_consistency"":0.7}",15,0.8898467432950191,0.16717948717948716,0.828927203065134,0.5702564102564102,0.8593869731800765,0.36871794871794866,0,0.8898467432950191,0.828927203065134,0.8593869731800765,0.8593869731800765,0,,,,,,,,,,,,0.8593869731800765,0.7376181720761585,466,self,0.011415964172813542,-0.005707982086406771
compas,negotiate,judges,fairness_advocates,"{""accuracy"":0.7,""tpr"":0.1,""tnr"":0.1,""local_consistency"":0.1}","{""accuracy"":0.1,""tpr"":0.1,""tnr"":0.1,""local_consistency"":0.7}",15,0.8898467432950191,0.16717948717948716,0.828927203065134,0.5702564102564102,0.8593869731800765,0.36871794871794866,0,0.8898467432950191,0.828927203065134,0.8593869731800765,0.8593869731800765,0,0,1,190,0.6681923955040394,0.8771209669326108,28,9,0.679608359676853,0.011415964172813542,self,,0.8593869731800765,0.7376181720761585,466,self,0.011415964172813542,-0.005707982086406771
compas,single,judges,defendants,"{""accuracy"":0.7,""tpr"":0.1,""tnr"":0.1,""local_consistency"":0.1}","{""accuracy"":0.1,""tpr"":0.1,""tnr"":0.7,""local_consistency"":0.1}",16,0.17406060606060608,0.890074074074074,0.774060606060606,0.2900740740740741,0.47406060606060607,0.5900740740740741,1,0.890074074074074,0.2900740740740741,0.5900740740740741,0.5900740740740741,0,,,0,0.648430741261878,0.6765525945706866,,,,,,,0.5900740740740741,0.25818741289437586,379,other,0.014905956105936924,0.3326801662747078
compas,self_optimal,judges,defendants,"{""accuracy"":0.7,""tpr"":0.1,""tnr"":0.1,""local_consistency"":0.1}","{""accuracy"":0.1,""tpr"":0.1,""tnr"":0.7,""local_consistency"":0.1}",16,0.17406060606060608,0.890074074074074,0.774060606060606,0.2900740740740741,0.47406060606060607,0.5900740740740741,1,0.890074074074074,0.2900740740740741,0.5900740740740741,0.5900740740740741,0,,,86,0.6971984274194591,0.733424143354639,,,,,,,0.5900740740740741,0.25818741289437586,379,other,0.014905956105936924,0.3326801662747078
compas,multi_optimal,judges,defendants,"{""accuracy"":0.7,""tpr"":0.1,""tnr"":0.1,""local_consistency"":0.1}","{""accuracy"":0.1,""tpr"":0.1,""tnr"":0.7,""local_consistency"":0.1}",16,0.17406060606060608,0.890074074074074,0.774060606060606,0.2900740740740741,0.47406060606060607,0.5900740740740741,1,0.890074074074074,0.2900740740740741,0.5900740740740741,0.5900740740740741,0,,,86,0.6971984274194591,0.733424143354639,,,,,,,0.5900740740740741,0.25818741289437586,379,other,0.014905956105936924,0.3326801662747078
compas,aggregate,judges,defendants,"{""accuracy"":0.7,""tpr"":0.1,""tnr"":0.1,""local_consistency"":0.1}","{""accuracy"":0.1,""tpr"":0.1,""tnr"":0.7,""local_consistency"":0.1}",16,0.17406060606060608,0.890074074074074,0.774060606060606,0.2900740740740741,0.47406060606060607,0.5900740740740741,0,0.17406060606060608,0.774060606060606,0.47406060606060607,0.5900740740740741,0.11601346801346801,,,,,,,,,,,,0.47406060606060607,0.13473345821854912,379,other,0.014905956105936924,0.3326801662747078
compas,negotiate,judges,defendants,"{""accuracy"":0.7,""tpr"":0.1,""tnr"":0.1,""local_consistency"":0.1}","{""accuracy"":0.1,""tpr"":0.1,""tnr"":0.7,""local_consistency"":0.1}",16,0.17406060606060608,0.890074074074074,0.774060606060606,0.2900740740740741,0.47406060606060607,0.5900740740740741,0,0.17406060606060608,0.774060606060606,0.47406060606060607,0.5900740740740741,0.11601346801346801,0,1,53,0.6822924713135222,0.8589663432037522,86,113,0.6971984274194591,0.014905956105936924,other,,0.47406060606060607,0.13473345821854912,379,other,0.014905956105936924,0.3326801662747078
compas,single,judges,defendants,"{""accuracy"":0.7,""tpr"":0.1,""tnr"":0.1,""local_consistency"":0.1}","{""accuracy"":0.1,""tpr"":0.1,""tnr"":0.7,""local_consistency"":0.1}",17,0.18243781094527364,0.8778787878787878,0.7824378109452736,0.2778787878787879,0.48243781094527366,0.5778787878787879,0,0.18243781094527364,0.7824378109452736,0.48243781094527366,0.5778787878787879,0.09544097693351422,,,0,0.6429645192969755,0.5934224279222149,,,,,,,0.48243781094527366,0.1427462414296676,160,other,0.018387869267009527,0.3908060653664952
compas,self_optimal,judges,defendants,"{""accuracy"":0.7,""tpr"":0.1,""tnr"":0.1,""local_consistency"":0.1}","{""accuracy"":0.1,""tpr"":0.1,""tnr"":0.7,""local_consistency"":0.1}",17,0.18243781094527364,0.8778787878787878,0.7824378109452736,0.2778787878787879,0.48243781094527366,0.5778787878787879,1,0.8778787878787878,0.2778787878787879,0.5778787878787879,0.5778787878787879,0,,,7,0.6924860739785543,0.5813876106888559,,,,,,,0.5778787878787879,0.2439438934802571,160,other,0.018387869267009527,0.3908060653664952
compas,multi_optimal,judges,defendants,"{""accuracy"":0.7,""tpr"":0.1,""tnr"":0.1,""local_consistency"":0.1}","{""accuracy"":0.1,""tpr"":0.1,""tnr"":0.7,""local_consistency"":0.1}",17,0.18243781094527364,0.8778787878787878,0.7824378109452736,0.2778787878787879,0.48243781094527366,0.5778787878787879,1,0.8778787878787878,0.2778787878787879,0.5778787878787879,0.5778787878787879,0,,,7,0.6924860739785543,0.5813876106888559,,,,,,,0.5778787878787879,0.2439438934802571,160,other,0.018387869267009527,0.3908060653664952
compas,aggregate,judges,defendants,"{""accuracy"":0.7,""tpr"":0.1,""tnr"":0.1,""local_consistency"":0.1}","{""accuracy"":0.1,""tpr"":0.1,""tnr"":0.7,""local_consistency"":0.1}",17,0.18243781094527364,0.8778787878787878,0.7824378109452736,0.2778787878787879,0.48243781094527366,0.5778787878787879,1,0.8778787878787878,0.2778787878787879,0.5778787878787879,0.5778787878787879,0,,,,,,,,,,,,0.5778787878787879,0.2439438934802571,160,other,0.018387869267009527,0.3908060653664952
compas,negotiate,judges,defendants,"{""accuracy"":0.7,""tpr"":0.1,""tnr"":0.1,""local_consistency"":0.1}","{""accuracy"":0.1,""tpr"":0.1,""tnr"":0.7,""local_consistency"":0.1}",17,0.18243781094527364,0.8778787878787878,0.7824378109452736,0.2778787878787879,0.48243781094527366,0.5778787878787879,0,0.18243781094527364,0.7824378109452736,0.48243781094527366,0.5778787878787879,0.09544097693351422,0,1,3,0.6740982047115448,0.7629531744430086,7,79,0.6924860739785543,0.018387869267009527,other,,0.48243781094527366,0.1427462414296676,160,other,0.018387869267009527,0.3908060653664952
compas,single,judges,defendants,"{""accuracy"":0.7,""tpr"":0.1,""tnr"":0.1,""local_consistency"":0.1}","{""accuracy"":0.1,""tpr"":0.1,""tnr"":0.7,""local_consistency"":0.1}",18,0.1627891156462585,0.8955555555555554,0.7627891156462585,0.29555555555555557,0.4627891156462585,0.5955555555555555,1,0.8955555555555554,0.29555555555555557,0.5955555555555555,0.5955555555555555,0,,,0,0.6450974079285448,0.6732192612373533,,,,,,,0.5955555555555555,0.2646864197530864,403,other,0.024905956105936822,0.31922724842159717
compas,self_optimal,judges,defendants,"{""accuracy"":0.7,""tpr"":0.1,""tnr"":0.1,""local_consistency"":0.1}","{""accuracy"":0.1,""tpr"":0.1,""tnr"":0.7,""local_consistency"":0.1}",18,0.1627891156462585,0.8955555555555554,0.7627891156462585,0.29555555555555557,0.4627891156462585,0.5955555555555555,1,0.8955555555555554,0.29555555555555557,0.5955555555555555,0.5955555555555555,0,,,86,0.7005317607527924,0.7367574766879723,,,,,,,0.5955555555555555,0.2646864197530864,403,other,0.024905956105936822,0.31922724842159717
compas,multi_optimal,judges,defendants,"{""accuracy"":0.7,""tpr"":0.1,""tnr"":0.1,""local_consistency"":0.1}","{""accuracy"":0.1,""tpr"":0.1,""tnr"":0.7,""local_consistency"":0.1}",18,0.1627891156462585,0.8955555555555554,0.7627891156462585,0.29555555555555557,0.4627891156462585,0.5955555555555555,1,0.8955555555555554,0.29555555555555557,0.5955555555555555,0.5955555555555555,0,,,86,0.7005317607527924,0.7367574766879723,,,,,,,0.5955555555555555,0.2646864197530864,403,other,0.024905956105936822,0.31922724842159717
compas,aggregate,judges,defendants,"{""accuracy"":0.7,""tpr"":0.1,""tnr"":0.1,""local_consistency"":0.1}","{""accuracy"":0.1,""tpr"":0.1,""tnr"":0.7,""local_consistency"":0.1}",18,0.1627891156462585,0.8955555555555554,0.7627891156462585,0.29555555555555557,0.4627891156462585,0.5955555555555555,1,0.8955555555555554,0.29555555555555557,0.5955555555555555,0.5955555555555555,0,,,,,,,,,,,,0.5955555555555555,0.2646864197530864,403,other,0.024905956105936822,0.31922724842159717
compas,negotiate,judges,defendants,"{""accuracy"":0.7,""tpr"":0.1,""tnr"":0.1,""local_consistency"":0.1}","{""accuracy"":0.1,""tpr"":0.1,""tnr"":0.7,""local_consistency"":0.1}",18,0.1627891156462585,0.8955555555555554,0.7627891156462585,0.29555555555555557,0.4627891156462585,0.5955555555555555,0,0.1627891156462585,0.7627891156462585,0.4627891156462585,0.5955555555555555,0.13276643990929698,0,1,53,0.6756258046468556,0.8522996765370856,86,113,0.7005317607527924,0.024905956105936822,other,,0.4627891156462585,0.12417376556064602,403,other,0.024905956105936822,0.31922724842159717
compas,single,judges,defendants,"{""accuracy"":0.7,""tpr"":0.1,""tnr"":0.1,""local_consistency"":0.1}","{""accuracy"":0.1,""tpr"":0.1,""tnr"":0.7,""local_consistency"":0.1}",19,0.17406060606060608,0.890074074074074,0.774060606060606,0.2900740740740741,0.47406060606060607,0.5900740740740741,1,0.890074074074074,0.2900740740740741,0.5900740740740741,0.5900740740740741,0,,,0,0.648430741261878,0.6765525945706866,,,,,,,0.5900740740740741,0.25818741289437586,380,other,0.014905956105936924,0.3326801662747078
compas,self_optimal,judges,defendants,"{""accuracy"":0.7,""tpr"":0.1,""tnr"":0.1,""local_consistency"":0.1}","{""accuracy"":0.1,""tpr"":0.1,""tnr"":0.7,""local_consistency"":0.1}",19,0.17406060606060608,0.890074074074074,0.774060606060606,0.2900740740740741,0.47406060606060607,0.5900740740740741,1,0.890074074074074,0.2900740740740741,0.5900740740740741,0.5900740740740741,0,,,86,0.6971984274194591,0.733424143354639,,,,,,,0.5900740740740741,0.25818741289437586,380,other,0.014905956105936924,0.3326801662747078
compas,multi_optimal,judges,defendants,"{""accuracy"":0.7,""tpr"":0.1,""tnr"":0.1,""local_consistency"":0.1}","{""accuracy"":0.1,""tpr"":0.1,""tnr"":0.7,""local_consistency"":0.1}",19,0.17406060606060608,0.890074074074074,0.774060606060606,0.2900740740740741,0.47406060606060607,0.5900740740740741,1,0.890074074074074,0.2900740740740741,0.5900740740740741,0.5900740740740741,0,,,86,0.6971984274194591,0.733424143354639,,,,,,,0.5900740740740741,0.25818741289437586,380,other,0.014905956105936924,0.3326801662747078
compas,aggregate,judges,defendants,"{""accuracy"":0.7,""tpr"":0.1,""tnr"":0.1,""local_consistency"":0.1}","{""accuracy"":0.1,""tpr"":0.1,""tnr"":0.7,""local_consistency"":0.1}",19,0.17406060606060608,0.890074074074074,0.774060606060606,0.2900740740740741,0.47406060606060607,0.5900740740740741,0,0.17406060606060608,0.774060606060606,0.47406060606060607,0.5900740740740741,0.11601346801346801,,,,,,,,,,,,0.47406060606060607,0.13473345821854912,380,other,0.014905956105936924,0.3326801662747078
compas,negotiate,judges,defendants,"{""accuracy"":0.7,""tpr"":0.1,""tnr"":0.1,""local_consistency"":0.1}","{""accuracy"":0.1,""tpr"":0.1,""tnr"":0.7,""local_consistency"":0.1}",19,0.17406060606060608,0.890074074074074,0.774060606060606,0.2900740740740741,0.47406060606060607,0.5900740740740741,0,0.17406060606060608,0.774060606060606,0.47406060606060607,0.5900740740740741,0.11601346801346801,0,1,53,0.6822924713135222,0.8589663432037522,86,113,0.6971984274194591,0.014905956105936924,other,,0.47406060606060607,0.13473345821854912,380,other,0.014905956105936924,0.3326801662747078
